x,y,temperature,percent_im,geometry,distance,lon,lat,miles
-122.14612152542374,37.395910282485865,54.928190736663964,0.83,"c(-122.146121525424, 37.3959102824859)",4331.4995083341955,-122.125982,37.4314785,2.69204444271858
-122.1442820621469,37.395910282485865,55.51503524702639,0.91,"c(-122.144282062147, 37.3959102824859)",4267.0533433028595,-122.125982,37.4314785,2.6519908908035172
-122.14244259887006,37.395910282485865,55.62794043331451,0.83,"c(-122.14244259887, 37.3959102824859)",4207.92535044968,-122.125982,37.4314785,2.6152426043814048
-122.14060313559322,37.395910282485865,55.5744090777589,0.1,"c(-122.140603135593, 37.3959102824859)",4154.342613699197,-122.125982,37.4314785,2.5819407170287114
-122.1498004519774,37.39745223163841,54.89314272550473,0.01,"c(-122.149800451977, 37.3974522316384)",4325.200652102173,-122.125982,37.4314785,2.688129678124408
-122.14796098870056,37.39745223163841,55.29684373049895,0.01,"c(-122.147960988701, 37.3974522316384)",4248.194899163981,-122.125982,37.4314785,2.6402702915873095
-122.14612152542374,37.39745223163841,55.883688240861375,0.83,"c(-122.146121525424, 37.3974522316384)",4176.1218026883835,-122.125982,37.4314785,2.5954765709685415
-122.1442820621469,37.39745223163841,56.56746904773172,0.83,"c(-122.144282062147, 37.3974522316384)",4109.240916517509,-122.125982,37.4314785,2.553909830029527
-122.14244259887006,37.39745223163841,56.467120062843605,0.83,"c(-122.14244259887, 37.3974522316384)",4047.8096174089605,-122.125982,37.4314785,2.5157300294648604
-122.14060313559322,37.39745223163841,56.43474704475375,0.83,"c(-122.140603135593, 37.3974522316384)",3992.079492883953,-122.125982,37.4314785,2.4810935319353344
-122.13876367231639,37.39745223163841,56.240544929554744,0.83,"c(-122.138763672316, 37.3974522316384)",3942.2923339451886,-122.125982,37.4314785,2.4501506115259097
-122.13692420903955,37.39745223163841,55.88837468696147,0.47,"c(-122.13692420904, 37.3974522316384)",3898.6758271612034,-122.125982,37.4314785,2.4230427763587343
-122.15163991525424,37.39899418079095,55.08084879470971,0.01,"c(-122.151639915254, 37.398994180791)",4261.130521094502,-122.125982,37.4314785,2.648309832874147
-122.1498004519774,37.39899418079095,55.66549672432666,0.01,"c(-122.149800451977, 37.398994180791)",4176.603041346344,-122.125982,37.4314785,2.5957756627385606
-122.14796098870056,37.39899418079095,56.25234123469636,0.01,"c(-122.147960988701, 37.398994180791)",4096.806770447248,-122.125982,37.4314785,2.5461819580156915
-122.14612152542374,37.39899418079095,56.839185745058785,0.83,"c(-122.146121525424, 37.398994180791)",4022.023317469167,-122.125982,37.4314785,2.4997037398813964
-122.1442820621469,37.39899418079095,57.682447469102044,0.83,"c(-122.144282062147, 37.398994180791)",3952.5372257372,-122.125982,37.4314785,2.4565178531617153
-122.14244259887006,37.39899418079095,57.65251444137539,0.83,"c(-122.14244259887, 37.398994180791)",3888.6324817765235,-122.125982,37.4314785,2.4168007966292873
-122.14060313559322,37.39899418079095,56.86612090129347,0.83,"c(-122.140603135593, 37.398994180791)",3830.5884324643935,-122.125982,37.4314785,2.3807261854968265
-122.13876367231639,37.39899418079095,56.69544551918443,0.83,"c(-122.138763672316, 37.398994180791)",3778.6751650286387,-122.125982,37.4314785,2.348461880067519
-122.13692420903955,37.39899418079095,56.15708929257198,0.83,"c(-122.13692420904, 37.398994180791)",3733.1484527277626,-122.125982,37.4314785,2.3201668444547936
-122.13508474576273,37.39899418079095,56.686673617085034,0.8,"c(-122.135084745763, 37.398994180791)",3694.244420847526,-122.125982,37.4314785,2.295987831477642
-122.13324528248589,37.39899418079095,56.356276073420304,0.47,"c(-122.133245282486, 37.398994180791)",3662.1741377892627,-122.125982,37.4314785,2.2760560210001635
-122.15163991525424,37.4005361299435,56.03414971816164,0.01,"c(-122.151639915254, 37.4005361299435)",4117.334570585069,-122.125982,37.4314785,2.558940068729067
-122.1498004519774,37.4005361299435,56.62099422852407,0.01,"c(-122.149800451977, 37.4005361299435)",4029.7938197287053,-122.125982,37.4314785,2.50453313842679
-122.14796098870056,37.4005361299435,57.20783873889377,0.01,"c(-122.147960988701, 37.4005361299435)",3947.0323672753416,-122.125982,37.4314785,2.4530965613892737
-122.14612152542374,37.4005361299435,57.794683249256195,0.83,"c(-122.146121525424, 37.4005361299435)",3869.3568978270896,-122.125982,37.4314785,2.4048209433356678
-122.1442820621469,37.4005361299435,58.11570002130611,0.83,"c(-122.144282062147, 37.4005361299435)",3797.0795505342726,-122.125982,37.4314785,2.3599002800088704
-122.14244259887006,37.4005361299435,57.80449741830671,0.83,"c(-122.14244259887, 37.4005361299435)",3730.514098553312,-122.125982,37.4314785,2.318529582693171
-122.14060313559322,37.4005361299435,56.974311951758864,0.83,"c(-122.140603135593, 37.4005361299435)",3669.97135986231,-122.125982,37.4314785,2.2809020260175945
-122.13876367231639,37.4005361299435,56.295599586563185,0.8,"c(-122.138763672316, 37.4005361299435)",3615.753882852938,-122.125982,37.4314785,2.2472056450297937
-122.13692420903955,37.4005361299435,56.171214881613196,0.91,"c(-122.13692420904, 37.4005361299435)",3568.150013261146,-122.125982,37.4314785,2.2176196477695127
-122.13508474576273,37.4005361299435,56.58061108359834,0.2,"c(-122.135084745763, 37.4005361299435)",3527.4275201117903,-122.125982,37.4314785,2.192310453767427
-122.13324528248589,37.4005361299435,57.02938016476401,0.67,"c(-122.133245282486, 37.4005361299435)",3493.8270304896573,-122.125982,37.4314785,2.1714276137288113
-122.13140581920905,37.4005361299435,56.80093394457981,0.47,"c(-122.131405819209, 37.4005361299435)",3467.5555864696726,-122.125982,37.4314785,2.155099805139635
-122.12956635593221,37.4005361299435,56.82417745987914,0.02,"c(-122.129566355932, 37.4005361299435)",3448.7806814210253,-122.125982,37.4314785,2.143431125805485
-122.15163991525424,37.402078079096036,56.989647222355416,0.01,"c(-122.151639915254, 37.402078079096)",3975.7046721996944,-122.125982,37.4314785,2.470916514729456
-122.1498004519774,37.402078079096036,57.57649173271784,0.01,"c(-122.149800451977, 37.402078079096)",3884.9757425890202,-122.125982,37.4314785,2.414528118451846
-122.14796098870056,37.402078079096036,58.16333624308754,0.83,"c(-122.147960988701, 37.402078079096)",3799.0625592380966,-122.125982,37.4314785,2.3611327279292085
-122.14612152542374,37.402078079096036,58.37584997738213,0.83,"c(-122.146121525424, 37.402078079096)",3718.2989479484113,-122.125982,37.4314785,2.3109378172457498
-122.1442820621469,37.402078079096036,57.88355144840898,0.83,"c(-122.144282062147, 37.402078079096)",3643.0274131085935,-122.125982,37.4314785,2.2641562542626437
-122.14244259887006,37.402078079096036,57.0458420030991,0.83,"c(-122.14244259887, 37.402078079096)",3573.5950145821066,-122.125982,37.4314785,2.221003738087077
-122.14060313559322,37.402078079096036,56.434109880558026,0.8,"c(-122.140603135593, 37.402078079096)",3510.3482524209253,-122.125982,37.4314785,2.1816956199011344
-122.13876367231639,37.402078079096036,56.30972517560622,0.83,"c(-122.138763672316, 37.402078079096)",3453.62697868659,-122.125982,37.4314785,2.14644311913399
-122.13692420903955,37.402078079096036,56.18534047065623,0.91,"c(-122.13692420904, 37.402078079096)",3403.757437347942,-122.125982,37.4314785,2.115448997730231
-122.13508474576273,37.402078079096036,56.470447914267424,0,"c(-122.135084745763, 37.402078079096)",3361.044630258521,-122.125982,37.4314785,2.088902815573972
-122.13324528248589,37.402078079096036,57.00467140904948,0.67,"c(-122.133245282486, 37.402078079096)",3325.764310781087,-122.125982,37.4314785,2.0669759544941497
-122.13140581920905,37.402078079096036,56.79369970477819,0.47,"c(-122.131405819209, 37.402078079096)",3298.1550032148384,-122.125982,37.4314785,2.049816658306301
-122.12956635593221,37.402078079096036,56.975194226901294,0.47,"c(-122.129566355932, 37.402078079096)",3278.4105187970076,-122.125982,37.4314785,2.0375453814773197
-122.12772689265537,37.402078079096036,57.08053543699134,0.47,"c(-122.127726892655, 37.402078079096)",3266.6734707481105,-122.125982,37.4314785,2.030250758699882
-122.12588742937854,37.402078079096036,57.29207884633797,0.67,"c(-122.125887429379, 37.402078079096)",3263.0302679345064,-122.125982,37.4314785,2.0279864934335032
-122.15163991525424,37.40362002824858,57.945144726556464,0.01,"c(-122.151639915254, 37.4036200282486)",3836.480729393104,-122.125982,37.4314785,2.384388271841581
-122.1498004519774,37.40362002824858,58.241793086463986,0.01,"c(-122.149800451977, 37.4036200282486)",3742.3799758779605,-122.125982,37.4314785,2.3259042733859294
-122.14796098870056,37.40362002824858,58.20357995732775,0.83,"c(-122.147960988701, 37.4036200282486)",3653.1166450565793,-122.125982,37.4314785,2.2704267526765562
-122.14612152542374,37.40362002824858,57.19490870146001,0.83,"c(-122.146121525424, 37.4036200282486)",3569.0537125214064,-122.125982,37.4314785,2.2181813005105075
-122.1442820621469,37.40362002824858,57.11737205443933,0.8,"c(-122.144282062147, 37.4036200282486)",3490.566920357097,-122.125982,37.4314785,2.1694014421113095
-122.14244259887006,37.40362002824858,56.57262017454923,0.83,"c(-122.14244259887, 37.4036200282486)",3418.040416743536,-122.125982,37.4314785,2.1243259271246338
-122.14060313559322,37.40362002824858,56.44823546959924,0.83,"c(-122.140603135593, 37.4036200282486)",3351.8611245188363,-122.125982,37.4314785,2.0831952296574494
-122.13876367231639,37.40362002824858,56.32385076464743,0.83,"c(-122.138763672316, 37.4036200282486)",3292.4118133005622,-122.125982,37.4314785,2.046247242573376
-122.13692420903955,37.40362002824858,56.19946605969744,0.83,"c(-122.13692420904, 37.4036200282486)",3240.0629533315973,-122.125982,37.4314785,2.0137122146249826
-122.13508474576273,37.40362002824858,56.35429046468198,0.67,"c(-122.135084745763, 37.4036200282486)",3195.163560406942,-122.125982,37.4314785,1.9858070605388078
-122.13324528248589,37.40362002824858,56.89532939225319,0.67,"c(-122.133245282486, 37.4036200282486)",3158.031389502452,-122.125982,37.4314785,1.962729266316005
-122.13140581920905,37.40362002824858,56.78646546497657,0.47,"c(-122.131405819209, 37.4036200282486)",3128.9429812043113,-122.125982,37.4314785,1.9446507030480493
-122.12956635593221,37.40362002824858,57.272112133709015,0.47,"c(-122.129566355932, 37.4036200282486)",3108.1241843680514,-122.125982,37.4314785,1.9317117367110326
-122.12772689265537,37.40362002824858,57.90256264224445,0.67,"c(-122.127726892655, 37.4036200282486)",3095.741842373197,-122.125982,37.4314785,1.9240160611393393
-122.12588742937854,37.40362002824858,57.69953442699625,0.47,"c(-122.125887429379, 37.4036200282486)",3091.8973151039677,-122.125982,37.4314785,1.9216266719104833
-122.1240479661017,37.40362002824858,57.567164505926485,0.47,"c(-122.124047966102, 37.4036200282486)",3096.6224023996765,-122.125982,37.4314785,1.9245633327530618
-122.15163991525424,37.40516197740112,58.156622153153876,0.8,"c(-122.151639915254, 37.4051619774011)",3699.9146219654162,-122.1260148,37.4314986,2.2995118843787545
-122.1498004519774,37.40516197740112,57.15010837503587,0.8,"c(-122.149800451977, 37.4051619774011)",3602.2704459155307,-122.125982,37.4314785,2.2388256345031268
-122.14796098870056,37.40516197740112,57.158870781618134,0.83,"c(-122.147960988701, 37.4051619774011)",3509.447140847358,-122.125982,37.4314785,2.181135575417873
-122.14612152542374,37.40516197740112,56.78704146068776,0.83,"c(-122.146121525424, 37.4051619774011)",3421.8583925013977,-122.125982,37.4314785,2.126698814481913
-122.1442820621469,37.40516197740112,56.71113046854407,0.83,"c(-122.144282062147, 37.4051619774011)",3339.9160524649174,-122.125982,37.4314785,2.0757713191205203
-122.14244259887006,37.40516197740112,56.58674576359226,0.83,"c(-122.14244259887, 37.4051619774011)",3264.0453998327016,-122.125982,37.4314785,2.028617402009137
-122.14060313559322,37.40516197740112,56.46236105864227,0.83,"c(-122.140603135593, 37.4051619774011)",3194.6790546938364,-122.125982,37.4314785,1.9855059382808182
-122.13876367231639,37.40516197740112,56.337976353690465,0.83,"c(-122.138763672316, 37.4051619774011)",3132.2491772936937,-122.125982,37.4314785,1.946705517273893
-122.13692420903955,37.40516197740112,56.213591648740476,0.67,"c(-122.13692420904, 37.4051619774011)",3077.177978409236,-122.125982,37.4314785,1.9124785446918806
-122.13508474576273,37.40516197740112,56.23813301509654,0.67,"c(-122.135084745763, 37.4051619774011)",3029.8667411414312,-122.125982,37.4314785,1.883074419603127
-122.13324528248589,37.40516197740112,56.669716662421706,0.47,"c(-122.133245282486, 37.4051619774011)",2990.6837652235904,-122.125982,37.4314785,1.858722041779733
-122.13140581920905,37.40516197740112,56.91589531573845,0.47,"c(-122.131405819209, 37.4051619774011)",2959.951866902662,-122.125982,37.4314785,1.8396220428232828
-122.12956635593221,37.40516197740112,57.36219363644341,0.47,"c(-122.129566355932, 37.4051619774011)",2937.936262340435,-122.125982,37.4314785,1.825939255649742
-122.12772689265537,37.40516197740112,57.797924797967426,0.47,"c(-122.127726892655, 37.4051619774011)",2924.8337842011993,-122.125982,37.4314785,1.817796012555127
-122.12588742937854,37.40516197740112,57.90524744732829,0.47,"c(-122.125887429379, 37.4051619774011)",2920.764387159496,-122.125982,37.4314785,1.8152668658542548
-122.1240479661017,37.40516197740112,58.258198706920666,0.47,"c(-122.124047966102, 37.4051619774011)",2925.7657633302297,-122.125982,37.4314785,1.8183752413488066
-122.12220850282488,37.40516197740112,58.25531528278225,0.83,"c(-122.122208502825, 37.4051619774011)",2939.7916175986898,-122.125982,37.4314785,1.8270923664379675
-122.15531884180791,37.40670392655367,58.05238597571224,0.83,"c(-122.155318841808, 37.4067039265537)",3781.744833585274,-122.1260148,37.4314986,2.3503696914762426
-122.15347937853107,37.40670392655367,57.10530804861128,0.83,"c(-122.153479378531, 37.4067039265537)",3671.9663878561582,-122.1260148,37.4314986,2.282141943975238
-122.15163991525424,37.40670392655367,57.11407045519354,0.83,"c(-122.151639915254, 37.4067039265537)",3566.2456412678152,-122.1260148,37.4314986,2.216436072882421
-122.1498004519774,37.40670392655367,57.122832861775805,0.83,"c(-122.149800451977, 37.4067039265537)",3464.948774717626,-122.125982,37.4314785,2.1534796611048015
-122.14796098870056,37.40670392655367,57.13159526835807,0.83,"c(-122.147960988701, 37.4067039265537)",3368.3453520948833,-122.125982,37.4314785,2.093440243688554
-122.14612152542374,37.40670392655367,56.80910061446775,0.83,"c(-122.146121525424, 37.4067039265537)",3276.9892399351147,-122.125982,37.4314785,2.0366620509230047
-122.1442820621469,37.40670392655367,56.69498022175503,0.83,"c(-122.144282062147, 37.4067039265537)",3191.3311038913976,-122.125982,37.4314785,1.9834251733321302
-122.14244259887006,37.40670392655367,56.600871352633476,0.83,"c(-122.14244259887, 37.4067039265537)",3111.841515762499,-122.125982,37.4314785,1.934022073189869
-122.14060313559322,37.40670392655367,56.47648664768349,0.83,"c(-122.140603135593, 37.4067039265537)",3039.004556187136,-122.125982,37.4314785,1.8887536085687608
-122.13876367231639,37.40670392655367,56.35210194273168,0.83,"c(-122.138763672316, 37.4067039265537)",2973.3091724101096,-122.125982,37.4314785,1.847923662156687
-122.13692420903955,37.40670392655367,56.22771723778169,0.67,"c(-122.13692420904, 37.4067039265537)",2915.2382142822134,-122.125982,37.4314785,1.8118323270865218
-122.13508474576273,37.40670392655367,56.13793044441377,0.47,"c(-122.135084745763, 37.4067039265537)",2865.2552986581245,-122.125982,37.4314785,1.7807677431063547
-122.13324528248589,37.40670392655367,56.59050246325205,0.47,"c(-122.133245282486, 37.4067039265537)",2823.7899490333857,-122.125982,37.4314785,1.7549968608038444
-122.13140581920905,37.40670392655367,57.004382297243865,0.47,"c(-122.131405819209, 37.4067039265537)",2791.2217925893315,-122.125982,37.4314785,1.7347556200057996
-122.12956635593221,37.40670392655367,57.40740096058289,0.47,"c(-122.129566355932, 37.4067039265537)",2767.8649143424886,-122.125982,37.4314785,1.7202392258188246
-122.12772689265537,37.40670392655367,57.57592572053545,0.47,"c(-122.127726892655, 37.4067039265537)",2753.9536928181205,-122.125982,37.4314785,1.7115933454432073
-122.12588742937854,37.40670392655367,57.94809820318551,0.2,"c(-122.125887429379, 37.4067039265537)",2749.631497102872,-122.125982,37.4314785,1.7089070833454767
-122.1240479661017,37.40670392655367,58.033655363844446,0.47,"c(-122.124047966102, 37.4067039265537)",2754.943459871167,-122.125982,37.4314785,1.712208489665113
-122.12220850282488,37.40670392655367,58.28167114993994,0.82,"c(-122.122208502825, 37.4067039265537)",2769.834152770692,-122.125982,37.4314785,1.7214631154572355
-122.12036903954804,37.40670392655367,58.335803383241,0.83,"c(-122.120369039548, 37.4067039265537)",2794.1504379905314,-122.125982,37.4314785,1.7365757849537173
-122.1185295762712,37.40670392655367,58.668069689963886,0.47,"c(-122.118529576271, 37.4067039265537)",2827.6491606729046,-122.125982,37.4314785,1.757395376428157
-122.11669011299436,37.40670392655367,58.611510790287866,0.47,"c(-122.116690112994, 37.4067039265537)",2870.008806775289,-122.125982,37.4314785,1.7837220676042815
-122.11485064971752,37.40670392655367,58.67095875093946,0.47,"c(-122.114850649718, 37.4067039265537)",2920.843884114289,-122.125982,37.4314785,1.8153162735328086
-122.15347937853107,37.40824587570621,57.07803253535167,0.91,"c(-122.153479378531, 37.4082458757062)",3545.5090525498267,-122.1260148,37.4314986,2.2035481992230124
-122.15163991525424,37.40824587570621,57.08679494193393,0.91,"c(-122.151639915254, 37.4082458757062)",3435.9017662819674,-122.1260148,37.4314986,2.135426828018625
-122.1498004519774,37.40824587570621,57.095557348516195,0.91,"c(-122.149800451977, 37.4082458757062)",3330.650690154786,-122.1260148,37.4314986,2.070012859014783
-122.14796098870056,37.40824587570621,56.83262897444456,0.83,"c(-122.147960988701, 37.4082458757062)",3230.1477981769895,-122.125982,37.4314785,2.0075499056413855
-122.14612152542374,37.40824587570621,57.160896508561564,0.91,"c(-122.146121525424, 37.4082458757062)",3134.768780912938,-122.125982,37.4314785,1.948271461101888
-122.1442820621469,37.40824587570621,57.06652766514162,0.83,"c(-122.144282062147, 37.4082458757062)",3045.1145139210726,-122.125982,37.4314785,1.8925509719832645
-122.14244259887006,37.40824587570621,56.55359272273017,0.83,"c(-122.14244259887, 37.4082458757062)",2961.7049275036366,-122.125982,37.4314785,1.840711577068761
-122.14060313559322,37.40824587570621,56.34202357076174,0.83,"c(-122.140603135593, 37.4082458757062)",2885.081685860733,-122.125982,37.4314785,1.7930899228469441
-122.13876367231639,37.40824587570621,56.36622753177471,0.2,"c(-122.138763672316, 37.4082458757062)",2815.798851578002,-122.125982,37.4314785,1.7500303614530777
-122.13692420903955,37.40824587570621,56.24184282682472,0.47,"c(-122.13692420904, 37.4082458757062)",2754.410389379585,-122.125982,37.4314785,1.7118771842011093
-122.13508474576273,37.40824587570621,56.05068245820371,0.47,"c(-122.135084745763, 37.4082458757062)",2701.454533382284,-122.125982,37.4314785,1.6789649057689768
-122.13324528248589,37.40824587570621,56.64657095804432,0.47,"c(-122.133245282486, 37.4082458757062)",2657.4354519160024,-122.125982,37.4314785,1.6516068688104428
-122.13140581920905,37.40824587570621,56.89025172026595,0.47,"c(-122.131405819209, 37.4082458757062)",2622.803147151064,-122.125982,37.4314785,1.6300827514922709
-122.12956635593221,37.40824587570621,57.05455520678515,0.47,"c(-122.129566355932, 37.4082458757062)",2597.9330435603747,-122.125982,37.4314785,1.6146258816410035
-122.12772689265537,37.40824587570621,57.2006722106762,0.47,"c(-122.127726892655, 37.4082458757062)",2583.1071273766966,-122.125982,37.4314785,1.6054115148394634
-122.12588742937854,37.40824587570621,58.051260036518215,0.82,"c(-122.125887429379, 37.4082458757062)",2578.4986613873443,-122.125982,37.4314785,1.6025473346099095
-122.1240479661017,37.40824587570621,58.44694626668388,0.82,"c(-122.124047966102, 37.4082458757062)",2584.1623100434226,-122.125982,37.4314785,1.6060673151295355
-122.12220850282488,37.40824587570621,58.47043751761885,0.96,"c(-122.122208502825, 37.4082458757062)",2600.0309469504796,-122.125982,37.4314785,1.6159297370730141
-122.12036903954804,37.40824587570621,58.50284068248584,0.83,"c(-122.120369039548, 37.4082458757062)",2625.9195700006294,-122.125982,37.4314785,1.632019620882927
-122.1185295762712,37.40824587570621,58.7508977106354,0.82,"c(-122.118529576271, 37.4082458757062)",2661.5358035601826,-122.125982,37.4314785,1.6541552539218038
-122.11669011299436,37.40824587570621,58.97671174928655,0.47,"c(-122.116690112994, 37.4082458757062)",2706.495642262832,-122.125982,37.4314785,1.6820979753031895
-122.11485064971752,37.40824587570621,59.09261022816281,0.47,"c(-122.114850649718, 37.4082458757062)",2760.3425642273814,-122.125982,37.4314785,1.715564054833674
-122.11301118644069,37.40824587570621,59.07794067299983,0.47,"c(-122.113011186441, 37.4082458757062)",2822.567991104661,-122.125982,37.4314785,1.7542374090147053
-122.15163991525424,37.40978782485875,57.05951942867432,0.83,"c(-122.151639915254, 37.4097878248588)",3309.2759293844088,-122.1260148,37.4314986,2.0567283588467427
-122.1498004519774,37.40978782485875,57.068281835256585,0.91,"c(-122.149800451977, 37.4097878248588)",3199.864817144315,-122.1260148,37.4314986,1.9887289105931107
-122.14796098870056,37.40978782485875,56.876240822334694,0.91,"c(-122.147960988701, 37.4097878248588)",3095.1555694276335,-122.1260148,37.4314986,1.92365169013526
-122.14612152542374,37.40978782485875,57.30004795711209,0.83,"c(-122.146121525424, 37.4097878248588)",2995.574301809671,-122.125982,37.4314785,1.8617615300246557
-122.1442820621469,37.40978782485875,57.21846125693992,0.91,"c(-122.144282062147, 37.4097878248588)",2901.6243464869153,-122.125982,37.4314785,1.803371253254764
-122.14244259887006,37.40978782485875,56.74356393091148,0.47,"c(-122.14244259887, 37.4097878248588)",2813.966558652936,-122.125982,37.4314785,1.7488915839980956
-122.14060313559322,37.40978782485875,56.378009836684214,0.47,"c(-122.140603135593, 37.4097878248588)",2733.2064014865487,-122.125982,37.4314785,1.6986988200662205
-122.13876367231639,37.40978782485875,56.063819253897236,0.2,"c(-122.138763672316, 37.4097878248588)",2659.97221188886,-122.125982,37.4314785,1.6531834753815164
-122.13692420903955,37.40978782485875,56.10216926372959,0.47,"c(-122.13692420904, 37.4097878248588)",2594.9012694225707,-122.125982,37.4314785,1.6127416217666692
-122.13508474576273,37.40978782485875,56.19151650645654,0.47,"c(-122.135084745763, 37.4097878248588)",2538.621382433181,-122.125982,37.4314785,1.5777634446446123
-122.13324528248589,37.40978782485875,56.533585784774914,0.47,"c(-122.133245282486, 37.4097878248588)",2491.7283046149887,-122.125982,37.4314785,1.5486192073430631
-122.13140581920905,37.40978782485875,56.69933989628748,0.47,"c(-122.131405819209, 37.4097878248588)",2454.7600412585084,-122.125982,37.4314785,1.525643282323498
-122.12956635593221,37.40978782485875,57.052467914912995,0.47,"c(-122.129566355932, 37.4097878248588)",2428.169942947997,-122.125982,37.4314785,1.5091174288054672
-122.12772689265537,37.40978782485875,57.57857398703345,0.47,"c(-122.127726892655, 37.4097878248588)",2412.3012206382364,-122.125982,37.4314785,1.4992549537838635
-122.12588742937854,37.40978782485875,58.22170460499183,0.47,"c(-122.125887429379, 37.4097878248588)",2407.3659011386603,-122.125982,37.4314785,1.4961876327772905
-122.1240479661017,37.40978782485875,58.973195724742254,0.47,"c(-122.124047966102, 37.4097878248588)",2413.4310598124353,-122.125982,37.4314785,1.4999571533949256
-122.12220850282488,37.40978782485875,58.94579433018225,0.47,"c(-122.122208502825, 37.4097878248588)",2430.4143421595218,-122.125982,37.4314785,1.5105123319823006
-122.12036903954804,37.40978782485875,58.96928558111904,0.47,"c(-122.120369039548, 37.4097878248588)",2458.0894540810727,-122.125982,37.4314785,1.5277125258428046
-122.1185295762712,37.40978782485875,58.992776832055824,0.47,"c(-122.118529576271, 37.4097878248588)",2496.1007891274535,-122.125982,37.4314785,1.551336724131419
-122.11669011299436,37.40978782485875,59.01626808299079,0.47,"c(-122.116690112994, 37.4097878248588)",2543.9850687775834,-122.125982,37.4314785,1.581096997375751
-122.10933225988703,37.40978782485875,59.294521573974635,0.82,"c(-122.109332259887, 37.4097878248588)",2822.6722277505855,-122.125982,37.4314785,1.7543021925112403
-122.15163991525424,37.41132977401129,57.03224391541448,0.8,"c(-122.151639915254, 37.4113297740113)",3186.811369939779,-122.1260148,37.4314986,1.9806161404224853
-122.1498004519774,37.41132977401129,56.82869174653115,0.91,"c(-122.149800451977, 37.4113297740113)",3073.045554175402,-122.1260148,37.4314986,1.9099102263364833
-122.14796098870056,37.41132977401129,57.05666417089378,0.91,"c(-122.147960988701, 37.4113297740113)",2963.8616096651153,-122.1260148,37.4314986,1.8420519637446335
-122.14612152542374,37.41132977401129,57.41952380350267,0.91,"c(-122.146121525424, 37.4113297740113)",2859.7843795416784,-122.1260148,37.4314986,1.7773675447741941
-122.1442820621469,37.41132977401129,57.38014410719188,0.91,"c(-122.144282062147, 37.4113297740113)",2761.2856781404744,-122.125982,37.4314785,1.7161502039406304
-122.14244259887006,37.41132977401129,56.90524678116344,0.47,"c(-122.14244259887, 37.4113297740113)",2669.0246930341905,-122.125982,37.4314785,1.6588096289833378
-122.14060313559322,37.41132977401129,56.43034945514228,0.47,"c(-122.140603135593, 37.4113297740113)",2583.7398157641633,-122.125982,37.4314785,1.6058047332281935
-122.13876367231639,37.41132977401129,55.969933619053336,0.47,"c(-122.138763672316, 37.4113297740113)",2506.1433452787055,-122.125982,37.4314785,1.5575782133491023
-122.13692420903955,37.41132977401129,56.24704041961195,0.47,"c(-122.13692420904, 37.4113297740113)",2436.969820645924,-122.125982,37.4314785,1.514586588344266
-122.13508474576273,37.41132977401129,56.40791512355463,0.47,"c(-122.135084745763, 37.4113297740113)",2376.954722888267,-122.125982,37.4314785,1.4772869626403151
-122.13324528248589,37.41132977401129,56.5657590608771,0.47,"c(-122.133245282486, 37.4113297740113)",2326.8068271687116,-122.125982,37.4314785,1.446119842864333
-122.13140581920905,37.41132977401129,57.12252472699038,0.47,"c(-122.131405819209, 37.4113297740113)",2287.1752612600485,-122.125982,37.4314785,1.4214886645494398
-122.12956635593221,37.41132977401129,57.452036500457325,0.47,"c(-122.129566355932, 37.4113297740113)",2258.6136785682875,-122.125982,37.4314785,1.4037375255241065
-122.12772689265537,37.41132977401129,57.715379391550414,0.47,"c(-122.127726892655, 37.4113297740113)",2241.5452774569476,-122.125982,37.4314785,1.3931294452808873
-122.12588742937854,37.41132977401129,58.54613544959648,0.47,"c(-122.125887429379, 37.4113297740113)",2236.2332439576376,-122.125982,37.4314785,1.3898279950016392
-122.1240479661017,37.41132977401129,59.19347136522629,0.82,"c(-122.124047966102, 37.4113297740113)",2242.7611153422204,-122.125982,37.4314785,1.3938850934382974
-122.12220850282488,37.41132977401129,59.194246776613,0.47,"c(-122.122208502825, 37.4113297740113)",2261.0263439897876,-122.125982,37.4314785,1.4052370068301974
-122.12036903954804,37.41132977401129,59.2205576873057,0.47,"c(-122.120369039548, 37.4113297740113)",2290.7481844401927,-122.125982,37.4314785,1.4237092507397096
-122.1185295762712,37.41132977401129,59.17893014665606,0.47,"c(-122.118529576271, 37.4113297740113)",2331.488530820034,-122.125982,37.4314785,1.4490295405966651
-122.11669011299436,37.41132977401129,59.26421522089424,0.47,"c(-122.116690112994, 37.4113297740113)",2382.682249615731,-122.125982,37.4314785,1.4808466436393606
-122.11301118644069,37.41132977401129,59.36184941005922,0.5,"c(-122.113011186441, 37.4113297740113)",2513.7461674127417,-122.125982,37.4314785,1.5623033980191061
-122.11117172316386,37.41132977401129,59.21665353704884,0.47,"c(-122.111171723164, 37.4113297740113)",2592.16684497784,-122.125982,37.4314785,1.611042165927806
-122.10933225988703,37.41132977401129,58.66769767263031,0.47,"c(-122.109332259887, 37.4113297740113)",2678.201358784053,-122.125982,37.4314785,1.6645129638185536
-122.10749279661019,37.41132977401129,57.79961269724299,0.47,"c(-122.10749279661, 37.4113297740113)",2771.1406481763315,-122.125982,37.4314785,1.7222751076297895
-122.1498004519774,37.41287172316383,57.032594826880086,0.91,"c(-122.149800451977, 37.4128717231638)",2950.70439995057,-122.1260148,37.4314986,1.83387470475486
-122.14796098870056,37.41287172316383,57.42163859108041,0.91,"c(-122.147960988701, 37.4128717231638)",2836.8180469799477,-122.1260148,37.4314986,1.7630938763082336
-122.14612152542374,37.41287172316383,57.70042688823105,0.91,"c(-122.146121525424, 37.4128717231638)",2727.9003122261765,-122.1260148,37.4314986,1.6954010641554857
-122.1442820621469,37.41287172316383,58.437185463619244,0.91,"c(-122.144282062147, 37.4128717231638)",2624.569850740485,-122.1260148,37.4314986,1.6311807649101833
-122.14244259887006,37.41287172316383,57.48446716141916,0.91,"c(-122.14244259887, 37.4128717231638)",2527.3605164235023,-122.125982,37.4314785,1.5707647709282178
-122.14060313559322,37.41287172316383,56.71605410844495,0.47,"c(-122.140603135593, 37.4128717231638)",2437.125148070872,-122.125982,37.4314785,1.5146831249663593
-122.13876367231639,37.41287172316383,56.32385717498255,0.47,"c(-122.138763672316, 37.4128717231638)",2354.7038275972714,-122.125982,37.4314785,1.4634579413283229
-122.13692420903955,37.41287172316383,56.441133239063674,0.67,"c(-122.13692420904, 37.4128717231638)",2280.9437882487246,-122.125982,37.4314785,1.4176157788991453
-122.13508474576273,37.41287172316383,56.583115359007934,0.47,"c(-122.135084745763, 37.4128717231638)",2216.709799643294,-122.125982,37.4314785,1.377694095489928
-122.13324528248589,37.41287172316383,56.98530311064678,0.47,"c(-122.133245282486, 37.4128717231638)",2162.8507641232945,-122.125982,37.4314785,1.3442204873357952
-122.13140581920905,37.41287172316383,57.557944393425714,0.47,"c(-122.131405819209, 37.4128717231638)",2120.1575038994492,-122.125982,37.4314785,1.3176864536354562
-122.12956635593221,37.41287172316383,57.906842345168116,0.47,"c(-122.129566355932, 37.4128717231638)",2089.3146187961956,-122.125982,37.4314785,1.2985174759454292
-122.12772689265537,37.41287172316383,58.096352352091344,0.47,"c(-122.127726892655, 37.4128717231638)",2070.8516684797946,-122.125982,37.4314785,1.2870426777375976
-122.12588742937854,37.41287172316383,58.52203080027539,0.82,"c(-122.125887429379, 37.4128717231638)",2065.100726590112,-122.125982,37.4314785,1.2834684441206414
-122.1240479661017,37.41287172316383,58.88842201686566,0.82,"c(-122.124047966102, 37.4128717231638)",2072.16763575663,-122.125982,37.4314785,1.2878605567163641
-122.12220850282488,37.41287172316383,58.946779129799324,0.47,"c(-122.122208502825, 37.4128717231638)",2091.9224966456068,-122.125982,37.4314785,1.3001382825640813
-122.12036903954804,37.41287172316383,58.51369679554773,0.47,"c(-122.120369039548, 37.4128717231638)",2124.01131701786,-122.125982,37.4314785,1.3200816140570915
-122.1185295762712,37.41287172316383,58.61355534517497,0.47,"c(-122.118529576271, 37.4128717231638)",2167.8864682365393,-122.125982,37.4314785,1.3473501977852949
-122.11669011299436,37.41287172316383,58.775868689699564,0.47,"c(-122.116690112994, 37.4128717231638)",2222.850135510797,-122.125982,37.4314785,1.3815103390371641
-122.11485064971752,37.41287172316383,58.661194705524395,0.47,"c(-122.114850649718, 37.4128717231638)",2288.103370053709,-122.125982,37.4314785,1.4220654879140517
-122.11301118644069,37.41287172316383,58.72725637374242,0.47,"c(-122.113011186441, 37.4128717231638)",2362.7938251967653,-122.125982,37.4314785,1.4684859075181884
-122.11117172316386,37.41287172316383,58.36539092208841,0.47,"c(-122.111171723164, 37.4128717231638)",2446.0571558771967,-122.125982,37.4314785,1.5202344039013032
-122.10933225988703,37.41287172316383,57.699367747667566,0.47,"c(-122.109332259887, 37.4128717231638)",2537.049443781248,-122.125982,37.4314785,1.5767864784221555
-122.10749279661019,37.41287172316383,57.60738687979574,0.47,"c(-122.10749279661, 37.4128717231638)",2624.210190377531,-122.1040355,37.436355,1.63095723454166
-122.1498004519774,37.41441367231638,57.24162315773356,0.83,"c(-122.149800451977, 37.4144136723164)",2833.4214877917907,-122.1260148,37.4314986,1.7609829010514548
-122.14796098870056,37.41441367231638,57.78751813080089,0.91,"c(-122.147960988701, 37.4144136723164)",2714.6217077436404,-122.1260148,37.4314986,1.6871483578269983
-122.14612152542374,37.41441367231638,58.076497352376464,0.91,"c(-122.146121525424, 37.4144136723164)",2600.5935714307802,-122.1260148,37.4314986,1.616279410460398
-122.1442820621469,37.41441367231638,58.5369536163671,0.91,"c(-122.144282062147, 37.4144136723164)",2491.9921850856626,-122.1260148,37.4314986,1.548783210121605
-122.14244259887006,37.41441367231638,58.01776303240331,0.83,"c(-122.14244259887, 37.4144136723164)",2389.557059998081,-122.125982,37.4314785,1.4851193660646869
-122.14060313559322,37.41441367231638,57.29453426786495,0.91,"c(-122.140603135593, 37.4144136723164)",2293.9093125998165,-122.125982,37.4314785,1.4256739046611662
-122.13876367231639,37.41441367231638,56.908462458566646,0.47,"c(-122.138763672316, 37.4144136723164)",2206.1457702943717,-122.125982,37.4314785,1.3711285085732576
-122.13692420903955,37.41441367231638,56.635645271969224,0.47,"c(-122.13692420904, 37.4144136723164)",2127.2424918639977,-122.125982,37.4314785,1.3220898022771894
-122.13508474576273,37.41441367231638,56.79835247883784,0.47,"c(-122.135084745763, 37.4144136723164)",2058.2187232620986,-122.125982,37.4314785,1.2791912512505275
-122.13324528248589,37.41441367231638,57.37810264405198,0.47,"c(-122.133245282486, 37.4144136723164)",2000.0975577886234,-122.125982,37.4314785,1.2430687121122581
-122.13140581920905,37.41441367231638,57.97959600404647,0.47,"c(-122.131405819209, 37.4144136723164)",1953.852195777293,-122.125982,37.4314785,1.2143270328013007
-122.12956635593221,37.41441367231638,58.37952585046878,0.82,"c(-122.129566355932, 37.4144136723164)",1920.3408029986265,-122.125982,37.4314785,1.1934995668108306
-122.12772689265537,37.41441367231638,58.627942696441096,0.82,"c(-122.127726892655, 37.4144136723164)",1900.2372038478672,-122.125982,37.4314785,1.1810050987245913
-122.12588742937854,37.41441367231638,58.515715363762865,0.96,"c(-122.125887429379, 37.4144136723164)",1893.9683990613473,-122.125982,37.4314785,1.1771090112252003
-122.1240479661017,37.41441367231638,58.47996792645972,0.82,"c(-122.124047966102, 37.4144136723164)",1901.6712115771597,-122.125982,37.4314785,1.1818963403214169
-122.12220850282488,37.41441367231638,58.244453478246214,0.47,"c(-122.122208502825, 37.4144136723164)",1923.1777691541945,-122.125982,37.4314785,1.1952627527372246
-122.12036903954804,37.41441367231638,58.286167438011034,0.47,"c(-122.120369039548, 37.4144136723164)",1958.0332737452131,-122.125982,37.4314785,1.2169255896489828
-122.1185295762712,37.41441367231638,58.542623384753824,0.5,"c(-122.118529576271, 37.4144136723164)",2005.5418481956715,-122.125982,37.4314785,1.2464523605939537
-122.11669011299436,37.41441367231638,58.431253463098074,0.47,"c(-122.116690112994, 37.4144136723164)",2064.8302939989608,-122.125982,37.4314785,1.2833003691727538
-122.11485064971752,37.41441367231638,58.361319980045664,0.47,"c(-122.114850649718, 37.4144136723164)",2134.9174259084734,-122.125982,37.4314785,1.3268598047908473
-122.11301118644069,37.41441367231638,58.27290362153872,0.2,"c(-122.113011186441, 37.4144136723164)",2214.77830087984,-122.125982,37.4314785,1.3764936612056184
-122.11117172316386,37.41441367231638,58.164572854322614,0.47,"c(-122.111171723164, 37.4144136723164)",2303.396549161477,-122.125982,37.4314785,1.4315702605105514
-122.10933225988703,37.41441367231638,57.57747247457155,0.47,"c(-122.109332259887, 37.4144136723164)",2399.802207937321,-122.125982,37.4314785,1.4914867668970297
-122.10749279661019,37.41441367231638,57.6645641014984,0.47,"c(-122.10749279661, 37.4144136723164)",2454.3246720820675,-122.1040355,37.436355,1.5253726986215461
-122.15163991525424,37.41595562146892,57.06639476325654,0.91,"c(-122.151639915254, 37.4159556214689)",2849.6641150276837,-122.1260148,37.4314986,1.7710777594951421
-122.1498004519774,37.41595562146892,57.60750269744676,0.83,"c(-122.149800451977, 37.4159556214689)",2721.8507745228194,-122.1260148,37.4314986,1.6916412520340705
-122.14796098870056,37.41595562146892,58.153397670514096,0.8,"c(-122.147960988701, 37.4159556214689)",2597.9566664322715,-122.1260148,37.4314986,1.6146405633513186
-122.14612152542374,37.41595562146892,58.68726390347001,0.91,"c(-122.146121525424, 37.4159556214689)",2478.5695823201963,-122.1260148,37.4314986,1.5404410082785558
-122.1442820621469,37.41595562146892,58.83445440667856,0.83,"c(-122.144282062147, 37.4159556214689)",2364.372356509521,-122.1260148,37.4314986,1.4694669711059796
-122.14244259887006,37.41595562146892,58.36670761308051,0.83,"c(-122.14244259887, 37.4159556214689)",2256.1531947844924,-122.1260148,37.4314986,1.402208324912674
-122.14060313559322,37.41595562146892,57.74053028909839,0.91,"c(-122.140603135593, 37.4159556214689)",2154.7701322302955,-122.125982,37.4314785,1.3391983419703515
-122.13876367231639,37.41595562146892,57.114352965123544,0.47,"c(-122.138763672316, 37.4159556214689)",2061.092342741724,-122.125982,37.4314785,1.2809772173658944
-122.13692420903955,37.41595562146892,56.75454748444645,0.47,"c(-122.13692420904, 37.4159556214689)",1976.408387667162,-122.125982,37.4314785,1.2283457971828229
-122.13508474576273,37.41595562146892,57.16940881746268,0.47,"c(-122.135084745763, 37.4159556214689)",1901.9200118503052,-122.125982,37.4314785,1.1820509706962743
-122.13324528248589,37.41595562146892,57.770902177457174,0.47,"c(-122.133245282486, 37.4159556214689)",1838.866633371634,-122.125982,37.4314785,1.1428630412502385
-122.13140581920905,37.41595562146892,58.372395537451666,0.47,"c(-122.131405819209, 37.4159556214689)",1788.4581086748747,-122.125982,37.4314785,1.1115339395120414
-122.12956635593221,37.41595562146892,58.90673186917411,0.82,"c(-122.129566355932, 37.4159556214689)",1751.7863639770499,-122.125982,37.4314785,1.0887423020366997
-122.12772689265537,37.41595562146892,58.87074573085556,0.47,"c(-122.127726892655, 37.4159556214689)",1729.7253166233934,-122.125982,37.4314785,1.0750312719847068
-122.12588742937854,37.41595562146892,58.18118699306797,0.47,"c(-122.125887429379, 37.4159556214689)",1722.8363312786482,-122.125982,37.4314785,1.0707497397629884
-122.1240479661017,37.41595562146892,58.07151383605378,0.47,"c(-122.124047966102, 37.4159556214689)",1731.3005300187187,-122.125982,37.4314785,1.0760102734734114
-122.12220850282488,37.41595562146892,58.02792519416471,0.2,"c(-122.122208502825, 37.4159556214689)",1754.8957728494022,-122.125982,37.4314785,1.0906748122121828
-122.12036903954804,37.41595562146892,58.41742691010768,0.5,"c(-122.120369039548, 37.4159556214689)",1793.024810007497,-122.125982,37.4314785,1.114372162838718
-122.1185295762712,37.41595562146892,58.56037680478403,0.47,"c(-122.118529576271, 37.4159556214689)",1844.78668479855,-122.125982,37.4314785,1.14654237712775
-122.11669011299436,37.41595562146892,58.61505998932262,0.47,"c(-122.116690112994, 37.4159556214689)",1909.0728123403617,-122.125982,37.4314785,1.186496465096558
-122.11485064971752,37.41595562146892,58.16345181446377,0.47,"c(-122.114850649718, 37.4159556214689)",1984.6665312896146,-122.125982,37.4314785,1.2334782668052298
-122.11301118644069,37.41595562146892,58.06321087847391,0.47,"c(-122.113011186441, 37.4159556214689)",2070.329593355933,-122.125982,37.4314785,1.286718205939051
-122.11117172316386,37.41595562146892,57.882581525766,0.47,"c(-122.111171723164, 37.4159556214689)",2164.867006718657,-122.125982,37.4314785,1.345473590253982
-122.10933225988703,37.41595562146892,57.68192013897715,0.83,"c(-122.109332259887, 37.4159556214689)",2267.1689031145474,-122.125982,37.4314785,1.4090546321408002
-122.10749279661019,37.41595562146892,57.564178053806245,0.83,"c(-122.10749279661, 37.4159556214689)",2284.6254533892075,-122.1040355,37.436355,1.4199039486570586
-122.15531884180791,37.417497570621464,56.90561704921083,0.47,"c(-122.155318841808, 37.4174975706215)",3023.6728585087167,-122.1260148,37.4314986,1.879224896524995
-122.15347937853107,37.417497570621464,56.90314268451766,0.47,"c(-122.153479378531, 37.4174975706215)",2885.213707519926,-122.1260148,37.4314986,1.7931719748414705
-122.15163991525424,37.417497570621464,57.362914721117704,0.83,"c(-122.151639915254, 37.4174975706215)",2749.425169878045,-122.1260148,37.4314986,1.708778850141731
-122.1498004519774,37.417497570621464,57.970119845740555,0.91,"c(-122.149800451977, 37.4174975706215)",2616.723033813693,-122.1260148,37.4314986,1.6263039364907972
-122.14796098870056,37.417497570621464,58.43957173827948,0.83,"c(-122.147960988701, 37.4174975706215)",2487.6012845935666,-122.1260148,37.4314986,1.5460542477275119
-122.14612152542374,37.417497570621464,58.84769506400335,0.83,"c(-122.146121525424, 37.4174975706215)",2362.6470136888156,-122.1260148,37.4314986,1.4683946635729122
-122.1442820621469,37.417497570621464,59.03875213460924,0.83,"c(-122.144282062147, 37.4174975706215)",2242.556959462872,-122.1260148,37.4314986,1.3937582097345382
-122.14244259887006,37.417497570621464,58.853324909170624,0.83,"c(-122.14244259887, 37.4174975706215)",2128.154732806312,-122.1260148,37.4314986,1.322656763708087
-122.14060313559322,37.417497570621464,58.4907609521033,0.91,"c(-122.140603135593, 37.4174975706215)",2020.406756688889,-122.1260148,37.4314986,1.2556909612733926
-122.13876367231639,37.417497570621464,57.86458362812846,0.91,"c(-122.138763672316, 37.4174975706215)",1920.3378916718775,-122.125982,37.4314785,1.193497757409495
-122.13692420903955,37.417497570621464,57.449217072469764,0.47,"c(-122.13692420904, 37.4174975706215)",1829.1509226994222,-122.125982,37.4314785,1.1368246878181616
-122.13508474576273,37.417497570621464,57.597686125007385,0.82,"c(-122.135084745763, 37.4174975706215)",1748.4017381127637,-122.125982,37.4314785,1.0866387433889146
-122.13324528248589,37.417497570621464,58.212200572652364,0.47,"c(-122.133245282486, 37.4174975706215)",1679.5964508677837,-122.125982,37.4314785,1.0438759794081938
-122.13140581920905,37.417497570621464,58.86159587255315,0.83,"c(-122.131405819209, 37.4174975706215)",1624.2536433391233,-122.125982,37.4314785,1.0094802009565713
-122.12956635593221,37.417497570621464,58.822041758121486,0.82,"c(-122.129566355932, 37.4174975706215)",1583.785218488505,-122.125982,37.4314785,0.9843289114285302
-122.12772689265537,37.417497570621464,58.455315900064306,0.47,"c(-122.127726892655, 37.4174975706215)",1559.349671826107,-122.125982,37.4314785,0.9691421204637085
-122.12588742937854,37.417497570621464,57.90731210594822,0.47,"c(-122.125887429379, 37.4174975706215)",1551.704623983554,-122.125982,37.4314785,0.9643906923452791
-122.1240479661017,37.417497570621464,57.77107973940474,0.47,"c(-122.124047966102, 37.4174975706215)",1561.0967751934586,-122.125982,37.4314785,0.9702279522644243
-122.12220850282488,37.417497570621464,58.19122652780243,0.47,"c(-122.122208502825, 37.4174975706215)",1587.223709277471,-122.125982,37.4314785,0.986465947344606
-122.12036903954804,37.417497570621464,58.28457151291332,0.47,"c(-122.120369039548, 37.4174975706215)",1629.280554533063,-122.125982,37.4314785,1.0126044465712014
-122.1185295762712,37.417497570621464,58.38872468066256,0.47,"c(-122.118529576271, 37.4174975706215)",1686.0756826802785,-122.125982,37.4314785,1.047902848154306
-122.11669011299436,37.417497570621464,58.486547405797864,0.47,"c(-122.116690112994, 37.4174975706215)",1756.17976023797,-122.125982,37.4314785,1.0914728155611995
-122.11485064971752,37.417497570621464,58.50475227782863,0.47,"c(-122.114850649718, 37.4174975706215)",1838.0706060732177,-122.125982,37.4314785,1.1423683070685007
-122.11301118644069,37.417497570621464,58.23245509243134,0.47,"c(-122.113011186441, 37.4174975706215)",1930.2486408598056,-122.125982,37.4314785,1.1996573280670015
-122.11117172316386,37.417497570621464,57.790119689074345,0.47,"c(-122.111171723164, 37.4174975706215)",2031.313894509022,-122.125982,37.4314785,1.262469791491002
-122.10933225988703,37.417497570621464,58.07408660897636,0.83,"c(-122.109332259887, 37.4174975706215)",2140.007598166943,-122.125982,37.4314785,1.3300233674126432
-122.10749279661019,37.417497570621464,57.463792006121366,0.83,"c(-122.10749279661, 37.4174975706215)",2115.157386121574,-122.1040355,37.436355,1.3145788602371498
-122.15531884180791,37.419039519774,56.956976068955555,0.47,"c(-122.155318841808, 37.419039519774)",2939.3692893948682,-122.1260148,37.4314986,1.826829887753181
-122.15347937853107,37.419039519774,56.57950003454789,0.47,"c(-122.153479378531, 37.419039519774)",2796.742601215377,-122.1260148,37.4314986,1.7381868248697183
-122.15163991525424,37.419039519774,56.67360452232333,0.47,"c(-122.151639915254, 37.419039519774)",2656.438497741353,-122.1260148,37.4314986,1.6509872577634264
-122.1498004519774,37.419039519774,57.65052407217445,0.83,"c(-122.149800451977, 37.419039519774)",2518.845125090897,-122.1260148,37.4314986,1.5654724208147277
-122.14796098870056,37.419039519774,58.50053845949151,0.83,"c(-122.147960988701, 37.419039519774)",2384.431796774001,-122.1260148,37.4314986,1.4819339942660046
-122.14612152542374,37.419039519774,58.87983859007363,0.83,"c(-122.146121525424, 37.419039519774)",2253.7675524256274,-122.1260148,37.4314986,1.400725638549178
-122.1442820621469,37.419039519774,59.369191400747695,0.83,"c(-122.144282062147, 37.419039519774)",2127.5432604540206,-122.1260148,37.4314986,1.3222767311709265
-122.14244259887006,37.419039519774,59.24873804766685,0.83,"c(-122.14244259887, 37.419039519774)",2006.5969769486405,-122.1260148,37.4314986,1.247108127376408
-122.14060313559322,37.419039519774,59.302977005376306,0.83,"c(-122.140603135593, 37.419039519774)",1891.9411959523297,-122.1260148,37.4314986,1.1758490963034989
-122.13876367231639,37.419039519774,58.614814291126095,0.91,"c(-122.138763672316, 37.419039519774)",1784.7886453027074,-122.1260148,37.4314986,1.1092533532024285
-122.13692420903955,37.419039519774,58.37538546646829,0.91,"c(-122.13692420904, 37.419039519774)",1686.4073098340677,-122.125982,37.4314785,1.0481089557700856
-122.13508474576273,37.419039519774,58.289645307588216,0.96,"c(-122.135084745763, 37.419039519774)",1598.4652257125317,-122.125982,37.4314785,0.9934525952222074
-122.13324528248589,37.419039519774,58.43465232852395,0.96,"c(-122.133245282486, 37.419039519774)",1522.9023323707588,-122.125982,37.4314785,0.946489951753113
-122.13140581920905,37.419039519774,58.48378659395348,0.82,"c(-122.131405819209, 37.419039519774)",1461.6398062233463,-122.125982,37.4314785,0.9084150442655975
-122.12956635593221,37.419039519774,58.53292085938119,0.82,"c(-122.129566355932, 37.419039519774)",1416.5342584898835,-122.125982,37.4314785,0.8803817641329295
-122.12772689265537,37.419039519774,58.32038580345579,0.47,"c(-122.127726892655, 37.419039519774)",1389.1604158624857,-122.125982,37.4314785,0.8633688103558022
-122.12588742937854,37.419039519774,58.076238180103246,0.5,"c(-122.125887429379, 37.419039519774)",1380.5734278707316,-122.125982,37.4314785,0.8580319626294168
-122.1240479661017,37.419039519774,57.9928440778458,0.96,"c(-122.124047966102, 37.419039519774)",1391.1212354474537,-122.125982,37.4314785,0.8645874676491322
-122.12220850282488,37.419039519774,58.01205076156657,0.47,"c(-122.122208502825, 37.419039519774)",1420.3776141915052,-122.125982,37.4314785,0.8827704252277845
-122.12036903954804,37.419039519774,58.10539574667746,0.47,"c(-122.120369039548, 37.419039519774)",1467.2238463391648,-122.125982,37.4314785,0.9118855477558513
-122.1185295762712,37.419039519774,58.21707255653746,0.47,"c(-122.118529576271, 37.419039519774)",1530.045109389022,-122.125982,37.4314785,0.9509292165251846
-122.11669011299436,37.419039519774,58.424940505931545,0.47,"c(-122.116690112994, 37.419039519774)",1606.9689577987972,-122.125982,37.4314785,0.9987376990669964
-122.11485064971752,37.419039519774,58.376239694304786,0.67,"c(-122.114850649718, 37.419039519774)",1696.07765118867,-122.125982,37.4314785,1.0541191119879862
-122.11301118644069,37.419039519774,58.39444456633555,0.82,"c(-122.113011186441, 37.419039519774)",1795.558002196552,-122.125982,37.4314785,1.1159465520177452
-122.11117172316386,37.419039519774,58.09847894671839,0.47,"c(-122.111171723164, 37.419039519774)",1903.7848230202942,-122.125982,37.4314785,1.1832099583718423
-122.10933225988703,37.419039519774,58.10954835399025,0.96,"c(-122.109332259887, 37.419039519774)",1977.7444413077644,-122.1040984,37.4363636,1.229176159917815
-122.10749279661019,37.419039519774,57.36340595843649,0.47,"c(-122.10749279661, 37.419039519774)",1945.9808733133573,-122.1040355,37.436355,1.209434974091583
-122.15347937853107,37.42058146892655,56.64545748470118,0.47,"c(-122.153479378531, 37.4205814689265)",2716.1836818725487,-122.1260148,37.4314986,1.688119131058141
-122.15163991525424,37.42058146892655,56.7471003406481,0.47,"c(-122.151639915254, 37.4205814689265)",2571.4909677026835,-122.1260148,37.4314986,1.5981920246753782
-122.1498004519774,37.42058146892655,57.63974883345509,0.47,"c(-122.149800451977, 37.4205814689265)",2429.09359025571,-122.1260148,37.4314986,1.5096914793385394
-122.14796098870056,37.42058146892655,58.279920509128715,0.83,"c(-122.147960988701, 37.4205814689265)",2289.419885838083,-122.1260148,37.4314986,1.4228837077924692
-122.14612152542374,37.42058146892655,58.92009218478779,0.83,"c(-122.146121525424, 37.4205814689265)",2153.00000640774,-122.1260148,37.4314986,1.3380982016207208
-122.1442820621469,37.42058146892655,59.40147388546029,0.8,"c(-122.144282062147, 37.4205814689265)",2020.4931358932142,-122.1260148,37.4314986,1.2557446462978337
-122.14244259887006,37.42058146892655,59.38355427785518,0.83,"c(-122.14244259887, 37.4205814689265)",1892.7212863198909,-122.1260148,37.4314986,1.1763339256183287
-122.14060313559322,37.42058146892655,59.680950622758246,0.83,"c(-122.140603135593, 37.4205814689265)",1770.7097713288288,-122.1260148,37.4314986,1.100503276152162
-122.13876367231639,37.42058146892655,59.36504495413101,0.83,"c(-122.138763672316, 37.4205814689265)",1655.7325243320724,-122.1260148,37.4314986,1.0290444526613254
-122.13692420903955,37.42058146892655,59.12141818037344,0.83,"c(-122.13692420904, 37.4205814689265)",1549.3563700422737,-122.1260148,37.4314986,0.9629312430343528
-122.13508474576273,37.42058146892655,58.434827086837686,0.47,"c(-122.135084745763, 37.4205814689265)",1453.2195626796145,-122.125982,37.4314785,0.9031818288872682
-122.13324528248589,37.42058146892655,58.23978979209642,0.47,"c(-122.133245282486, 37.4205814689265)",1369.6687080433253,-122.125982,37.4314785,0.8512546352040555
-122.13140581920905,37.42058146892655,58.28374840419565,0.47,"c(-122.131405819209, 37.4205814689265)",1301.2130986681536,-122.125982,37.4314785,0.8087091974320408
-122.12956635593221,37.42058146892655,58.31291770131793,0.47,"c(-122.129566355932, 37.4205814689265)",1250.3345842133403,-122.125982,37.4314785,0.7770879951605596
-122.12772689265537,37.42058146892655,58.39820501083159,0.5,"c(-122.127726892655, 37.4205814689265)",1219.2356223665367,-122.125982,37.4314785,0.7577598647399234
-122.12588742937854,37.42058146892655,58.08405791865016,0.82,"c(-122.125887429379, 37.4205814689265)",1209.4429789261778,-122.125982,37.4314785,0.7516736972816519
-122.1240479661017,37.42058146892655,57.935011973737346,0.47,"c(-122.124047966102, 37.4205814689265)",1221.469206232235,-122.125982,37.4314785,0.7591480461356339
-122.12220850282488,37.42058146892655,57.973041924482004,0.47,"c(-122.122208502825, 37.4205814689265)",1254.6870567317299,-122.125982,37.4314785,0.7797930744137538
-122.12036903954804,37.42058146892655,57.92621998043978,0.47,"c(-122.120369039548, 37.4205814689265)",1307.4823459284535,-122.125982,37.4314785,0.8126055599306734
-122.1185295762712,37.42058146892655,58.045420432414176,0.67,"c(-122.118529576271, 37.4205814689265)",1377.6060559812618,-122.125982,37.4314785,0.8561877290125928
-122.11669011299436,37.42058146892655,58.184191437396294,0.67,"c(-122.116690112994, 37.4205814689265)",1462.567841825519,-122.125982,37.4314785,0.9089918221414041
-122.11485064971752,37.42058146892655,58.24772711078094,0.2,"c(-122.114850649718, 37.4205814689265)",1559.9451350047375,-122.125982,37.4314785,0.9695122032347654
-122.11301118644069,37.42058146892655,58.2659319828108,0.2,"c(-122.113011186441, 37.4205814689265)",1667.5643442468202,-122.125982,37.4314785,1.036397976536246
-122.11117172316386,37.42058146892655,58.79677530972549,0.67,"c(-122.111171723164, 37.4205814689265)",1778.869619028313,-122.124761,37.43239,1.1055746544613505
-122.10933225988703,37.42058146892655,58.00916230630537,0.47,"c(-122.109332259887, 37.4205814689265)",1811.8135196304474,-122.1040984,37.4363636,1.1260494217715646
-122.10749279661019,37.42058146892655,57.26301991075161,0.47,"c(-122.10749279661, 37.4205814689265)",1777.1697871534054,-122.1040984,37.4363636,1.104518202084155
-122.15347937853107,37.42212341807909,56.72424627684086,0.47,"c(-122.153479378531, 37.4221234180791)",2644.260205168397,-122.1260148,37.4314986,1.643418399731757
-122.15163991525424,37.42212341807909,56.98552713745994,0.47,"c(-122.151639915254, 37.4221234180791)",2495.403719802884,-122.1260148,37.4314986,1.5509034927301952
-122.1498004519774,37.42212341807909,57.47806943218893,0.47,"c(-122.149800451977, 37.4221234180791)",2348.400349114785,-122.1260148,37.4314986,1.459540303986815
-122.14796098870056,37.42212341807909,58.0642849579599,0.83,"c(-122.147960988701, 37.4221234180791)",2203.6209877540336,-122.1260148,37.4314986,1.3695593460248812
-122.14612152542374,37.42212341807909,58.704456633618975,0.91,"c(-122.146121525424, 37.4221234180791)",2061.534258482907,-122.1260148,37.4314986,1.28125186978428
-122.1442820621469,37.42212341807909,59.3446283092926,0.83,"c(-122.144282062147, 37.4221234180791)",1922.7371956743625,-122.1260148,37.4314986,1.194988934539691
-122.14244259887006,37.42212341807909,59.71349229494513,0.83,"c(-122.14244259887, 37.4221234180791)",1787.9960660130284,-122.1260148,37.4314986,1.111246778131155
-122.14060313559322,37.42212341807909,59.76153395678557,0.83,"c(-122.140603135593, 37.4221234180791)",1658.299829475183,-122.1260148,37.4314986,1.030640043179107
-122.13876367231639,37.42212341807909,59.85800244962593,0.91,"c(-122.138763672316, 37.4221234180791)",1534.9278487504619,-122.1260148,37.4314986,0.953963858763494
-122.13692420903955,37.42212341807909,59.280452204926405,0.83,"c(-122.13692420904, 37.4221234180791)",1419.5300143124946,-122.1260148,37.4314986,0.8822436384788654
-122.13508474576273,37.42212341807909,58.70454270756454,0.91,"c(-122.135084745763, 37.4221234180791)",1314.208585635812,-122.1260148,37.4314986,0.8167859450813001
-122.13324528248589,37.42212341807909,58.26936096575014,0.47,"c(-122.133245282486, 37.4221234180791)",1221.1989400884627,-122.125982,37.4314785,0.7589800746354647
-122.13140581920905,37.42212341807909,58.06034439087853,0.47,"c(-122.131405819209, 37.4221234180791)",1143.8941204801033,-122.125982,37.4314785,0.7109348169546944
-122.12956635593221,37.42212341807909,58.17287575368482,0.82,"c(-122.129566355932, 37.4221234180791)",1085.6691325003874,-122.125982,37.4314785,0.6747477517093768
-122.12772689265537,37.42212341807909,58.26639081743997,0.47,"c(-122.127726892655, 37.4221234180791)",1049.7037536892924,-122.125982,37.4314785,0.6523951234861979
-122.12588742937854,37.42212341807909,57.90526733162142,0.47,"c(-122.125887429379, 37.4221234180791)",1038.3136687114459,-122.125982,37.4314785,0.6453161396590714
-122.1240479661017,37.42212341807909,57.88396940744133,0.47,"c(-122.124047966102, 37.4221234180791)",1052.297190743976,-122.125982,37.4314785,0.6540069550925892
-122.12220850282488,37.42212341807909,57.89612325637427,0.47,"c(-122.122208502825, 37.4221234180791)",1090.6788159380226,-122.125982,37.4314785,0.6778612902038673
-122.12036903954804,37.42212341807909,57.747044214203925,0.47,"c(-122.120369039548, 37.4221234180791)",1151.020408276626,-122.125982,37.4314785,0.7153638336088416
-122.1185295762712,37.42212341807909,57.87376830829089,0.67,"c(-122.118529576271, 37.4221234180791)",1230.0945003541635,-122.125982,37.4314785,0.7645087012766709
-122.11669011299436,37.42212341807909,58.01253931327301,0.67,"c(-122.116690112994, 37.4221234180791)",1324.5504060079434,-122.125982,37.4314785,0.8232134282212202
-122.11485064971752,37.42212341807909,58.045035101034046,0.2,"c(-122.114850649718, 37.4221234180791)",1431.3461757863674,-122.125982,37.4314785,0.889587430569526
-122.11301118644069,37.42212341807909,58.207047819159925,0.83,"c(-122.113011186441, 37.4221234180791)",1542.6955676411178,-122.124761,37.43239,0.9587915274338831
-122.11117172316386,37.42212341807909,58.432852759506204,0.47,"c(-122.111171723164, 37.4221234180791)",1649.6547797447145,-122.1231248,37.4335278,1.025267109847554
-122.10933225988703,37.42212341807909,57.5595047595707,0.47,"c(-122.109332259887, 37.4221234180791)",1646.9477714572536,-122.1040984,37.4363636,1.0235846932611894
-122.10749279661019,37.42212341807909,57.16263386306673,0.47,"c(-122.10749279661, 37.4221234180791)",1608.7584449137646,-122.1040984,37.4363636,0.9998498725380762
-122.15163991525424,37.423665367231635,57.29104818563792,0.47,"c(-122.151639915254, 37.4236653672316)",2429.0095351187433,-122.1260148,37.4314986,1.5096392387313506
-122.1498004519774,37.423665367231635,57.624651991936844,0.47,"c(-122.149800451977, 37.4236653672316)",2277.728341712513,-122.1260148,37.4314986,1.415617365887205
-122.14796098870056,37.423665367231635,58.202734951009916,0.82,"c(-122.147960988701, 37.4236653672316)",2128.149706059239,-122.1260148,37.4314986,1.3226536395644743
-122.14612152542374,37.423665367231635,58.78081791007571,0.83,"c(-122.146121525424, 37.4236653672316)",1980.6593953120891,-122.1260148,37.4314986,1.230987815607265
-122.1442820621469,37.423665367231635,59.35890086914878,0.83,"c(-122.144282062147, 37.4236653672316)",1835.7608246629134,-122.1260148,37.4314986,1.1409327685909965
-122.14244259887006,37.423665367231635,60.409532596506324,0.83,"c(-122.14244259887, 37.4236653672316)",1694.119141916514,-122.1260148,37.4314986,1.0529018905634022
-122.14060313559322,37.423665367231635,60.291361929806044,0.47,"c(-122.140603135593, 37.4236653672316)",1556.6236620801824,-122.1260148,37.4314986,0.9674478943941469
-122.13876367231639,37.423665367231635,60.03301101890975,0.47,"c(-122.138763672316, 37.4236653672316)",1424.4755106918299,-122.1260148,37.4314986,0.8853172844573213
-122.13692420903955,37.423665367231635,59.4554607742175,0.96,"c(-122.13692420904, 37.4236653672316)",1299.3072895947078,-122.1260148,37.4314986,0.8075247293938519
-122.13508474576273,37.423665367231635,58.8779105295107,0.83,"c(-122.135084745763, 37.4236653672316)",1183.335997161298,-122.1260148,37.4314986,0.735448102648414
-122.13324528248589,37.423665367231635,58.28764772044815,0.5,"c(-122.133245282486, 37.4236653672316)",1079.4605154058202,-122.125982,37.4314785,0.6708890711036795
-122.13140581920905,37.423665367231635,58.144125893277305,0.82,"c(-122.131405819209, 37.4236653672316)",991.1637913319579,-122.125982,37.4314785,0.6160123003927643
-122.12956635593221,37.423665367231635,58.0566684485093,0.47,"c(-122.129566355932, 37.4236653672316)",923.3591011986637,-122.125982,37.4314785,0.5738714115591446
-122.12772689265537,37.423665367231635,58.05913860851342,0.47,"c(-122.127726892655, 37.4236653672316)",880.7917517372817,-122.125982,37.4314785,0.547415631906328
-122.12588742937854,37.423665367231635,57.68762817574316,0.47,"c(-122.125887429379, 37.4236653672316)",867.1861978613987,-122.125982,37.4314785,0.5389597252090731
-122.1240479661017,37.423665367231635,57.590555760227744,0.47,"c(-122.124047966102, 37.4236653672316)",883.8808773103598,-122.125982,37.4314785,0.5493355359293721
-122.12220850282488,37.423665367231635,57.68867525940004,0.47,"c(-122.122208502825, 37.4236653672316)",929.2441124142471,-122.125982,37.4314785,0.5775289698037582
-122.12036903954804,37.423665367231635,57.56786844796807,0.47,"c(-122.120369039548, 37.4236653672316)",999.3795811784032,-122.125982,37.4314785,0.6211184469722829
-122.1185295762712,37.423665367231635,57.70211618416579,0.47,"c(-122.118529576271, 37.4236653672316)",1089.513738179931,-122.125982,37.4314785,0.6771371896705599
-122.11669011299436,37.423665367231635,57.84088718914791,0.47,"c(-122.116690112994, 37.4236653672316)",1195.1303425172123,-122.125982,37.4314785,0.742778335933631
-122.11485064971752,37.423665367231635,58.12828640050179,0.83,"c(-122.114850649718, 37.4236653672316)",1306.539633650355,-122.124761,37.43239,0.8120196604414884
-122.11301118644069,37.423665367231635,57.910276657145005,0.47,"c(-122.113011186441, 37.4236653672316)",1414.0089774266892,-122.1231248,37.4335278,0.8788122917505837
-122.11117172316386,37.423665367231635,57.49723767697287,0.47,"c(-122.111171723164, 37.4236653672316)",1522.3035188002277,-122.1231248,37.4335278,0.946117786699955
-122.10933225988703,37.423665367231635,57.07297986599224,0.47,"c(-122.109332259887, 37.4236653672316)",1483.5023818790858,-122.1040984,37.4363636,0.9220027233555537
-122.10749279661019,37.423665367231635,57.05330557905836,0,"c(-122.10749279661, 37.4236653672316)",1440.9887712918073,-122.1040984,37.4363636,0.8955803426300853
-122.1498004519774,37.425207316384174,57.77123455167748,0.82,"c(-122.149800451977, 37.4252073163842)",2218.0356879285355,-122.1260148,37.4314986,1.3785181404154976
-122.14796098870056,37.425207316384174,58.378528914094204,0.83,"c(-122.147960988701, 37.4252073163842)",2064.1391912417907,-122.1260148,37.4314986,1.282870846017272
-122.14612152542374,37.425207316384174,58.927209656299965,0.83,"c(-122.146121525424, 37.4252073163842)",1911.7200363962645,-122.1260148,37.4314986,1.1881417255414943
-122.1442820621469,37.425207316384174,59.60305808027624,0.83,"c(-122.144282062147, 37.4252073163842)",1761.1618333807403,-122.1260148,37.4314986,1.094569194145892
-122.14244259887006,37.425207316384174,60.080774847789144,0.82,"c(-122.14244259887, 37.4252073163842)",1612.9857775045257,-122.1260148,37.4314986,1.0024771768207121
-122.14060313559322,37.425207316384174,60.52723869509646,0.82,"c(-122.140603135593, 37.4252073163842)",1467.9134317034227,-122.1260148,37.4314986,0.9123141278455082
-122.13876367231639,37.425207316384174,60.20801958820084,0.83,"c(-122.138763672316, 37.4252073163842)",1326.9631408428043,-122.1260148,37.4314986,0.8247129526679952
-122.13692420903955,37.425207316384174,59.650027921750734,0.83,"c(-122.13692420904, 37.4252073163842)",1191.5985570328496,-122.1260148,37.4314986,0.7405833169874765
-122.13508474576273,37.425207316384174,58.79499093159393,0.5,"c(-122.135084745763, 37.4252073163842)",1063.9537936433458,-122.1260148,37.4314986,0.6612515808846151
-122.13324528248589,37.425207316384174,58.12737480294072,0.47,"c(-122.133245282486, 37.4252073163842)",947.1551292786104,-122.1260148,37.4314986,0.5886607391414608
-122.13140581920905,37.425207316384174,58.378276765764895,0.47,"c(-122.131405819209, 37.4252073163842)",845.5124370688279,-122.125982,37.4314785,0.5254893953193461
-122.12956635593221,37.425207316384174,57.887502322215994,0.67,"c(-122.129566355932, 37.4252073163842)",764.9054267962256,-122.125982,37.4314785,0.4753918128006374
-122.12772689265537,37.425207316384174,57.81544707757865,0.47,"c(-122.127726892655, 37.4252073163842)",712.9403671130095,-122.125982,37.4314785,0.44309531828030424
-122.12588742937854,37.425207316384174,57.58377686118911,0.47,"c(-122.125887429379, 37.4252073163842)",696.0619560137505,-122.125982,37.4314785,0.43260531759711035
-122.1240479661017,37.425207316384174,57.4118057307287,0.47,"c(-122.124047966102, 37.4252073163842)",716.7532006285101,-122.125982,37.4314785,0.44546500971318215
-122.12220850282488,37.425207316384174,57.59175184201513,0.47,"c(-122.122208502825, 37.4252073163842)",771.9991444588219,-122.125982,37.4314785,0.4798005869849732
-122.12036903954804,37.425207316384174,57.52939177822691,0.47,"c(-122.120369039548, 37.4252073163842)",855.1285469949293,-122.125982,37.4314785,0.5314658464853507
-122.1185295762712,37.425207316384174,57.62430228887706,0.47,"c(-122.118529576271, 37.4252073163842)",958.9168937276802,-122.125982,37.4314785,0.5959707232614544
-122.11669011299436,37.425207316384174,57.68850537983462,0.47,"c(-122.116690112994, 37.4252073163842)",1070.4123065790109,-122.124761,37.43239,0.6652655727650783
-122.11485064971752,37.425207316384174,57.579602487761804,0.47,"c(-122.114850649718, 37.4252073163842)",1178.5931454521367,-122.1231248,37.4335278,0.7325004011511105
-122.11301118644069,37.425207316384174,57.203598838781545,0.47,"c(-122.113011186441, 37.4252073163842)",1286.0982533932468,-122.1231248,37.4335278,0.7993152600330931
-122.11117172316386,37.425207316384174,56.72390667264699,0.47,"c(-122.111171723164, 37.4252073163842)",1387.4561790258383,-122.1040984,37.4363636,0.8623096202770903
-122.10933225988703,37.425207316384174,56.19999835850396,0.47,"c(-122.109332259887, 37.4252073163842)",1322.0042894282801,-122.1040984,37.4363636,0.8216310064812182
-122.10749279661019,37.425207316384174,56.300072764584286,0.47,"c(-122.10749279661, 37.4252073163842)",1274.1142857118173,-122.1040984,37.4363636,0.7918671757065365
-122.1498004519774,37.42674926553672,57.75698372928309,0.82,"c(-122.149800451977, 37.4267492655367)",2170.2285567474987,-122.1260148,37.4314986,1.3488058152563696
-122.14796098870056,37.42674926553672,58.2576723310267,0.83,"c(-122.147960988701, 37.4267492655367)",2012.6832318771017,-122.1260148,37.4314986,1.2508907594015548
-122.14612152542374,37.42674926553672,58.942035798871075,0.83,"c(-122.146121525424, 37.4267492655367)",1856.0466364852953,-122.1260148,37.4314986,1.1535404825887479
-122.1442820621469,37.42674926553672,59.4531385056689,0.96,"c(-122.144282062147, 37.4267492655367)",1700.5698937541767,-122.1260148,37.4314986,1.0569110588901036
-122.14244259887006,37.42674926553672,59.964241212459456,0.83,"c(-122.14244259887, 37.4267492655367)",1546.6028359909385,-122.1260148,37.4314986,0.9612199104977865
-122.14060313559322,37.42674926553672,60.46975729400583,0.82,"c(-122.140603135593, 37.4267492655367)",1394.645554705387,-122.1260148,37.4314986,0.866777846305399
-122.13876367231639,37.42674926553672,59.90727427782258,0.91,"c(-122.138763672316, 37.4267492655367)",1245.4339149849861,-122.1260148,37.4314986,0.7740422094375302
-122.13692420903955,37.42674926553672,58.94301744214317,0.82,"c(-122.13692420904, 37.4267492655367)",1100.0857114172848,-122.1260148,37.4314986,0.6837077137459818
-122.13508474576273,37.42674926553672,58.13221164861261,0.47,"c(-122.135084745763, 37.4267492655367)",960.3567206999187,-122.1260148,37.4314986,0.5968655815412794
-122.13324528248589,37.42674926553672,57.971341029629,0.47,"c(-122.133245282486, 37.4267492655367)",829.0928851965638,-122.1260148,37.4314986,0.5152845774994181
-122.13140581920905,37.42674926553672,58.12879676710145,0.47,"c(-122.131405819209, 37.4267492655367)",710.9982534675306,-122.1260148,37.4314986,0.4418882868039345
-122.12956635593221,37.42674926553672,57.700424625844505,0.47,"c(-122.129566355932, 37.4267492655367)",613.3044576220145,-122.125982,37.4314785,0.3811711980248692
-122.12772689265537,37.42674926553672,57.628369381207165,0.83,"c(-122.127726892655, 37.4267492655367)",547.1266652655632,-122.125982,37.4314785,0.3400414327318603
-122.12588742937854,37.42674926553672,57.556314136569824,0.47,"c(-122.125887429379, 37.4267492655367)",524.9441447707098,-122.125982,37.4314785,0.3262549066318893
-122.1240479661017,37.42674926553672,57.245160702295834,0.83,"c(-122.124047966102, 37.4267492655367)",552.0857357335548,-122.125982,37.4314785,0.3431235150612522
-122.12220850282488,37.42674926553672,57.54745711251826,0.47,"c(-122.122208502825, 37.4267492655367)",622.1290069174029,-122.125982,37.4314785,0.38665569106115777
-122.12036903954804,37.42674926553672,57.64314075531729,0.47,"c(-122.120369039548, 37.4267492655367)",722.7059429957758,-122.125982,37.4314785,0.44916466314218506
-122.1185295762712,37.42674926553672,57.56873500172787,0.83,"c(-122.118529576271, 37.4267492655367)",834.3359482151773,-122.124761,37.43239,0.518543162346288
-122.11669011299436,37.42674926553672,57.42677579085466,0.83,"c(-122.116690112994, 37.4267492655367)",943.5777232936791,-122.1231248,37.4335278,0.5864373668699062
-122.11485064971752,37.42674926553672,57.045877145072154,0.47,"c(-122.114850649718, 37.4267492655367)",1049.8991898133077,-122.1231248,37.4335278,0.6525165878267916
-122.11301118644069,37.42674926553672,56.73946852941299,0.47,"c(-122.113011186441, 37.4267492655367)",1158.9189645562924,-122.12174082759529,37.434516574165606,0.7202728182450543
-122.11117172316386,37.42674926553672,56.55872536830907,0.47,"c(-122.111171723164, 37.4267492655367)",1237.142170832589,-122.1040984,37.4363636,0.7688888569500243
-122.10933225988703,37.42674926553672,56.20000389321773,0.47,"c(-122.109332259887, 37.4267492655367)",1163.2648367978695,-122.1040984,37.4363636,0.722973795399546
-122.10749279661019,37.42674926553672,56.30003090524188,0.47,"c(-122.10749279661, 37.4267492655367)",1108.539355285457,-122.1040984,37.4363636,0.6889616875608807
-122.1498004519774,37.42829121468926,58.61378886186867,0.47,"c(-122.149800451977, 37.4282912146893)",2135.1054942050882,-122.1260148,37.4314986,1.3269766899969473
-122.14796098870056,37.42829121468926,58.162082392673256,0.47,"c(-122.147960988701, 37.4282912146893)",1974.7634771066325,-122.1260148,37.4314986,1.2273234786243832
-122.14612152542374,37.42829121468926,58.189761176156026,0.82,"c(-122.146121525424, 37.4282912146893)",1814.8604750606942,-122.1260148,37.4314986,1.1279431168804812
-122.1442820621469,37.42829121468926,58.25064459573332,0.96,"c(-122.144282062147, 37.4282912146893)",1655.523703206111,-122.1260148,37.4314986,1.0289146694879496
-122.14244259887006,37.42829121468926,58.56384990530205,0.83,"c(-122.14244259887, 37.4282912146893)",1496.9339847011263,-122.1260148,37.4314986,0.930350518770122
-122.14060313559322,37.42829121468926,58.87758704923908,0.01,"c(-122.140603135593, 37.4282912146893)",1339.356715797141,-122.1260148,37.4314986,0.8324156095693854
-122.13876367231639,37.42829121468926,59.09104395270697,0.82,"c(-122.138763672316, 37.4282912146893)",1183.1964776991108,-122.1260148,37.4314986,0.7353613907390372
-122.13692420903955,37.42829121468926,58.16719109341648,0.47,"c(-122.13692420904, 37.4282912146893)",1029.098553478897,-122.1260148,37.4314986,0.6395889083150386
-122.13508474576273,37.42829121468926,57.97617787530089,0.47,"c(-122.135084745763, 37.4282912146893)",878.1493017025658,-122.1260148,37.4314986,0.5457733385348451
-122.13324528248589,37.42829121468926,57.81530725631728,0.47,"c(-122.133245282486, 37.4282912146893)",732.2984329270257,-122.1260148,37.4314986,0.45512643438597
-122.13140581920905,37.42829121468926,57.67108851894591,0.47,"c(-122.131405819209, 37.4282912146893)",595.3051563919532,-122.1260148,37.4314986,0.3699845595972363
-122.12956635593221,37.42829121468926,57.68278935588387,0.47,"c(-122.129566355932, 37.4282912146893)",474.8977776630298,-122.1260148,37.4314986,0.29515088729834044
-122.12772689265537,37.42829121468926,57.80198396875858,0.47,"c(-122.127726892655, 37.4282912146893)",385.98577465705006,-122.125982,37.4314785,0.23989171824552522
-122.12588742937854,37.42829121468926,57.642702322118566,0.47,"c(-122.125887429379, 37.4282912146893)",353.8421586884814,-122.125982,37.4314785,0.21991433106804312
-122.1240479661017,37.42829121468926,57.31899740076915,0.47,"c(-122.124047966102, 37.4282912146893)",392.98343246827176,-122.125982,37.4314785,0.24424079084417138
-122.12220850282488,37.42829121468926,57.5031623830223,0.47,"c(-122.122208502825, 37.4282912146893)",486.4978242660706,-122.125982,37.4314785,0.30236036312372316
-122.12036903954804,37.42829121468926,57.48207210472901,0.47,"c(-122.120369039548, 37.4282912146893)",598.3633799456388,-122.12498471989908,37.43222299139784,0.37188525789039084
-122.1185295762712,37.42829121468926,57.25944733520919,0.47,"c(-122.118529576271, 37.4282912146893)",707.6454310941951,-122.1238605867481,37.433033563108914,0.43980449415425427
-122.11669011299436,37.42829121468926,56.91731794808584,0.83,"c(-122.116690112994, 37.4282912146893)",813.7097530578666,-122.1231248,37.4335278,0.5057238987308058
-122.11485064971752,37.42829121468926,56.742331420122355,0.47,"c(-122.114850649718, 37.4282912146893)",922.5536360298325,-122.12179763547739,37.4344759888103,0.573370811702817
-122.11301118644069,37.42829121468926,56.642510920961286,0.47,"c(-122.113011186441, 37.4282912146893)",1031.2513469559792,-122.1203787,37.4354897,0.6409268781578491
-122.11117172316386,37.42829121468926,56.46493748736975,0.47,"c(-122.111171723164, 37.4282912146893)",1092.9687158780491,-122.1040984,37.4363636,0.6792844722672773
-122.10933225988703,37.42829121468926,56.15135629824363,0.47,"c(-122.109332259887, 37.4282912146893)",1008.5874185124716,-122.1040984,37.4363636,0.6268411550730091
-122.10749279661019,37.42829121468926,56.355116242108124,0.47,"c(-122.10749279661, 37.4282912146893)",944.9473807721057,-122.1040984,37.4363636,0.5872886145258581
-122.18842918079095,37.429833163841806,54.89157236250321,0.47,"c(-122.188429180791, 37.4298331638418)",5333.291083378952,-122.1366045,37.4543619,3.3146619536227173
-122.15163991525424,37.429833163841806,59.11988019327691,0.47,"c(-122.151639915254, 37.4298331638418)",2275.525284185359,-122.1260148,37.4314986,1.4142481567342193
-122.1498004519774,37.429833163841806,58.583162558003096,0.47,"c(-122.149800451977, 37.4298331638418)",2113.2990340844394,-122.1260148,37.4314986,1.3134238869387442
-122.14796098870056,37.429833163841806,57.933417618009116,0.47,"c(-122.147960988701, 37.4298331638418)",1951.1693013901013,-122.1260148,37.4314986,1.2126596031013681
-122.14612152542374,37.429833163841806,57.961096401491886,0.47,"c(-122.146121525424, 37.4298331638418)",1789.16232491548,-122.1260148,37.4314986,1.1119716127504538
-122.1442820621469,37.429833163841806,57.988775184974656,0.47,"c(-122.144282062147, 37.4298331638418)",1627.3147680499585,-122.1260148,37.4314986,1.0113827023306143
-122.14244259887006,37.429833163841806,58.01645396845743,0.5,"c(-122.14244259887, 37.4298331638418)",1465.6794435177135,-122.1260148,37.4314986,0.9109256951632775
-122.14060313559322,37.429833163841806,58.044132751941106,0.47,"c(-122.140603135593, 37.4298331638418)",1304.3352542962796,-122.1260148,37.4314986,0.8106496297677313
-122.13876367231639,37.429833163841806,58.31589234587591,0.8,"c(-122.138763672316, 37.4298331638418)",1143.4054520734696,-122.1260148,37.4314986,0.7106311075658606
-122.13692420903955,37.429833163841806,57.98101472097096,0.47,"c(-122.13692420904, 37.4298331638418)",983.0935601439784,-122.1260148,37.4314986,0.6109966191075068
-122.13508474576273,37.429833163841806,57.90694401570181,0.47,"c(-122.135084745763, 37.4298331638418)",823.7604119064389,-122.1260148,37.4314986,0.5119704238076065
-122.13324528248589,37.429833163841806,57.856159640352416,0.47,"c(-122.133245282486, 37.4298331638418)",666.1087243248098,-122.1260148,37.4314986,0.41398926309807943
-122.13140581920905,37.429833163841806,57.35080921623012,0.47,"c(-122.131405819209, 37.4298331638418)",511.6950237013121,-122.1260148,37.4314986,0.3180205243637738
-122.12956635593221,37.429833163841806,57.66393896847512,0.2,"c(-122.129566355932, 37.4298331638418)",364.6561534794825,-122.1260148,37.4314986,0.22663527251676974
-122.12772689265537,37.429833163841806,58.06175485377025,0.47,"c(-122.127726892655, 37.4298331638418)",239.01416618717175,-122.1260148,37.4314986,0.14854826984908126
-122.12588742937854,37.429833163841806,57.98788129641616,0.47,"c(-122.125887429379, 37.4298331638418)",182.8005661098786,-122.125982,37.4314785,0.11361129031067656
-122.1240479661017,37.429833163841806,57.84006451889218,0.47,"c(-122.124047966102, 37.4298331638418)",250.29413166000424,-122.125982,37.4314785,0.15555881395898336
-122.12220850282488,37.429833163841806,57.41835221136262,0.82,"c(-122.122208502825, 37.4298331638418)",361.9235179041095,-122.1250005427591,37.43221117946847,0.22493692846743907
-122.12036903954804,37.429833163841806,57.21380898516145,0.47,"c(-122.120369039548, 37.4298331638418)",471.28090787536956,-122.12391993696488,37.43299114357275,0.2929029881139649
-122.1185295762712,37.429833163841806,56.979796339112,0.47,"c(-122.118529576271, 37.4298331638418)",577.4359126521312,-122.12287802590482,37.43370410998012,0.3588787524251903
-122.11669011299436,37.429833163841806,56.71210990776308,0.47,"c(-122.116690112994, 37.4298331638418)",686.1904228103077,-122.1218574825654,37.4344332320725,0.42647011983238514
-122.11485064971752,37.429833163841806,56.66370253227251,0.47,"c(-122.114850649718, 37.4298331638418)",794.9425607173235,-122.12083786524832,37.43516166955798,0.4940600128759003
-122.11301118644069,37.429833163841806,56.60005124153338,0.47,"c(-122.113011186441, 37.4298331638418)",905.0519074163016,-122.12002787379866,37.435754111834974,0.5624934166664397
-122.11117172316386,37.429833163841806,56.39118513885478,0.83,"c(-122.111171723164, 37.4298331638418)",957.4341134892777,-122.1041444,37.4363918,0.5950491693531869
-122.10933225988703,37.429833163841806,56.307944420945205,0.91,"c(-122.109332259887, 37.4298331638418)",860.1661978759022,-122.1040984,37.4363636,0.5345967668588578
-122.10749279661019,37.429833163841806,56.496467093104,0.83,"c(-122.10749279661, 37.4298331638418)",784.5797662672567,-122.1040984,37.4363636,0.4876194942618127
-122.19026864406779,37.431375112994345,54.88325630124564,0.82,"c(-122.190268644068, 37.4313751129943)",5390.790222478029,-122.1366045,37.4543619,3.350397900856451
-122.18842918079095,37.431375112994345,55.05668559079095,0.82,"c(-122.188429180791, 37.4313751129943)",5247.959199756118,-122.1366045,37.4543619,3.2616278432294084
-122.18658971751411,37.431375112994345,55.427302704090835,0.82,"c(-122.186589717514, 37.4313751129943)",5106.322201871811,-122.1366045,37.4543619,3.17359987686253
-122.15347937853107,37.431375112994345,59.034698907347774,0.47,"c(-122.153479378531, 37.4313751129943)",2430.824986980855,-122.1260148,37.4314986,1.5107675493976724
-122.15163991525424,37.431375112994345,58.88242264002474,0.47,"c(-122.151639915254, 37.4313751129943)",2268.0237984767914,-122.1260148,37.4314986,1.4095859530620207
-122.1498004519774,37.431375112994345,58.277142325358,0.47,"c(-122.149800451977, 37.4313751129943)",2105.223038707666,-122.1260148,37.4314986,1.3084046231868651
-122.14796098870056,37.431375112994345,57.718559975299286,0.47,"c(-122.147960988701, 37.4313751129943)",1942.422815544286,-122.1260148,37.4314986,1.2072236268143481
-122.14612152542374,37.431375112994345,57.73243162682866,0.47,"c(-122.146121525424, 37.4313751129943)",1779.6232763247042,-122.1260148,37.4314986,1.1060430555156644
-122.1442820621469,37.431375112994345,57.76011041031143,0.47,"c(-122.144282062147, 37.4313751129943)",1616.824627718193,-122.1260148,37.4314986,1.0048630377366021
-122.14244259887006,37.431375112994345,57.7877891937942,0.47,"c(-122.14244259887, 37.4313751129943)",1454.0271689485794,-122.1260148,37.4314986,0.9036837594459785
-122.14060313559322,37.431375112994345,57.857389378214066,0.47,"c(-122.140603135593, 37.4313751129943)",1291.231350130803,-122.1260148,37.4314986,0.8025055003920467
-122.13876367231639,37.431375112994345,57.98038586576877,0.47,"c(-122.138763672316, 37.4313751129943)",1128.437881110997,-122.1260148,37.4314986,0.701328701747046
-122.13692420903955,37.431375112994345,58.43340643971533,0.47,"c(-122.13692420904, 37.4313751129943)",965.6479503875142,-122.1260148,37.4314986,0.6001541021675042
-122.13508474576273,37.431375112994345,57.95086792797156,0.47,"c(-122.135084745763, 37.4313751129943)",802.863710337212,-122.1260148,37.4314986,0.4989830393643331
-122.13324528248589,37.431375112994345,57.332367949962645,0.47,"c(-122.133245282486, 37.4313751129943)",640.0895027242562,-122.1260148,37.4314986,0.39781821176150173
-122.13140581920905,37.431375112994345,57.355320830551136,0.47,"c(-122.131405819209, 37.4313751129943)",477.3355911136422,-122.1260148,37.4314986,0.29666599820611694
-122.12956635593221,37.431375112994345,57.85894713650123,0.83,"c(-122.129566355932, 37.4313751129943)",314.6334733998194,-122.1260148,37.4314986,0.19554597476682375
-122.12772689265537,37.431375112994345,57.948059943391854,0.82,"c(-122.127726892655, 37.4313751129943)",152.1493991646514,-122.1260148,37.4314986,0.09456146623036135
-122.12588742937854,37.431375112994345,58.460542380682455,0.83,"c(-122.125887429379, 37.4313751129943)",14.202893914959068,-122.125982,37.4314785,0.008827155944660702
-122.1240479661017,37.431375112994345,57.90123472265259,0.82,"c(-122.124047966102, 37.4313751129943)",125.48596701133492,-122.12501643691216,37.43219931431219,0.07799003543277497
-122.12220850282488,37.431375112994345,57.31601075668368,0.47,"c(-122.122208502825, 37.4313751129943)",234.91851128163663,-122.12397947300694,37.43294859114283,0.14600280377976174
-122.12036903954804,37.431375112994345,57.02626074985346,0.47,"c(-122.120369039548, 37.4313751129943)",341.07470031353733,-122.12293757232459,37.433661566626306,0.21197930411034016
-122.1185295762712,37.431375112994345,56.792248103802194,0.47,"c(-122.118529576271, 37.4313751129943)",449.82933204006576,-122.12191745157608,37.43439038814964,0.27957074707275686
-122.11669011299436,37.431375112994345,56.49830807739636,0.47,"c(-122.116690112994, 37.4313751129943)",558.581583361601,-122.12089759670967,37.43511899669632,0.34716071060385395
-122.11485064971752,37.431375112994345,56.59996860470523,0.47,"c(-122.114850649718, 37.4313751129943)",668.6126880855065,-122.1200343321759,37.43574924429048,0.4155454866908058
-122.11301118644069,37.431375112994345,56.44080085778114,0.47,"c(-122.113011186441, 37.4313751129943)",775.9743782867512,-122.11867559311602,37.43670060889886,0.4822712108680865
-122.11117172316386,37.431375112994345,56.27795651531369,0.47,"c(-122.111171723164, 37.4313751129943)",834.7553388638025,-122.1041444,37.4363918,0.5188038153286529
-122.10933225988703,37.431375112994345,56.55141037715657,0.83,"c(-122.109332259887, 37.4313751129943)",721.6767564419482,-122.1041444,37.4363918,0.4485250195412978
-122.10749279661019,37.431375112994345,56.64044690685114,0.83,"c(-122.10749279661, 37.4313751129943)",629.9040560212354,-122.1040984,37.4363636,0.3914879154886485
-122.18658971751411,37.432917062146885,55.59097442390339,0.82,"c(-122.186589717514, 37.4329170621469)",5022.96846586263,-122.1366045,37.4543619,3.1217951932023804
-122.18475025423727,37.432917062146885,55.89593738867552,0.82,"c(-122.184750254237, 37.4329170621469)",4880.234216143421,-122.1366045,37.4543619,3.0330852803874584
-122.17739240112994,37.432917062146885,55.78502216646666,0.83,"c(-122.17739240113, 37.4329170621469)",4323.483734744008,-122.1366045,37.4543619,2.687062607050347
-122.1755529378531,37.432917062146885,56.24385998523212,0.83,"c(-122.175552937853, 37.4329170621469)",4188.549941417617,-122.1366045,37.4543619,2.60320070939566
-122.15531884180791,37.432917062146885,59.02529770631372,0.47,"c(-122.155318841808, 37.4329170621469)",2598.3372854597974,-122.1260148,37.4314986,1.6148771196145415
-122.15347937853107,37.432917062146885,59.07286112202746,0.47,"c(-122.153479378531, 37.4329170621469)",2435.8540601051586,-122.1260148,37.4314986,1.5138931386607575
-122.15163991525424,37.432917062146885,58.481733068823814,0.47,"c(-122.151639915254, 37.4329170621469)",2273.4164877381386,-122.1260148,37.4314986,1.412937531223206
-122.1498004519774,37.432917062146885,58.302279693252785,0.47,"c(-122.149800451977, 37.4329170621469)",2111.035107019299,-122.1260148,37.4314986,1.3120168471220008
-122.14796098870056,37.432917062146885,57.83379199390765,0.47,"c(-122.147960988701, 37.4329170621469)",1948.7239649181713,-122.1260148,37.4314986,1.2111398166054514
-122.14612152542374,37.432917062146885,57.503766852166336,0.82,"c(-122.146121525424, 37.4329170621469)",1786.5022060190827,-122.1260148,37.4314986,1.1103183381100576
-122.1442820621469,37.432917062146885,57.531445635649106,0.47,"c(-122.144282062147, 37.4329170621469)",1624.3966096007305,-122.1260148,37.4314986,1.009569055065712
-122.14244259887006,37.432917062146885,57.56561731907095,0.47,"c(-122.14244259887, 37.4329170621469)",1462.4458045264118,-122.1260148,37.4314986,0.9089159754670055
-122.14060313559322,37.432917062146885,57.656678347902925,0.47,"c(-122.140603135593, 37.4329170621469)",1300.707611258116,-122.1260148,37.4314986,0.8083950349646464
-122.13876367231639,37.432917062146885,57.679920313737966,0.47,"c(-122.138763672316, 37.4329170621469)",1139.272584536071,-122.1260148,37.4314986,0.7080625136955071
-122.13692420903955,37.432917062146885,57.874739559265436,0.47,"c(-122.13692420904, 37.4329170621469)",978.2908192351479,-122.1260148,37.4314986,0.6080116962306699
-122.13508474576273,37.432917062146885,57.69964890376286,0.47,"c(-122.135084745763, 37.4329170621469)",818.0299539067647,-122.1260148,37.4314986,0.5084089210110408
-122.13324528248589,37.432917062146885,57.14466476030066,0.47,"c(-122.133245282486, 37.4329170621469)",659.0161283674416,-122.1260148,37.4314986,0.40958118605807436
-122.13140581920905,37.432917062146885,57.31289646738878,0.47,"c(-122.131405819209, 37.4329170621469)",502.43475493854754,-122.1260148,37.4314986,0.31226522991830175
-122.12956635593221,37.432917062146885,58.02840895992267,0.83,"c(-122.129566355932, 37.4329170621469)",351.55125106238603,-122.1260148,37.4314986,0.21849052272367062
-122.12772689265537,37.432917062146885,58.16572787750374,0.96,"c(-122.127726892655, 37.4329170621469)",218.50641857065082,-122.1260148,37.4314986,0.13580262185870157
-122.12588742937854,37.432917062146885,58.09526874175572,0.82,"c(-122.125887429379, 37.4329170621469)",107.09320755471138,-122.12505938966189,37.432214785508705,0.06655886112785045
-122.1240479661017,37.432917062146885,57.702072540403606,0,"c(-122.124047966102, 37.4329170621469)",1.4417665573980165,-122.12403749356764,37.43290712180339,8.960637398371762e-4
-122.12220850282488,37.432917062146885,57.07826989832574,0.47,"c(-122.122208502825, 37.4329170621469)",104.71561541964527,-122.12299708541282,37.43361904700803,0.0650811780109666
-122.12036903954804,37.432917062146885,56.711546687241935,0.47,"c(-122.120369039548, 37.4329170621469)",213.47036063456466,-122.12197780562136,37.434347269064475,0.13267269150687672
-122.1185295762712,37.432917062146885,56.60469986849239,0.47,"c(-122.118529576271, 37.4329170621469)",322.22274448520056,-122.1209574133086,37.435076262932235,0.20026273740534528
-122.11669011299436,37.432917062146885,56.33042947727063,0.02,"c(-122.116690112994, 37.4329170621469)",432.1757863605858,-122.12004075536105,37.435744403268565,0.2685989971165853
-122.11485064971752,37.432917062146885,56.311732512142044,0.47,"c(-122.114850649718, 37.4329170621469)",539.8661147404586,-122.11879163069663,37.43662210937279,0.3355289712495081
-122.11301118644069,37.432917062146885,56.354953676296645,0.47,"c(-122.113011186441, 37.4329170621469)",642.9659556706455,-122.1172288,37.4376341,0.39960593888790896
-122.11117172316386,37.432917062146885,56.450822652099305,0.47,"c(-122.111171723164, 37.4329170621469)",729.0250010238492,-122.1044603,37.4367256,0.4530919832342133
-122.10933225988703,37.432917062146885,56.90873551516779,0.47,"c(-122.109332259887, 37.4329170621469)",599.6092424578502,-122.1041444,37.4363918,0.37265956647473597
-122.10749279661019,37.432917062146885,56.6830123374275,0,"c(-122.10749279661, 37.4329170621469)",486.3552630533483,-122.1041444,37.4363918,0.3022717607541009
-122.18291079096045,37.43445901129943,56.158676815955914,0.82,"c(-122.18291079096, 37.4344590112994)",4655.155130843592,-122.1366045,37.4543619,2.8931977196044696
-122.18107132768361,37.43445901129943,55.28632327950618,0.83,"c(-122.181071327684, 37.4344590112994)",4512.5332128781465,-122.1366045,37.4543619,2.8045576214283074
-122.17923186440677,37.43445901129943,55.77523602653673,0.83,"c(-122.179231864407, 37.4344590112994)",4371.319555646285,-122.1366045,37.4543619,2.716792762987126
-122.17739240112994,37.43445901129943,56.27587881861109,0.83,"c(-122.17739240113, 37.4344590112994)",4231.6551458527165,-122.1366045,37.4543619,2.6299907680874557
-122.1755529378531,37.43445901129943,56.776521610692726,0.83,"c(-122.175552937853, 37.4344590112994)",4093.6985533062193,-122.1366045,37.4543619,2.5442501885060405
-122.17371347457626,37.43445901129943,57.277164402767085,0.83,"c(-122.173713474576, 37.4344590112994)",3957.628377419374,-122.1366045,37.4543619,2.4596820244993003
-122.15531884180791,37.43445901129943,59.17989073910576,0.67,"c(-122.155318841808, 37.4344590112994)",2614.2663875253265,-122.1260148,37.4314986,1.6247771208982762
-122.15347937853107,37.43445901129943,58.92354793482082,0.67,"c(-122.153479378531, 37.4344590112994)",2452.842000065794,-122.1260148,37.4314986,1.5244512119737688
-122.15163991525424,37.43445901129943,58.45620124969355,0.47,"c(-122.151639915254, 37.4344590112994)",2291.61233495339,-122.1260148,37.4314986,1.4242463237746363
-122.1498004519774,37.43445901129943,58.10429628570819,0.5,"c(-122.149800451977, 37.4344590112994)",2130.62159815005,-122.1260148,37.4314986,1.3241899304848042
-122.14796098870056,37.43445901129943,57.65533615203458,0.47,"c(-122.147960988701, 37.4344590112994)",1969.9283692403328,-122.1260148,37.4314986,1.224318439552724
-122.14612152542374,37.43445901129943,57.2751020775022,0.47,"c(-122.146121525424, 37.4344590112994)",1809.6119059821099,-122.1260148,37.4314986,1.1246811099950962
-122.1442820621469,37.43445901129943,57.30278086098497,0.47,"c(-122.144282062147, 37.4344590112994)",1649.7820479461852,-122.1260148,37.4314986,1.0253462075489033
-122.14244259887006,37.43445901129943,57.372689574704054,0.47,"c(-122.14244259887, 37.4344590112994)",1490.5953329159963,-122.1260148,37.4314986,0.9264110210789287
-122.14060313559322,37.43445901129943,57.33896009075397,0.47,"c(-122.140603135593, 37.4344590112994)",1332.2823172380547,-122.1260148,37.4314986,0.8280188422859258
-122.13876367231639,37.43445901129943,57.26090196450241,0.47,"c(-122.138763672316, 37.4344590112994)",1175.1961473871763,-122.1260148,37.4314986,0.7303891531306255
-122.13692420903955,37.43445901129943,57.047609093899155,0.47,"c(-122.13692420904, 37.4344590112994)",1019.903859530434,-122.1260148,37.4314986,0.6338743688815625
-122.13508474576273,37.43445901129943,57.44408109162032,0.47,"c(-122.135084745763, 37.4344590112994)",867.3695097910495,-122.1260148,37.4314986,0.5390736543138903
-122.13324528248589,37.43445901129943,57.560537876575836,0.47,"c(-122.133245282486, 37.4344590112994)",719.349662144512,-122.1260148,37.4314986,0.4470787210345009
-122.13140581920905,37.43445901129943,57.22738757498155,0.47,"c(-122.131405819209, 37.4344590112994)",579.3151927181212,-122.1260148,37.4314986,0.3600467325780741
-122.12956635593221,37.43445901129943,57.8011821849359,0.02,"c(-122.129566355932, 37.4344590112994)",454.7046677153151,-122.1260148,37.4314986,0.2826007878901896
-122.12772689265537,37.43445901129943,57.72831681765729,0.82,"c(-122.127726892655, 37.4344590112994)",343.52756547721896,-122.1250712357178,37.43220590571357,0.21350376971859475
-122.12588742937854,37.43445901129943,57.7188968672308,0.47,"c(-122.125887429379, 37.4344590112994)",233.66051215468315,-122.12412372157071,37.43289551219172,0.14522095224032514
-122.1240479661017,37.43445901129943,57.502910358150984,0.47,"c(-122.124047966102, 37.4344590112994)",126.73457344018736,-122.12315090262277,37.43357089201408,0.07876604937239737
-122.12220850282488,37.43445901129943,56.93889299082002,0.47,"c(-122.122208502825, 37.4344590112994)",18.039618183071887,-122.12207108385515,37.43433919931697,0.011211695576800428
-122.12036903954804,37.43445901129943,56.34928202246192,0.47,"c(-122.120369039548, 37.4344590112994)",85.86601209665855,-122.12101763763638,37.435033237801335,0.053366073397550375
-122.1185295762712,37.43445901129943,56.2002250232847,0.47,"c(-122.118529576271, 37.4344590112994)",195.7412000437455,-122.12004722215288,37.43573952938021,0.12165394657784058
-122.11669011299436,37.43445901129943,56.42651060418666,0.47,"c(-122.116690112994, 37.4344590112994)",303.75976464089615,-122.11890772342826,37.43654357225786,0.18878792084580245
-122.11485064971752,37.43445901129943,56.41903505857681,0.47,"c(-122.114850649718, 37.4344590112994)",409.2036984502329,-122.11783849205446,37.4372669002442,0.25432175167820564
-122.11301118644069,37.43445901129943,56.27141782947001,0.47,"c(-122.113011186441, 37.4344590112994)",513.3257052634909,-122.1172288,37.4376341,0.31903399954225664
-122.11117172316386,37.43445901129943,56.80814779011416,0.47,"c(-122.111171723164, 37.4344590112994)",619.1051184884518,-122.1157128,37.4387022,0.384776332186732
-122.10933225988703,37.43445901129943,57.106953235368564,0.83,"c(-122.109332259887, 37.4344590112994)",499.19324636867333,-122.1044603,37.4367256,0.3102506192471556
-122.10749279661019,37.43445901129943,56.7255777680075,0.95,"c(-122.10749279661, 37.4344590112994)",365.71569804553127,-122.1043038,37.4365546,0.22729378374489204
-122.18291079096045,37.43600096045197,55.972645308314895,0.82,"c(-122.18291079096, 37.436000960452)",4576.3915421617785,-122.1366045,37.4543619,2.844245831051447
-122.18107132768361,37.43600096045197,56.116065368976706,0.82,"c(-122.181071327684, 37.436000960452)",4431.238323473849,-122.1366045,37.4543619,2.7540325192503725
-122.17923186440677,37.43600096045197,56.57541175678489,0.83,"c(-122.179231864407, 37.436000960452)",4287.350869655829,-122.1366045,37.4543619,2.6646058854293533
-122.17739240112994,37.43600096045197,56.84435934285648,0.83,"c(-122.17739240113, 37.436000960452)",4144.861004663145,-122.1366045,37.4543619,2.576047858709226
-122.1755529378531,37.43600096045197,57.120777830927636,0.83,"c(-122.175552937853, 37.436000960452)",4003.917941868248,-122.1366045,37.4543619,2.4884511758037586
-122.17371347457626,37.43600096045197,57.809826028220414,0.83,"c(-122.173713474576, 37.436000960452)",3864.690918001346,-122.1366045,37.4543619,2.4019210180244537
-122.15715830508475,37.43600096045197,59.07076939149465,0.67,"c(-122.157158305085, 37.436000960452)",2724.2547543978903,-122.1362444,37.4540135,1.6931353352379679
-122.15531884180791,37.43600096045197,59.32422322244929,0.67,"c(-122.155318841808, 37.436000960452)",2616.4046568888543,-122.1362444,37.4540135,1.6261060639458387
-122.15347937853107,37.43600096045197,58.89081096657901,0.67,"c(-122.153479378531, 37.436000960452)",2481.543227257981,-122.1260148,37.4314986,1.5422891406202492
-122.15163991525424,37.43600096045197,58.37610902368033,0.47,"c(-122.151639915254, 37.436000960452)",2322.3104222687616,-122.1260148,37.4314986,1.4433253090545441
-122.1498004519774,37.43600096045197,57.85138326548258,0.47,"c(-122.149800451977, 37.436000960452)",2163.6084680374247,-122.1260148,37.4314986,1.3446914033793813
-122.14796098870056,37.43600096045197,57.50214806434815,0.47,"c(-122.147960988701, 37.436000960452)",2005.5633886217393,-122.1260148,37.4314986,1.2464657480557733
-122.14612152542374,37.43600096045197,57.04643730283897,0.47,"c(-122.146121525424, 37.436000960452)",1848.3436926278557,-122.1260148,37.4314986,1.1487530718631795
-122.1442820621469,37.43600096045197,57.08091751556094,0.47,"c(-122.144282062147, 37.436000960452)",1692.1794538637105,-122.1260148,37.4314986,1.051696366602679
-122.14244259887006,37.43600096045197,57.179761830340794,0.47,"c(-122.14244259887, 37.436000960452)",1537.3923376941993,-122.1260148,37.4314986,0.9554955485980108
-122.14060313559322,37.43600096045197,57.01668460062501,0.47,"c(-122.140603135593, 37.436000960452)",1384.4443268097448,-122.1260148,37.4314986,0.860437741957579
-122.13876367231639,37.43600096045197,57.243036959469464,0.47,"c(-122.138763672316, 37.436000960452)",1234.019443263209,-122.1260148,37.4314986,0.7669480691505339
-122.13692420903955,37.43600096045197,57.43952124943644,0.47,"c(-122.13692420904, 37.436000960452)",1087.1655242410354,-122.1260148,37.4314986,0.6756777652212774
-122.13508474576273,37.43600096045197,57.70393613317174,0.47,"c(-122.135084745763, 37.436000960452)",945.5478657417165,-122.1260148,37.4314986,0.5876618183602961
-122.13324528248589,37.43600096045197,58.29460563374778,0.47,"c(-122.133245282486, 37.436000960452)",811.9111123693244,-122.1260148,37.4314986,0.5046060362767709
-122.13140581920905,37.43600096045197,57.39997377370312,0.47,"c(-122.131405819209, 37.436000960452)",690.9019764948714,-122.1260148,37.4314986,0.4293983694809642
-122.12956635593221,37.43600096045197,57.23863990229438,0.47,"c(-122.129566355932, 37.436000960452)",579.9596255344952,-122.12508280625363,37.4321972324449,0.36044725017681495
-122.12772689265537,37.43600096045197,57.23837715850004,0.47,"c(-122.127726892655, 37.436000960452)",470.02285354487805,-122.12418089483394,37.4328545599608,0.2921211022653064
-122.12588742937854,37.43600096045197,56.94820639318027,0.47,"c(-122.125887429379, 37.436000960452)",362.2187352283172,-122.1234409,37.4333846,0.22512040722704613
-122.1240479661017,37.43600096045197,56.77987719344674,0.47,"c(-122.124047966102, 37.436000960452)",254.40430515594332,-122.12212580300474,37.43429997188068,0.1581133033908908
-122.12220850282488,37.43600096045197,56.40039135814004,0.47,"c(-122.122208502825, 37.436000960452)",145.4462173778181,-122.12111058746504,37.43502775567052,0.09039541167048981
-122.12036903954804,37.43600096045197,56.2411910574001,0.47,"c(-122.120369039548, 37.436000960452)",34.57634010901873,-122.12010415815129,37.435772398960715,0.02148933505843302
-122.1185295762712,37.43600096045197,56.340791922789094,0.2,"c(-122.118529576271, 37.436000960452)",67.65537372122867,-122.11902425017455,37.43646474124983,0.04204808808031614
-122.11669011299436,37.43600096045197,56.4346596615228,0.47,"c(-122.116690112994, 37.436000960452)",173.09953635658488,-122.11795464029953,37.43718832786755,0.10758206112901483
-122.11485064971752,37.43600096045197,56.474022062873246,0.47,"c(-122.114850649718, 37.436000960452)",277.7579363937526,-122.1172288,37.4376341,0.17262767954863428
-122.11301118644069,37.43600096045197,56.66601591050858,0.47,"c(-122.113011186441, 37.436000960452)",383.46328777077855,-122.1157128,37.4387022,0.23832398245542483
-122.11117172316386,37.43600096045197,57.0652403041895,0.91,"c(-122.111171723164, 37.436000960452)",485.1621576521695,-122.1144637513351,37.43948842707313,0.3015302409273894
-122.10933225988703,37.43600096045197,57.14951866594856,0.95,"c(-122.109332259887, 37.436000960452)",438.2056900017063,-122.1044742,37.4367642,0.2723466065890033
-122.18107132768361,37.43754290960452,56.06545834222197,0.82,"c(-122.181071327684, 37.4375429096045)",4355.153730006542,-122.1366045,37.4543619,2.7067456370457066
-122.17923186440677,37.43754290960452,56.52640084577433,0.82,"c(-122.179231864407, 37.4375429096045)",4208.668928839065,-122.1366045,37.4543619,2.615704741354298
-122.17739240112994,37.43754290960452,57.11208562523825,0.83,"c(-122.17739240113, 37.4375429096045)",4063.423934835339,-122.1366045,37.4543619,2.5254343908237034
-122.1755529378531,37.43754290960452,57.729803145106416,0.83,"c(-122.175552937853, 37.4375429096045)",3919.5565791703125,-122.1366045,37.4543619,2.4360202480859616
-122.17371347457626,37.43754290960452,57.862105339467234,0.96,"c(-122.173713474576, 37.4375429096045)",3777.2242801257134,-122.1366045,37.4543619,2.347560149239101
-122.17187401129944,37.43754290960452,58.533386660748874,0.47,"c(-122.171874011299, 37.4375429096045)",3636.6072828641686,-122.1366045,37.4543619,2.260166117379844
-122.15899776836159,37.43754290960452,58.537819754492375,0.67,"c(-122.158997768362, 37.4375429096045)",2719.467941556409,-122.1362444,37.4540135,1.6901603117193345
-122.15715830508475,37.43754290960452,58.92192759232421,0.67,"c(-122.157158305085, 37.4375429096045)",2601.2568182410337,-122.1362444,37.4540135,1.6166916210323392
-122.15531884180791,37.43754290960452,59.73338031495223,0.67,"c(-122.155318841808, 37.4375429096045)",2488.0832411022907,-122.1362444,37.4540135,1.5463537856446803
-122.15347937853107,37.43754290960452,58.78691367663487,0.47,"c(-122.153479378531, 37.4375429096045)",2380.6657526841927,-122.1362444,37.4540135,1.479593382650213
-122.15163991525424,37.43754290960452,58.29601679766711,0.47,"c(-122.151639915254, 37.4375429096045)",2279.8181218424247,-122.1362444,37.4540135,1.4169161726801893
-122.1498004519774,37.43754290960452,57.81038442924546,0.47,"c(-122.149800451977, 37.4375429096045)",2186.4496204764832,-122.1362444,37.4540135,1.3588872718934015
-122.14796098870056,37.43754290960452,57.30283834615602,0.47,"c(-122.147960988701, 37.4375429096045)",2054.8784185249356,-122.1260148,37.4314986,1.2771152383622968
-122.14612152542374,37.43754290960452,56.98959070688579,0.47,"c(-122.146121525424, 37.4375429096045)",1901.743317452513,-122.1260148,37.4314986,1.1819411544142406
-122.1442820621469,37.43754290960452,56.890999743916836,0.47,"c(-122.144282062147, 37.4375429096045)",1750.3530747535353,-122.1260148,37.4314986,1.0878515069941177
-122.14244259887006,37.43754290960452,57.0904907815152,0.47,"c(-122.14244259887, 37.4375429096045)",1601.202684734134,-122.1260148,37.4314986,0.9951539370628552
-122.14060313559322,37.43754290960452,57.312732783299,0.47,"c(-122.140603135593, 37.4375429096045)",1454.981133751499,-122.1260148,37.4314986,0.9042766524247975
-122.13876367231639,37.43754290960452,57.61426898826903,0.47,"c(-122.138763672316, 37.4375429096045)",1312.6675406931327,-122.1260148,37.4314986,0.8158281794239483
-122.13692420903955,37.43754290960452,57.82402775515584,0.47,"c(-122.13692420904, 37.4375429096045)",1175.681911145856,-122.1260148,37.4314986,0.7306910572690217
-122.13508474576273,37.43754290960452,57.85602616271672,0.67,"c(-122.135084745763, 37.4375429096045)",1046.1193770918258,-122.1260148,37.4314986,0.6501674189507929
-122.13324528248589,37.43754290960452,57.91591411418267,0.47,"c(-122.133245282486, 37.4375429096045)",927.0973289169946,-122.1260148,37.4314986,0.5761947351876908
-122.13140581920905,37.43754290960452,57.98418843844138,0.8,"c(-122.131405819209, 37.4375429096045)",816.3893917025647,-122.12509428570772,37.432188627447964,0.5073893049736263
-122.12956635593221,37.43754290960452,57.01209951237615,0.47,"c(-122.129566355932, 37.4375429096045)",706.3830826598597,-122.12423775889245,37.43281382913599,0.43901993950270957
-122.12772689265537,37.43754290960452,57.3745125007772,0.47,"c(-122.127726892655, 37.4375429096045)",597.390838303041,-122.1234409,37.4333846,0.37128081933066565
-122.12588742937854,37.43754290960452,56.91174475939624,0.47,"c(-122.125887429379, 37.4375429096045)",490.76687728234623,-122.12218233046619,37.43425944801961,0.3050135968193575
-122.1240479661017,37.43754290960452,56.48880667147387,0.47,"c(-122.124047966102, 37.4375429096045)",381.808665393666,-122.12116701838086,37.43498730229497,0.23729562796374518
-122.12220850282488,37.43754290960452,56.06586858355513,0.47,"c(-122.122208502825, 37.4375429096045)",270.9936595464594,-122.12013303755381,37.43575112684506,0.16842365416187657
-122.12036903954804,37.43754290960452,56.11182537323839,0.47,"c(-122.120369039548, 37.4375429096045)",161.98515005250067,-122.11918819661668,37.43643011127257,0.10067442514139259
-122.1185295762712,37.43754290960452,56.40364455998042,0.47,"c(-122.118529576271, 37.4375429096045)",56.853238543192404,-122.11811512865431,37.43715233886647,0.035334517428957365
-122.11669011299436,37.43754290960452,56.45115955219126,0.47,"c(-122.116690112994, 37.4375429096045)",43.18713268342877,-122.11698889788633,37.43784987874758,0.02684097742910427
-122.11485064971752,37.43754290960452,56.51172119957391,0.47,"c(-122.114850649718, 37.4375429096045)",147.3753836539595,-122.11594041504826,37.43854491034445,0.0915943963045118
-122.11301118644069,37.43754290960452,56.79873848500574,0.82,"c(-122.113011186441, 37.4375429096045)",250.18544471614206,-122.11470885479491,37.43934128125144,0.1554912645843021
-122.11117172316386,37.43754290960452,57.54143660585942,0.95,"c(-122.111171723164, 37.4375429096045)",347.2771339988991,-122.1120163,37.4405986,0.21583414170223686
-122.18107132768361,37.439084858757056,56.030032062310056,0.82,"c(-122.181071327684, 37.4390848587571)",4284.557018057199,-122.1366045,37.4543619,2.662869495374269
-122.17923186440677,37.439084858757056,56.44979869580129,0.82,"c(-122.179231864407, 37.4390848587571)",4135.575500779851,-122.1366045,37.4543619,2.5702768805344007
-122.17739240112994,37.439084858757056,57.211596542989355,0.82,"c(-122.17739240113, 37.4390848587571)",3987.6721653167397,-122.1366045,37.4543619,2.478354360047694
-122.1755529378531,37.439084858757056,57.65216136795789,0.96,"c(-122.175552937853, 37.4390848587571)",3840.9715655806435,-122.1366045,37.4543619,2.3871793446741103
-122.17371347457626,37.439084858757056,58.03985480686606,0.96,"c(-122.173713474576, 37.4390848587571)",3695.6169352041284,-122.1366045,37.4543619,2.2968408546949215
-122.17187401129944,37.439084858757056,58.37745107283354,0.96,"c(-122.171874011299, 37.4390848587571)",3551.773527545528,-122.1366045,37.4543619,2.207441595739918
-122.16083723163841,37.439084858757056,58.33107281617413,0.91,"c(-122.160837231638, 37.4390848587571)",2733.664529996837,-122.1366045,37.4543619,1.6989835487861011
-122.15899776836159,37.439084858757056,58.85998412050685,0.96,"c(-122.158997768362, 37.4390848587571)",2607.4968748595165,-122.1362444,37.4540135,1.6205698414291587
-122.15715830508475,37.439084858757056,59.12526628755586,0.5,"c(-122.157158305085, 37.4390848587571)",2483.9653797477254,-122.1362444,37.4540135,1.5437945181775794
-122.15531884180791,37.439084858757056,59.59102300836821,0.47,"c(-122.155318841808, 37.4390848587571)",2365.1885774195644,-122.1362444,37.4540135,1.4699742556989213
-122.15347937853107,37.439084858757056,58.77391024235112,0.47,"c(-122.153479378531, 37.4390848587571)",2251.91894826142,-122.1362444,37.4540135,1.399576723593176
-122.15163991525424,37.439084858757056,58.215924571653886,0.67,"c(-122.151639915254, 37.4390848587571)",2145.02909918071,-122.1362444,37.4540135,1.33314425057844
-122.1498004519774,37.439084858757056,57.73029220323224,0.47,"c(-122.149800451977, 37.4390848587571)",2045.5194125984153,-122.1362444,37.4540135,1.2712985783706745
-122.14796098870056,37.439084858757056,57.24465983481423,0.47,"c(-122.147960988701, 37.4390848587571)",1954.5174449592191,-122.1362444,37.4540135,1.2147404878553258
-122.14612152542374,37.439084858757056,57.16434546616074,0.47,"c(-122.146121525424, 37.4390848587571)",1873.2618418980844,-122.1361164,37.4539592,1.1642398022983744
-122.1442820621469,37.439084858757056,57.10837852690747,0.47,"c(-122.144282062147, 37.4390848587571)",1802.0513701138814,-122.1361164,37.4539592,1.119982206410119
-122.14244259887006,37.439084858757056,57.442826091632014,0.47,"c(-122.14244259887, 37.4390848587571)",1680.0889873051262,-122.1260148,37.4314986,1.044182092793739
-122.14060313559322,37.439084858757056,57.77416413368701,0.47,"c(-122.140603135593, 37.4390848587571)",1541.372192364121,-122.1260148,37.4314986,0.9579690443530895
-122.13876367231639,37.439084858757056,57.919122303392214,0.47,"c(-122.138763672316, 37.4390848587571)",1407.821824273106,-122.1260148,37.4314986,0.8749669510709173
-122.13692420903955,37.439084858757056,58.04829501880067,0.47,"c(-122.13692420904, 37.4390848587571)",1281.0547084066836,-122.1260148,37.4314986,0.7961806764491508
-122.13508474576273,37.439084858757056,57.794136741178136,0.47,"c(-122.135084745763, 37.4390848587571)",1163.2905340552663,-122.1260148,37.4314986,0.7229897663488293
-122.13324528248589,37.439084858757056,57.67712720959753,0.67,"c(-122.133245282486, 37.4390848587571)",1052.673737622905,-122.1247436,37.4324515,0.6542409804990087
-122.13140581920905,37.439084858757056,57.87322007399416,0.47,"c(-122.131405819209, 37.4390848587571)",942.7411508642967,-122.1242944876142,37.432773195179216,0.5859174337254797
-122.12956635593221,37.439084858757056,58.1023677225312,0.8,"c(-122.129566355932, 37.4390848587571)",833.1403491926751,-122.1234409,37.4333846,0.5178000927238503
-122.12772689265537,37.439084858757056,57.5798969433672,0.47,"c(-122.127726892655, 37.4390848587571)",727.1272981240677,-122.1222384402252,37.434219223534186,0.45191255321570395
-122.12588742937854,37.439084858757056,56.95637355136569,0.47,"c(-122.125887429379, 37.4390848587571)",618.1689804135489,-122.1212230270963,37.434947151510336,0.3841945185913915
-122.1240479661017,37.439084858757056,56.50758717374629,0.67,"c(-122.124047966102, 37.4390848587571)",506.8121755350287,-122.1198198,37.436005,0.3149858145028146
-122.12220850282488,37.439084858757056,56.15125738053666,0.67,"c(-122.122208502825, 37.4390848587571)",398.05358554260056,-122.11930992672711,37.43634817941484,0.24739191146215075
-122.12036903954804,37.439084858757056,55.87316179466143,0.47,"c(-122.120369039548, 37.4390848587571)",292.9214150111611,-122.11823688630028,37.43707039116596,0.18205184276641462
-122.1185295762712,37.439084858757056,56.356026190986995,0.47,"c(-122.118529576271, 37.4390848587571)",181.75727241923138,-122.1171897,37.4378437,0.11296287906726624
-122.11669011299436,37.439084858757056,56.42837976746887,0.82,"c(-122.116690112994, 37.4390848587571)",78.35009192790457,-122.11610690875719,37.438554809755786,0.048694898650033916
-122.11485064971752,37.439084858757056,56.54942033627458,0.7,"c(-122.114850649718, 37.4390848587571)",15.07616930029055,-122.11495786955076,37.43919018974716,0.009369900124481386
-122.11301118644069,37.439084858757056,56.71239158317985,0.95,"c(-122.113011186441, 37.4390848587571)",114.15912410319616,-122.11383333373647,37.439875784669525,0.07095035680745566
-122.11117172316386,37.439084858757056,57.62303799544679,0.91,"c(-122.111171723164, 37.4390848587571)",182.49744851241798,-122.1116014,37.4406931,0.11342290149932752
-122.10933225988703,37.439084858757056,57.23464952710492,0.91,"c(-122.109332259887, 37.4390848587571)",222.5897256453277,-122.1101736,37.4409749,0.1383404137012602
-122.17923186440677,37.4406268079096,56.72009519066523,0.83,"c(-122.179231864407, 37.4406268079096)",4068.371816307781,-122.1366045,37.4543619,2.5285095191471605
-122.17739240112994,37.4406268079096,57.09912183884444,0.82,"c(-122.17739240113, 37.4406268079096)",3917.935485106852,-122.1366045,37.4543619,2.4350127315766636
-122.1755529378531,37.4406268079096,57.48681527775625,0.82,"c(-122.175552937853, 37.4406268079096)",3768.5242870409097,-122.1366045,37.4543619,2.34215306839087
-122.17371347457626,37.4406268079096,57.874508716660785,0.96,"c(-122.173713474576, 37.4406268079096)",3620.265148554123,-122.1366045,37.4543619,2.250009414887584
-122.17187401129944,37.4406268079096,58.262202155572595,0.96,"c(-122.171874011299, 37.4406268079096)",3473.3056009136903,-122.1366045,37.4543619,2.1586734623453636
-122.16819508474576,37.4406268079096,56.617183151684,0.83,"c(-122.168195084746, 37.4406268079096)",3184.0035686106944,-122.1366045,37.4543619,1.97887108055357
-122.16267669491525,37.4406268079096,57.97279526786588,0.83,"c(-122.162676694915, 37.4406268079096)",2765.1991217968457,-122.1366045,37.4543619,1.718582424982502
-122.16083723163841,37.4406268079096,58.61803938624507,0.83,"c(-122.160837231638, 37.4406268079096)",2630.928332050412,-122.1366045,37.4543619,1.6351325867311448
-122.15899776836159,37.4406268079096,59.185288368760666,0.96,"c(-122.158997768362, 37.4406268079096)",2500.045840305322,-122.1366045,37.4543619,1.5537885893755887
-122.15715830508475,37.4406268079096,59.315712025949324,0.83,"c(-122.157158305085, 37.4406268079096)",2373.112329653347,-122.1366045,37.4543619,1.4748988997224033
-122.15531884180791,37.4406268079096,58.62993121720501,0.47,"c(-122.155318841808, 37.4406268079096)",2248.6106267741466,-122.1362444,37.4540135,1.3975205884239568
-122.15347937853107,37.4406268079096,57.82655524595975,0.47,"c(-122.153479378531, 37.4406268079096)",2129.150634716803,-122.1362444,37.4540135,1.323275720768678
-122.15163991525424,37.4406268079096,57.65652658943145,0.47,"c(-122.151639915254, 37.4406268079096)",2015.7636162125345,-122.1362444,37.4540135,1.2528052307100899
-122.1498004519774,37.4406268079096,57.352088943182025,0.47,"c(-122.149800451977, 37.4406268079096)",1909.5317081461612,-122.1362444,37.4540135,1.1867816706936987
-122.14796098870056,37.4406268079096,57.19996306415692,0.2,"c(-122.147960988701, 37.4406268079096)",1811.7139921582884,-122.1362444,37.4540135,1.125987565045549
-122.14612152542374,37.4406268079096,57.484151694661705,0.47,"c(-122.146121525424, 37.4406268079096)",1723.7435109332966,-122.1362444,37.4540135,1.0713135555831552
-122.1442820621469,37.4406268079096,57.721080444960535,0.47,"c(-122.144282062147, 37.4406268079096)",1646.7034747040484,-122.1361164,37.4539592,1.023432861842168
-122.14244259887006,37.4406268079096,57.63950830575777,0.47,"c(-122.14244259887, 37.4406268079096)",1582.0571456399564,-122.1361164,37.4539592,0.9832549071721295
-122.14060313559322,37.4406268079096,58.112601824502235,0.47,"c(-122.140603135593, 37.4406268079096)",1532.0460783743372,-122.1361164,37.4539592,0.952172826833025
-122.13876367231639,37.4406268079096,58.10388246970251,0.47,"c(-122.138763672316, 37.4406268079096)",1498.136661404215,-122.1361164,37.4539592,0.9310979871996363
-122.13692420903955,37.4406268079096,57.984725362637164,0.47,"c(-122.13692420904, 37.4406268079096)",1399.4815298052843,-122.1260148,37.4314986,0.8697834243662426
-122.13508474576273,37.4406268079096,57.63552201604398,0.47,"c(-122.135084745763, 37.4406268079096)",1288.7403310967263,-122.1247436,37.4324515,0.8009573219992084
-122.13324528248589,37.4406268079096,57.444342318485724,0.67,"c(-122.133245282486, 37.4406268079096)",1178.7192509099277,-122.1247436,37.4324515,0.7325787762025654
-122.13140581920905,37.4406268079096,57.63443316940902,0.67,"c(-122.131405819209, 37.4406268079096)",1069.083850202435,-122.1234409,37.4333846,0.6644399317603699
-122.12956635593221,37.4406268079096,57.59605733592616,0.47,"c(-122.129566355932, 37.4406268079096)",963.4855876075127,-122.12229435405878,37.434179139436026,0.5988101849642714
-122.12772689265537,37.4406268079096,57.68826568060467,0.47,"c(-122.127726892655, 37.4406268079096)",854.5271560854698,-122.12127889144566,37.4349071041475,0.5310920796056369
-122.12588742937854,37.4406268079096,57.064742288603156,0.47,"c(-122.125887429379, 37.4406268079096)",742.6063367085485,-122.1198198,37.436005,0.4615328382278114
-122.1240479661017,37.4406268079096,56.4928081620219,0.47,"c(-122.124047966102, 37.4406268079096)",634.1201053721977,-122.11943117230237,37.436266573375804,0.3941082071921676
-122.12220850282488,37.4406268079096,56.132203098459286,0.47,"c(-122.122208502825, 37.4406268079096)",528.9876851884828,-122.11835810450492,37.436988806227504,0.3287679833365338
-122.12036903954804,37.4406268079096,56.074643080292844,0.47,"c(-122.120369039548, 37.4406268079096)",417.8217988682184,-122.1171897,37.4378437,0.2596779359031811
-122.1185295762712,37.4406268079096,55.96844618150499,0.47,"c(-122.118529576271, 37.4406268079096)",314.6103147044717,-122.11619099201219,37.43849615084968,0.1955315815441092
-122.11669011299436,37.4406268079096,56.54141776059987,0.2,"c(-122.116690112994, 37.4406268079096)",209.5732993268006,-122.1151179,37.4392147,0.1302506521608456
-122.11485064971752,37.4406268079096,56.54553605106776,0.95,"c(-122.114850649718, 37.4406268079096)",108.55193799615206,-122.1140721,37.439871,0.06746546799015045
-122.11301118644069,37.4406268079096,56.8416484719055,0,"c(-122.113011186441, 37.4406268079096)",17.685724376828272,-122.11293750497367,37.440479097202704,0.010991749146568223
-122.11117172316386,37.4406268079096,57.70463938503417,0.02,"c(-122.111171723164, 37.4406268079096)",12.405067864999065,-122.11119048225973,37.44073724384532,0.0077097997917955656
-122.1755529378531,37.44216875706214,57.321469187550974,0.82,"c(-122.175552937853, 37.4421687570621)",3702.5750534626686,-122.1366045,37.4543619,2.301165353301845
-122.17371347457626,37.44216875706214,57.70916262645915,0.96,"c(-122.173713474576, 37.4421687570621)",3551.5671119273084,-122.1366045,37.4543619,2.2073133075993217
-122.17187401129944,37.44216875706214,57.95475321410413,0.96,"c(-122.171874011299, 37.4421687570621)",3401.6440723320875,-122.1366045,37.4543619,2.114135532835356
-122.1700345480226,37.44216875706214,57.83243855017645,0.96,"c(-122.170034548023, 37.4421687570621)",3252.955941882911,-122.1366045,37.4543619,2.021725259094413
-122.16451615819209,37.44216875706214,58.96507940516199,0.83,"c(-122.164516158192, 37.4421687570621)",2816.2495242265554,-122.1366045,37.4543619,1.7503104563247702
-122.16267669491525,37.44216875706214,58.59292215619644,0.5,"c(-122.162676694915, 37.4421687570621)",2674.6490300742926,-122.1366045,37.4543619,1.6623051771748245
-122.16083723163841,37.44216875706214,58.844826982400264,0.83,"c(-122.160837231638, 37.4421687570621)",2535.5906625157822,-122.1366045,37.4543619,1.5758798399725185
-122.15899776836159,37.44216875706214,59.15972053310543,0.96,"c(-122.158997768362, 37.4421687570621)",2399.516431337699,-122.1366045,37.4543619,1.4913091555858913
-122.15715830508475,37.44216875706214,58.642648014189035,0.47,"c(-122.157158305085, 37.4421687570621)",2266.9637675954405,-122.1366045,37.4543619,1.4089271395869736
-122.15531884180791,37.44216875706214,58.22734080866212,0.47,"c(-122.155318841808, 37.4421687570621)",2138.5875867196482,-122.1366045,37.4543619,1.329140824561621
-122.15347937853107,37.44216875706214,57.7759133058571,0.47,"c(-122.153479378531, 37.4421687570621)",2013.4547174658194,-122.1362444,37.4540135,1.251370240811572
-122.15163991525424,37.44216875706214,57.44855876071233,0.47,"c(-122.151639915254, 37.4421687570621)",1893.153473701816,-122.1362444,37.4540135,1.1766025318221354
-122.1498004519774,37.44216875706214,57.28785570312539,0.47,"c(-122.149800451977, 37.4421687570621)",1779.6199088982523,-122.1362444,37.4540135,1.106040962646521
-122.14796098870056,37.44216875706214,57.17344682446219,0.47,"c(-122.147960988701, 37.4421687570621)",1674.2313863160305,-122.1362444,37.4540135,1.0405415701156187
-122.14612152542374,37.44216875706214,57.5587007951799,0.47,"c(-122.146121525424, 37.4421687570621)",1578.6200364447043,-122.1362444,37.4540135,0.9811187299221282
-122.1442820621469,37.44216875706214,57.99874057985653,0.47,"c(-122.144282062147, 37.4421687570621)",1494.6633312815268,-122.1362444,37.4540135,0.9289392984969091
-122.14244259887006,37.44216875706214,57.85170670946536,0.47,"c(-122.14244259887, 37.4421687570621)",1423.2801158263621,-122.1361164,37.4539592,0.8845743417193053
-122.14060313559322,37.44216875706214,58.43268092522521,0.47,"c(-122.140603135593, 37.4421687570621)",1367.4757249285494,-122.1361164,37.4539592,0.8498916873390612
-122.13876367231639,37.44216875706214,58.16792379595063,0.47,"c(-122.138763672316, 37.4421687570621)",1329.3758824520166,-122.1361164,37.4539592,0.826212481325057
-122.13692420903955,37.44216875706214,57.9660216803336,0.47,"c(-122.13692420904, 37.4421687570621)",1297.437185959461,-122.1287803,37.4518898,0.8063624524297458
-122.13508474576273,37.44216875706214,57.596249668462406,0.47,"c(-122.135084745763, 37.4421687570621)",1214.3123368950687,-122.1286737,37.4518425,0.7547000229304343
-122.13324528248589,37.44216875706214,57.35651532521388,0.47,"c(-122.133245282486, 37.4421687570621)",1147.3314693128111,-122.1286737,37.4518425,0.7130711431403425
-122.13140581920905,37.44216875706214,57.37789547212378,0.47,"c(-122.131405819209, 37.4421687570621)",1098.972164822867,-122.1284468,37.4517855,0.6830156400390721
-122.12956635593221,37.44216875706214,56.99239013922124,0.47,"c(-122.129566355932, 37.4421687570621)",1071.9119627482535,-122.1284468,37.4517855,0.666197615132538
-122.12772689265537,37.44216875706214,56.69833167371689,0.47,"c(-122.127726892655, 37.4421687570621)",978.5894562209347,-122.1198198,37.436005,0.6081973003237631
-122.12588742937854,37.44216875706214,56.69058741491608,0.47,"c(-122.125887429379, 37.4421687570621)",869.6632850353485,-122.1198198,37.436005,0.5404992448945609
-122.1240479661017,37.44216875706214,56.37781433723103,0.47,"c(-122.124047966102, 37.4421687570621)",765.0520379460393,-122.11847917142508,37.436907322807855,0.47548293222252286
-122.12220850282488,37.44216875706214,56.346290011366364,0.47,"c(-122.122208502825, 37.4421687570621)",653.9755866723698,-122.1171897,37.4378437,0.40644846903192655
-122.12036903954804,37.44216875706214,55.90513380119228,0.47,"c(-122.120369039548, 37.4421687570621)",550.5824250270248,-122.1164422,37.4383209,0.3421892013841049
-122.1185295762712,37.44216875706214,55.845942764186475,0.2,"c(-122.118529576271, 37.4421687570621)",443.8537658257556,-122.1154613,37.4390052,0.27585690853061257
-122.11669011299436,37.44216875706214,56.05790140904719,0.83,"c(-122.116690112994, 37.4421687570621)",344.54402551126753,-122.1140721,37.439871,0.21413550373602705
-122.11485064971752,37.44216875706214,56.80504120525717,0,"c(-122.114850649718, 37.4421687570621)",245.51417285855513,-122.1133175,37.4403251,0.15258805025391867
-122.11301118644069,37.44216875706214,56.91299369957051,0,"c(-122.113011186441, 37.4421687570621)",180.9814844442315,-122.1126847,37.440559,0.11248072370679398
-122.11117172316386,37.44216875706214,57.78624077462155,0,"c(-122.111171723164, 37.4421687570621)",143.14475279141035,-122.1108098,37.4409117,0.0889650421326354
-122.10933225988703,37.44216875706214,57.31978038826492,0.02,"c(-122.109332259887, 37.4421687570621)",77.34857940881746,-122.10898632528051,37.44153051099852,0.048072454573534776
-122.17371347457626,37.44371070621469,57.52908307274993,0.2,"c(-122.173713474576, 37.4437107062147)",3489.9157857730697,-122.1366045,37.4543619,2.1689967593368986
-122.17187401129944,37.44371070621469,57.96428359964921,0.96,"c(-122.171874011299, 37.4437107062147)",3337.2274464597026,-122.1366045,37.4543619,2.074100339626913
-122.1700345480226,37.44371070621469,57.01430175841051,0.96,"c(-122.170034548023, 37.4437107062147)",3185.537207492556,-122.1366045,37.4543619,1.979824243314205
-122.16819508474576,37.44371070621469,57.13203769537358,0.96,"c(-122.168195084746, 37.4437107062147)",3034.9947289758875,-122.1366045,37.4543619,1.886261484758165
-122.16635562146892,37.44371070621469,58.00727518036001,0.2,"c(-122.166355621469, 37.4437107062147)",2885.779642233912,-122.1366045,37.4543619,1.7935237055524624
-122.16451615819209,37.44371070621469,58.88251266533916,0.83,"c(-122.164516158192, 37.4437107062147)",2738.1089672483554,-122.1366045,37.4543619,1.7017457844924522
-122.16267669491525,37.44371070621469,58.85632089998626,0.82,"c(-122.162676694915, 37.4437107062147)",2592.246655741671,-122.1366045,37.4543619,1.6110917686399446
-122.16083723163841,37.44371070621469,58.81125014577174,0.83,"c(-122.160837231638, 37.4437107062147)",2448.5159110906193,-122.1366045,37.4543619,1.521762530199266
-122.15899776836159,37.44371070621469,58.71897795928999,0.83,"c(-122.158997768362, 37.4437107062147)",2307.3151160584243,-122.1366045,37.4543619,1.4340056656671376
-122.15715830508475,37.44371070621469,58.55814852980984,0.2,"c(-122.157158305085, 37.4437107062147)",2169.138390752177,-122.1366045,37.4543619,1.3481282726862507
-122.15531884180791,37.44371070621469,58.51774032089088,0.82,"c(-122.155318841808, 37.4437107062147)",2034.6019530663896,-122.1366045,37.4543619,1.2645133331674268
-122.15347937853107,37.44371070621469,58.17263607562563,0.47,"c(-122.153479378531, 37.4437107062147)",1904.4774329390777,-122.1366045,37.4543619,1.1836404182343554
-122.15163991525424,37.44371070621469,57.94956524409645,0.47,"c(-122.151639915254, 37.4437107062147)",1778.5756205183804,-122.1362444,37.4540135,1.1053919331997393
-122.1498004519774,37.44371070621469,57.702047744103766,0.47,"c(-122.149800451977, 37.4437107062147)",1657.213547029069,-122.1362444,37.4540135,1.0299649142505092
-122.14796098870056,37.44371070621469,57.262810907981475,0.47,"c(-122.147960988701, 37.4437107062147)",1543.4921202339715,-122.1362444,37.4540135,0.9592865880882359
-122.14612152542374,37.44371070621469,57.47803924418258,0.47,"c(-122.146121525424, 37.4437107062147)",1439.2236769695933,-122.1362444,37.4540135,0.8944833293782432
-122.1442820621469,37.44371070621469,57.813389295259185,0.2,"c(-122.144282062147, 37.4437107062147)",1346.605859911252,-122.1362444,37.4540135,0.8369209819212257
-122.14244259887006,37.44371070621469,57.50424234954153,0.2,"c(-122.14244259887, 37.4437107062147)",1267.7230808835561,-122.1361164,37.4539592,0.7878950160867347
-122.14060313559322,37.44371070621469,58.111405132731306,0.2,"c(-122.140603135593, 37.4437107062147)",1204.7358947159287,-122.1361164,37.4539592,0.748748225429415
-122.13876367231639,37.44371070621469,58.07279191221642,0.83,"c(-122.138763672316, 37.4437107062147)",1161.3100633485308,-122.1361164,37.4539592,0.7217588958039346
-122.13692420903955,37.44371070621469,58.00399173521191,0.47,"c(-122.13692420904, 37.4437107062147)",1138.4162680362556,-122.1359542,37.4539388,0.7075303095315448
-122.13508474576273,37.44371070621469,57.53942308634214,0.47,"c(-122.135084745763, 37.4437107062147)",1065.4797498637545,-122.1287803,37.4518898,0.6621999688401209
-122.13324528248589,37.44371070621469,57.16225599731115,0.83,"c(-122.133245282486, 37.4437107062147)",989.0275665246999,-122.1286737,37.4518425,0.6146846280451833
-122.13140581920905,37.44371070621469,56.82335484445139,0.47,"c(-122.131405819209, 37.4437107062147)",933.655753085526,-122.1284468,37.4517855,0.5802708223029994
-122.12956635593221,37.44371070621469,56.36866962231579,0.47,"c(-122.129566355932, 37.4437107062147)",901.648328142926,-122.1284468,37.4517855,0.5603780783983381
-122.12772689265537,37.44371070621469,56.212771587413954,0.47,"c(-122.127726892655, 37.4437107062147)",898.4506688312616,-122.1284468,37.4517855,0.5583907202183105
-122.12588742937854,37.44371070621469,56.656071248915396,0.47,"c(-122.125887429379, 37.4437107062147)",921.5033636598946,-122.1282305,37.4518007,0.5727180631820352
-122.1240479661017,37.44371070621469,56.56477601116785,0.47,"c(-122.124047966102, 37.4437107062147)",890.1457894366343,-122.1171897,37.4378437,0.553229204124695
-122.12220850282488,37.44371070621469,56.598592455715334,0.82,"c(-122.122208502825, 37.4437107062147)",786.275384546656,-122.1164422,37.4383209,0.4886733278723779
-122.12036903954804,37.44371070621469,56.64543216992752,0.82,"c(-122.120369039548, 37.4437107062147)",679.2374025854126,-122.1154613,37.4390052,0.4221487896739668
-122.1185295762712,37.44371070621469,55.74128760836811,0.2,"c(-122.118529576271, 37.4437107062147)",580.6863277275329,-122.1141135,37.4398408,0.3608988985255021
-122.11669011299436,37.44371070621469,56.33649712507031,0.01,"c(-122.116690112994, 37.4437107062147)",479.86157693026774,-122.1133175,37.4403251,0.29823590859556726
-122.11485064971752,37.44371070621469,56.94026584648964,0,"c(-122.114850649718, 37.4437107062147)",396.23888653604166,-122.113009,37.4404565,0.24626406869859643
-122.11301118644069,37.44371070621469,57.03071332322634,0,"c(-122.113011186441, 37.4437107062147)",348.0281095328927,-122.1123504,37.4406195,0.216300876030387
-122.11117172316386,37.44371070621469,57.81313709844835,0,"c(-122.111171723164, 37.4437107062147)",282.00601178472226,-122.10803395122095,37.44325099065129,0.17526787556539605
-122.10933225988703,37.44371070621469,57.36234581884128,0,"c(-122.109332259887, 37.4437107062147)",122.08453459241682,-122.1079738095404,37.44351195115506,0.07587603144339143
-122.17187401129944,37.44525265536723,57.5127477744245,0.96,"c(-122.171874011299, 37.4452526553672)",3280.4825478939374,-122.1366045,37.4543619,2.0388331559315955
-122.1700345480226,37.44525265536723,56.939176389847944,0.96,"c(-122.170034548023, 37.4452526553672)",3126.0432377578745,-122.1366045,37.4543619,1.9428485007817742
-122.16819508474576,37.44525265536723,57.00126976905449,0.2,"c(-122.168195084746, 37.4452526553672)",2972.4924302496115,-122.1366045,37.4543619,1.847416053604482
-122.16635562146892,37.44525265536723,57.86910721821914,0.96,"c(-122.166355621469, 37.4452526553672)",2819.9752690495648,-122.1366045,37.4543619,1.7526260217834462
-122.16451615819209,37.44525265536723,58.744344703198294,0.83,"c(-122.164516158192, 37.4452526553672)",2668.6689819383087,-122.1366045,37.4543619,1.658588553100254
-122.16267669491525,37.44525265536723,58.77469062327873,0.82,"c(-122.162676694915, 37.4452526553672)",2518.791793603134,-122.1366045,37.4543619,1.5654392750796358
-122.16083723163841,37.44525265536723,58.78709774996332,0.83,"c(-122.160837231638, 37.4452526553672)",2370.6147749997263,-122.1366045,37.4543619,1.4733466594156162
-122.15899776836159,37.44525265536723,58.75516590852931,0.83,"c(-122.158997768362, 37.4452526553672)",2224.477707509646,-122.1366045,37.4543619,1.3825218816094753
-122.15715830508475,37.44525265536723,58.665727435705776,0.82,"c(-122.157158305085, 37.4452526553672)",2080.8104380381064,-122.1366045,37.4543619,1.2932320932492893
-122.15531884180791,37.44525265536723,58.613396891254524,0.47,"c(-122.155318841808, 37.4452526553672)",1940.1617033668904,-122.1366045,37.4543619,1.2058183364617094
-122.15347937853107,37.44525265536723,58.64401799375992,0.47,"c(-122.153479378531, 37.4452526553672)",1803.2379598716527,-122.1366045,37.4543619,1.1207196767381309
-122.15163991525424,37.44525265536723,58.305933251169336,0.47,"c(-122.151639915254, 37.4452526553672)",1670.9551739547362,-122.1366045,37.4543619,1.0385053908979094
-122.1498004519774,37.44525265536723,57.97958749699319,0.47,"c(-122.149800451977, 37.4452526553672)",1544.0986209770874,-122.1362444,37.4540135,0.9596635307502097
-122.14796098870056,37.44525265536723,57.54579256391298,0.47,"c(-122.147960988701, 37.4452526553672)",1421.3582258670137,-122.1362444,37.4540135,0.8833798793455648
-122.14612152542374,37.44525265536723,57.34158468511123,0.47,"c(-122.146121525424, 37.4452526553672)",1307.387645690432,-122.1362444,37.4540135,0.8125467033501753
-122.1442820621469,37.44525265536723,57.34404117637496,0.47,"c(-122.144282062147, 37.4452526553672)",1204.678505250132,-122.1362444,37.4540135,0.7487125576445818
-122.14244259887006,37.44525265536723,57.27065084919104,0.47,"c(-122.14244259887, 37.4452526553672)",1116.3434691254959,-122.1362444,37.4540135,0.6938119758393386
-122.14060313559322,37.44525265536723,57.38736095803324,0.47,"c(-122.140603135593, 37.4452526553672)",1044.6824328312464,-122.1361164,37.4539592,0.6492743522879095
-122.13876367231639,37.44525265536723,57.56019560264406,0.83,"c(-122.138763672316, 37.4452526553672)",994.2916983356474,-122.1361164,37.4539592,0.6179563072316019
-122.13692420903955,37.44525265536723,57.30763564082383,0.47,"c(-122.13692420904, 37.4452526553672)",967.8545504939462,-122.1359542,37.4539388,0.6015255130478224
-122.13508474576273,37.44525265536723,57.464029755836236,0.47,"c(-122.135084745763, 37.4452526553672)",924.0278217647085,-122.1287803,37.4518898,0.5742870240924229
-122.13324528248589,37.44525265536723,56.96023865357347,0.47,"c(-122.133245282486, 37.4452526553672)",835.7964267352911,-122.1286737,37.4518425,0.5194508556465451
-122.13140581920905,37.44525265536723,56.65817405640337,0.47,"c(-122.131405819209, 37.4452526553672)",770.3008081597342,-122.1286737,37.4518425,0.47874506411419154
-122.12956635593221,37.44525265536723,55.84193602504092,0.47,"c(-122.129566355932, 37.4452526553672)",731.7911401307092,-122.1284468,37.4517855,0.4548111498637099
-122.12772689265537,37.44525265536723,56.138498517456355,0.47,"c(-122.127726892655, 37.4452526553672)",727.8477090617307,-122.1284468,37.4517855,0.45236029152376056
-122.12588742937854,37.44525265536723,56.6849597628825,0.47,"c(-122.125887429379, 37.4452526553672)",755.7373410326538,-122.1282305,37.4518007,0.46969381046156233
-122.1240479661017,37.44525265536723,57.32197834230101,0.47,"c(-122.124047966102, 37.4452526553672)",815.5517680787643,-122.1282305,37.4518007,0.5068687185076223
-122.12220850282488,37.44525265536723,56.776138850549614,0.82,"c(-122.122208502825, 37.4452526553672)",849.8685790046804,-122.12416639999999,37.4527493,0.5281967551303173
-122.12036903954804,37.44525265536723,56.874847730103284,0.82,"c(-122.120369039548, 37.4452526553672)",815.4816340213686,-122.1151179,37.4392147,0.506825129907625
-122.1185295762712,37.44525265536723,56.391328364567016,0.83,"c(-122.118529576271, 37.4452526553672)",715.4178034425839,-122.1133175,37.4403251,0.4446350549674232
-122.11669011299436,37.44525265536723,56.74625967094471,0,"c(-122.116690112994, 37.4452526553672)",623.0263144476991,-122.1133175,37.4403251,0.3872133713161585
-122.11485064971752,37.44525265536723,56.970024368658414,0,"c(-122.114850649718, 37.4452526553672)",555.0726148816103,-122.1126847,37.440559,0.3449798725180922
-122.11301118644069,37.44525265536723,57.19316796083291,0,"c(-122.113011186441, 37.4452526553672)",480.23774348728887,-122.1078801,37.4438434,0.2984696976303846
-122.11117172316386,37.44525265536723,57.747719888051506,0,"c(-122.111171723164, 37.4452526553672)",330.6152033883016,-122.1078801,37.4438434,0.20547868451727883
-122.10933225988703,37.44525265536723,57.404911249421275,0.02,"c(-122.109332259887, 37.4452526553672)",179.6772622897145,-122.10741820843226,37.445796715963844,0.11167014436899596
-122.10749279661019,37.44525265536723,57.02353578206021,0.02,"c(-122.10749279661, 37.4452526553672)",26.396335862882673,-122.10721394624179,37.44533784731924,0.01640542937407251
-122.1700345480226,37.44679460451977,56.976562273784566,0.5,"c(-122.170034548023, 37.4467946045198)",3074.934060728866,-122.1366045,37.4543619,1.9110839407886053
-122.16819508474576,37.44679460451977,57.026159695294155,0.82,"c(-122.168195084746, 37.4467946045198)",2918.6989602910658,-122.1366045,37.4543619,1.813983194711663
-122.16635562146892,37.44679460451977,57.73093925608555,0.47,"c(-122.166355621469, 37.4467946045198)",2763.217512780095,-122.1366045,37.4543619,1.7173508469733345
-122.16451615819209,37.44679460451977,58.6061767410647,0.82,"c(-122.164516158192, 37.4467946045198)",2608.6244813231838,-122.1366045,37.4543619,1.621270653401606
-122.16267669491525,37.44679460451977,58.555469448033364,0.83,"c(-122.162676694915, 37.4467946045198)",2455.0876982270397,-122.1366045,37.4543619,1.525846922453101
-122.16083723163841,37.44679460451977,58.591900370953226,0.96,"c(-122.160837231638, 37.4467946045198)",2302.818444324325,-122.1366045,37.4543619,1.431210966018847
-122.15899776836159,37.44679460451977,58.847543437659624,0.83,"c(-122.158997768362, 37.4467946045198)",2152.0857857995975,-122.1366045,37.4543619,1.3375300098195138
-122.15715830508475,37.44679460451977,59.75791490429401,0.82,"c(-122.157158305085, 37.4467946045198)",2003.2366140792053,-122.1366045,37.4543619,1.2450196482779399
-122.15531884180791,37.44679460451977,58.72706759999983,0.82,"c(-122.155318841808, 37.4467946045198)",1856.7239685559662,-122.1366045,37.4543619,1.1539614472069397
-122.15347937853107,37.44679460451977,58.68085559316387,0.82,"c(-122.153479378531, 37.4467946045198)",1713.147430877545,-122.1366045,37.4543619,1.064728049022713
-122.15163991525424,37.44679460451977,58.567845639921984,0.82,"c(-122.151639915254, 37.4467946045198)",1573.3110327306324,-122.1366045,37.4543619,0.9778191626666454
-122.1498004519774,37.44679460451977,58.11586747343608,0.82,"c(-122.149800451977, 37.4467946045198)",1438.3060706822193,-122.1366045,37.4543619,0.8939130333637162
-122.14796098870056,37.44679460451977,57.85338396643783,0.47,"c(-122.147960988701, 37.4467946045198)",1309.6275660754889,-122.1366045,37.4543619,0.8139388229182652
-122.14612152542374,37.44679460451977,57.56130039681739,0.47,"c(-122.146121525424, 37.4467946045198)",1185.6366461449468,-122.1362444,37.4540135,0.7368779652858588
-122.1442820621469,37.44679460451977,57.30586393754356,0.47,"c(-122.144282062147, 37.4467946045198)",1071.3203988643115,-122.1362444,37.4540135,0.6658299557888823
-122.14244259887006,37.44679460451977,57.03812913124875,0.47,"c(-122.14244259887, 37.4467946045198)",970.9294748085457,-122.1362444,37.4540135,0.6034365909313522
-122.14060313559322,37.44679460451977,57.099994471445214,0.47,"c(-122.140603135593, 37.4467946045198)",888.7678732801927,-122.1361164,37.4539592,0.5523728236669936
-122.13876367231639,37.44679460451977,56.839231567966635,0.47,"c(-122.138763672316, 37.4467946045198)",828.9541828289674,-122.1361164,37.4539592,0.5151983734176304
-122.13692420903955,37.44679460451977,56.596407211054725,0.47,"c(-122.13692420904, 37.4467946045198)",797.538337904574,-122.1359542,37.4539388,0.49567329888413547
-122.13508474576273,37.44679460451977,56.641014113141864,0.47,"c(-122.135084745763, 37.4467946045198)",790.4911860257697,-122.1315754,37.4533445,0.4912934655225418
-122.13324528248589,37.44679460451977,56.41259178202017,0.47,"c(-122.133245282486, 37.4467946045198)",689.8386402109044,-122.1287803,37.4518898,0.42873750168483804
-122.13140581920905,37.44679460451977,56.145878330469714,0.47,"c(-122.131405819209, 37.4467946045198)",610.180130998025,-122.1286737,37.4518425,0.37922941640647917
-122.12956635593221,37.44679460451977,55.81660552405265,0.47,"c(-122.129566355932, 37.4467946045198)",562.7086255180776,-122.1284468,37.4517855,0.34972568397643106
-122.12772689265537,37.44679460451977,56.01903411191597,0.47,"c(-122.127726892655, 37.4467946045198)",557.3910718602948,-122.1282305,37.4518007,0.34642080289639204
-122.12588742937854,37.44679460451977,56.652389429822506,0.47,"c(-122.125887429379, 37.4467946045198)",593.0291453073473,-122.1282305,37.4518007,0.3685700095135782
-122.1240479661017,37.44679460451977,57.33864786876802,0.47,"c(-122.124047966102, 37.4467946045198)",659.6187841777861,-122.1244008,37.4527312,0.40995573907879806
-122.12220850282488,37.44679460451977,56.47400327700234,0.47,"c(-122.122208502825, 37.4467946045198)",683.2180225793767,-122.12416639999999,37.4527493,0.42462276108102964
-122.12036903954804,37.44679460451977,57.61987349357514,0.95,"c(-122.120369039548, 37.4467946045198)",735.7144609925529,-122.123647,37.4528866,0.4572495096286842
-122.1185295762712,37.44679460451977,57.16155959024036,0.91,"c(-122.118529576271, 37.4467946045198)",799.2491302575604,-122.1223765,37.4533102,0.49673656324273485
-122.11669011299436,37.44679460451977,57.15602221681911,0,"c(-122.116690112994, 37.4467946045198)",735.5780623814788,-122.10884887258753,37.44901049039795,0.4571647373408818
-122.11485064971752,37.44679460451977,57.22970376938247,0,"c(-122.114850649718, 37.4467946045198)",582.3045255235331,-122.10864379717121,37.44854983700053,0.3619046149928733
-122.11301118644069,37.44679460451977,57.35497413237323,0,"c(-122.113011186441, 37.4467946045198)",429.02993095939763,-122.10843895708322,37.44808970618176,0.2666438352761949
-122.11117172316386,37.44679460451977,57.68230267764011,0,"c(-122.111171723164, 37.4467946045198)",275.75427871870517,-122.10823443322482,37.44763027969391,0.17138239820926363
-122.10933225988703,37.44679460451977,57.44747668000127,0.02,"c(-122.109332259887, 37.4467946045198)",122.47756889437866,-122.10803018934676,37.44717147613568,0.07612030384983136
-122.10749279661019,37.44679460451977,57.066101212640206,0.02,"c(-122.10749279661, 37.4467946045198)",30.80019842532237,-122.10782567409399,37.44671205697006,0.01914244774724821
-122.16635562146892,37.44833655367231,57.59277129394468,0.82,"c(-122.166355621469, 37.4483365536723)",2716.073582240198,-122.1366045,37.4543619,1.688050703691857
-122.16451615819209,37.44833655367231,58.42269519962201,0.47,"c(-122.164516158192, 37.4483365536723)",2558.637022065417,-122.1366045,37.4543619,1.5902032455347528
-122.16267669491525,37.44833655367231,58.33094124191484,0.47,"c(-122.162676694915, 37.4483365536723)",2401.9103416979297,-122.1366045,37.4543619,1.492796980545637
-122.16083723163841,37.44833655367231,58.400485745297374,0.82,"c(-122.160837231638, 37.4483365536723)",2246.042150328877,-122.1366045,37.4543619,1.3959242699371517
-122.15899776836159,37.44833655367231,59.45424077346979,0.96,"c(-122.158997768362, 37.4483365536723)",2091.224417765283,-122.1366045,37.4543619,1.2997044237198774
-122.15715830508475,37.44833655367231,59.30743668014475,0.83,"c(-122.157158305085, 37.4483365536723)",1937.7089469311888,-122.1366045,37.4543619,1.2042939384283335
-122.15531884180791,37.44833655367231,58.920869948371546,0.82,"c(-122.155318841808, 37.4483365536723)",1785.8316085127742,-122.1366045,37.4543619,1.109901559050823
-122.15347937853107,37.44833655367231,58.260169316925385,0.47,"c(-122.153479378531, 37.4483365536723)",1636.0486785322787,-122.1366045,37.4543619,1.0168108629784205
-122.15163991525424,37.44833655367231,58.458129429855035,0.47,"c(-122.151639915254, 37.4483365536723)",1488.9923427916422,-122.1366045,37.4543619,0.9254147562409212
-122.1498004519774,37.44833655367231,58.146908588190854,0.47,"c(-122.149800451977, 37.4483365536723)",1345.5568695664806,-122.1366045,37.4543619,0.8362690301842639
-122.14796098870056,37.44833655367231,57.8601550680869,0.47,"c(-122.147960988701, 37.4483365536723)",1207.0337839996614,-122.1366045,37.4543619,0.7501763729022134
-122.14612152542374,37.44833655367231,57.500011747334824,0.47,"c(-122.146121525424, 37.4483365536723)",1075.3232055857604,-122.1366045,37.4543619,0.6683177163367063
-122.1442820621469,37.44833655367231,57.46410498489422,0.47,"c(-122.144282062147, 37.4483365536723)",950.1466602277682,-122.1362444,37.4540135,0.5905199877114781
-122.14244259887006,37.44833655367231,56.829197066324014,0.47,"c(-122.14244259887, 37.4483365536723)",835.3200177495919,-122.1362444,37.4540135,0.5191547655373474
-122.14060313559322,37.44833655367231,56.48424216741114,0.47,"c(-122.140603135593, 37.4483365536723)",738.7305384577254,-122.1362444,37.4540135,0.4591240139575671
-122.13876367231639,37.44833655367231,56.093110140340286,0.47,"c(-122.138763672316, 37.4483365536723)",666.5495306034912,-122.1361164,37.4539592,0.41426322598103865
-122.13692420903955,37.44833655367231,55.85991652752273,0.47,"c(-122.13692420904, 37.4483365536723)",627.6675504077468,-122.1359542,37.4539388,0.39009791821488304
-122.13508474576273,37.44833655367231,55.72106441271899,0.47,"c(-122.135084745763, 37.4483365536723)",625.0611656221313,-122.1355208,37.4539577,0.38847803954141163
-122.13324528248589,37.44833655367231,55.81296099827159,0.47,"c(-122.133245282486, 37.4483365536723)",556.1879879210439,-122.1289669,37.4520079,0.3456730813679577
-122.13140581920905,37.44833655367231,55.951656718505546,0.47,"c(-122.131405819209, 37.4483365536723)",457.70271240844585,-122.1287803,37.4518898,0.28446408477840013
-122.12956635593221,37.44833655367231,55.69045863538486,0.47,"c(-122.129566355932, 37.4483365536723)",395.3959116819163,-122.1284468,37.4517855,0.2457401564213277
-122.12772689265537,37.44833655367231,55.898127822811034,0.47,"c(-122.127726892655, 37.4483365536723)",387.0458527641028,-122.1282305,37.4518007,0.24055056107153686
-122.12588742937854,37.44833655367231,56.56327617302304,0.96,"c(-122.125887429379, 37.4483365536723)",436.8093529848221,-122.1282305,37.4518007,0.2714787774921206
-122.1240479661017,37.44833655367231,57.9093447268242,0.95,"c(-122.124047966102, 37.4483365536723)",488.7428415440071,-122.1244008,37.4527312,0.30375565043132824
-122.12220850282488,37.44833655367231,57.663131110610266,0.95,"c(-122.122208502825, 37.4483365536723)",518.3582678214731,-122.1240015,37.4527829,0.3221617575024693
-122.12036903954804,37.44833655367231,58.50601226013168,0.83,"c(-122.120369039548, 37.4483365536723)",578.536591942625,-122.1225532,37.4532498,0.3595628290507303
-122.1185295762712,37.44833655367231,58.110858163039666,0.83,"c(-122.118529576271, 37.4483365536723)",644.7481665314992,-122.11842260562429,37.454127838171324,0.40071359013766267
-122.11669011299436,37.44833655367231,57.585397314869624,0,"c(-122.116690112994, 37.4483365536723)",642.0948530754976,-122.1165865520363,37.45410404643877,0.3990645451059649
-122.11485064971752,37.44833655367231,57.4893831701047,0,"c(-122.114850649718, 37.4483365536723)",525.0953543647785,-122.10925517898353,37.449923143734566,0.32634888400545586
-122.11301118644069,37.44833655367231,57.44410583845456,0,"c(-122.113011186441, 37.4483365536723)",371.8239189598954,-122.10905070310537,37.44946384900033,0.2310900677190152
-122.11117172316386,37.44833655367231,57.63703984109088,0,"c(-122.111171723164, 37.4483365536723)",218.55142600849018,-122.10884643862582,37.449005023114324,0.1358305941631387
-122.10933225988703,37.44833655367231,57.56142982603342,0.02,"c(-122.109332259887, 37.4483365536723)",65.27787540275689,-122.108642150824,37.44854613884661,0.04057046327082467
-122.10749279661019,37.44833655367231,57.108666643220204,0.02,"c(-122.10749279661, 37.4483365536723)",87.99673270398394,-122.10843727963447,37.44808593811582,0.054690324862637626
-122.16635562146892,37.44987850282485,57.45460333180381,0.47,"c(-122.166355621469, 37.4498785028249)",2679.0510647671695,-122.1366045,37.4543619,1.6650410595196827
-122.16451615819209,37.44987850282485,58.16188055058592,0.47,"c(-122.164516158192, 37.4498785028249)",2519.3053327247067,-122.1366045,37.4543619,1.5657584417182764
-122.16267669491525,37.44987850282485,58.10641303579632,0.47,"c(-122.162676694915, 37.4498785028249)",2359.9714396971626,-122.1366045,37.4543619,1.4667317835283795
-122.16083723163841,37.44987850282485,57.93333989700477,0.82,"c(-122.160837231638, 37.4498785028249)",2201.1388229736785,-122.1366045,37.4543619,1.3680166705865
-122.15899776836159,37.44987850282485,58.42352285241941,0.82,"c(-122.158997768362, 37.4498785028249)",2042.924405164661,-122.1366045,37.4543619,1.2696857707673468
-122.15715830508475,37.44987850282485,58.302739962506166,0.83,"c(-122.157158305085, 37.4498785028249)",1885.4838153863086,-122.1366045,37.4543619,1.1718358081953442
-122.15531884180791,37.44987850282485,58.243415883251146,0.82,"c(-122.155318841808, 37.4498785028249)",1729.028454606391,-122.1366045,37.4543619,1.0745981694259734
-122.15347937853107,37.44987850282485,57.935637786766165,0.47,"c(-122.153479378531, 37.4498785028249)",1573.8521727599002,-122.1366045,37.4543619,0.97815548338092
-122.15163991525424,37.44987850282485,57.77966112957142,0.47,"c(-122.151639915254, 37.4498785028249)",1420.3742509853616,-122.1366045,37.4543619,0.8827683349815797
-122.1498004519774,37.44987850282485,57.815992365100556,0.47,"c(-122.149800451977, 37.4498785028249)",1269.2109558690806,-122.1366045,37.4543619,0.7888197364009202
-122.14796098870056,37.44987850282485,57.593634823271714,0.47,"c(-122.147960988701, 37.4498785028249)",1121.2987892481833,-122.1366045,37.4543619,0.6968917273139734
-122.14612152542374,37.44987850282485,57.60048744053347,0.47,"c(-122.146121525424, 37.4498785028249)",978.1137898046107,-122.1366045,37.4543619,0.6079016717244318
-122.1442820621469,37.44987850282485,57.39899567947214,0.47,"c(-122.144282062147, 37.4498785028249)",842.0708305834369,-122.1366045,37.4543619,0.5233504229853554
-122.14244259887006,37.44987850282485,56.74391639264286,0.2,"c(-122.14244259887, 37.4498785028249)",715.1148495311138,-122.1362444,37.4540135,0.4444467678875785
-122.14060313559322,37.44987850282485,56.049190773839655,0.47,"c(-122.140603135593, 37.4498785028249)",599.4627970863021,-122.1362444,37.4540135,0.3725685500847123
-122.13876367231639,37.44987850282485,55.624874832542446,0.47,"c(-122.138763672316, 37.4498785028249)",509.88797386401575,-122.1361164,37.4539592,0.31689743558981714
-122.13692420903955,37.44987850282485,55.65772351070245,0.47,"c(-122.13692420904, 37.4498785028249)",458.5063133221616,-122.1361164,37.4539592,0.28496352599264235
-122.13508474576273,37.44987850282485,55.58814179600313,0.47,"c(-122.135084745763, 37.4498785028249)",454.3754024776146,-122.1355208,37.4539577,0.28239614821480086
-122.13324528248589,37.44987850282485,56.19540035902901,0.47,"c(-122.133245282486, 37.4498785028249)",411.974282959953,-122.1314291,37.4532964,0.2560436811435382
-122.13140581920905,37.44987850282485,56.56616402025975,0.47,"c(-122.131405819209, 37.4498785028249)",320.0385781216823,-122.1289669,37.4520079,0.19890526918687526
-122.12956635593221,37.44987850282485,56.79484734147263,0.47,"c(-122.129566355932, 37.4498785028249)",231.84558643181262,-122.1286737,37.4518425,0.14409296857166726
-122.12772689265537,37.44987850282485,57.137730380898574,0.47,"c(-122.127726892655, 37.4498785028249)",217.94134162855966,-122.1282305,37.4518007,0.1354514242564075
-122.12588742937854,37.44987850282485,58.018022658237896,0.47,"c(-122.125887429379, 37.4498785028249)",295.1696836077292,-122.127967,37.451958,0.18344915078168378
-122.1240479661017,37.44987850282485,58.22386896554963,0.95,"c(-122.124047966102, 37.4498785028249)",318.1452997188433,-122.1244008,37.4527312,0.1977285890110897
-122.12220850282488,37.44987850282485,58.79896179708885,0.83,"c(-122.122208502825, 37.4498785028249)",357.29717882149396,-122.123647,37.4528866,0.22206164003821874
-122.12036903954804,37.44987850282485,58.7035180774983,0.83,"c(-122.120369039548, 37.4498785028249)",420.253761161673,-122.1223765,37.4533102,0.2611894102931467
-122.1185295762712,37.44987850282485,58.95013181246759,0.83,"c(-122.118529576271, 37.4498785028249)",473.1220088205525,-122.1184586699046,37.45412830520942,0.294047239789032
-122.11669011299436,37.44987850282485,58.02690250620071,0.83,"c(-122.116690112994, 37.4498785028249)",470.4687504839123,-122.1166224007338,37.4541045112423,0.29239822901424006
-122.11485064971752,37.44987850282485,57.749062570828755,0.83,"c(-122.114850649718, 37.4498785028249)",467.81231892271336,-122.11478606236129,37.45408068783065,0.2907472460675658
-122.11301118644069,37.44987850282485,57.65092959863614,0,"c(-122.113011186441, 37.4498785028249)",314.6179067403892,-122.10966272922266,37.45083856719381,0.19553630002510203
-122.11117172316386,37.44987850282485,57.73769522135444,0,"c(-122.111171723164, 37.4498785028249)",161.34857310819848,-122.10945848502804,37.45037980482832,0.10027878999888035
-122.10933225988703,37.44987850282485,57.68074590436299,0.02,"c(-122.109332259887, 37.4498785028249)",8.078181872926075,-122.10925399824673,37.44992049157491,0.005020622668070898
-122.10749279661019,37.44987850282485,57.151232073796564,0.02,"c(-122.10749279661, 37.4498785028249)",145.19326688949073,-122.10904884679447,37.44945967931806,0.09023820192013098
-122.16451615819209,37.4514204519774,57.888323153015335,0.82,"c(-122.164516158192, 37.4514204519774)",2491.1341948909885,-122.1366045,37.4543619,1.5482499657495268
-122.16267669491525,37.4514204519774,57.88188482967689,0.82,"c(-122.162676694915, 37.4514204519774)",2329.877973595141,-122.1366045,37.4543619,1.4480285727751032
-122.16083723163841,37.4514204519774,57.61040855220563,0.82,"c(-122.160837231638, 37.4514204519774)",2168.8460444037055,-122.1366045,37.4543619,1.3479465782496616
-122.15899776836159,37.4514204519774,57.57948668971585,0.47,"c(-122.158997768362, 37.4514204519774)",2008.092367069318,-122.1366045,37.4543619,1.2480375183774506
-122.15715830508475,37.4514204519774,57.37593689543064,0.83,"c(-122.157158305085, 37.4514204519774)",1847.6895689363384,-122.1366045,37.4543619,1.148346531346388
-122.15531884180791,37.4514204519774,57.46742503835958,0.82,"c(-122.155318841808, 37.4514204519774)",1687.7376958487957,-122.1366045,37.4543619,1.0489357960527008
-122.15347937853107,37.4514204519774,57.559701147732994,0.47,"c(-122.153479378531, 37.4514204519774)",1528.378328621437,-122.1366045,37.4543619,0.9498933055447092
-122.15163991525424,37.4514204519774,57.71527418394089,0.47,"c(-122.151639915254, 37.4514204519774)",1369.818272465914,-122.1366045,37.4543619,0.8513475900969012
-122.1498004519774,37.4514204519774,57.48951050246251,0.47,"c(-122.149800451977, 37.4514204519774)",1212.3711819042367,-122.1366045,37.4543619,0.7534935872618003
-122.14796098870056,37.4514204519774,57.34584831627262,0.47,"c(-122.147960988701, 37.4514204519774)",1056.5347438397584,-122.1366045,37.4543619,0.6566406114603843
-122.14612152542374,37.4514204519774,57.474331038867604,0.47,"c(-122.146121525424, 37.4514204519774)",903.1430929865592,-122.1366045,37.4543619,0.5613070807871716
-122.1442820621469,37.4514204519774,57.19996702005119,0.47,"c(-122.144282062147, 37.4514204519774)",753.6904054230951,-122.1366045,37.4543619,0.4684216317110597
-122.14244259887006,37.4514204519774,56.66791076770585,0.47,"c(-122.14244259887, 37.4514204519774)",611.0736514438767,-122.1366045,37.4543619,0.37978474297319864
-122.14060313559322,37.4514204519774,56.06380939931114,0.47,"c(-122.140603135593, 37.4514204519774)",481.2096806293396,-122.1362444,37.4540135,0.2990737604905777
-122.13876367231639,37.4514204519774,55.52640264383081,0.47,"c(-122.138763672316, 37.4514204519774)",364.0226914011791,-122.1362444,37.4540135,0.2262415732760591
-122.13692420903955,37.4514204519774,55.99425685301321,0.47,"c(-122.13692420904, 37.4514204519774)",290.690222480586,-122.1361164,37.4539592,0.18066514759514357
-122.13508474576273,37.4514204519774,55.94167442028265,0.47,"c(-122.135084745763, 37.4514204519774)",284.2302369756929,-122.1355208,37.4539577,0.17665024050695644
-122.13324528248589,37.4514204519774,56.64997183258674,0.47,"c(-122.133245282486, 37.4514204519774)",259.6760659983779,-122.1315754,37.4533445,0.1613897240511982
-122.13140581920905,37.4514204519774,57.127710435932386,0.47,"c(-122.131405819209, 37.4514204519774)",205.9869614223044,-122.1307562,37.4532027,0.1280217286651985
-122.12956635593221,37.4514204519774,57.39371205639327,0.47,"c(-122.129566355932, 37.4514204519774)",84.04898226739127,-122.1289669,37.4520079,0.05223678201826679
-122.12772689265537,37.4514204519774,58.28530695391237,0.47,"c(-122.127726892655, 37.4514204519774)",59.36793386452864,-122.1281428,37.4518402,0.036897410729974295
-122.12588742937854,37.4514204519774,59.33447162921948,0.95,"c(-122.125887429379, 37.4514204519774)",182.58808388727053,-122.12494960102772,37.45288197706059,0.11347923175094501
-122.1240479661017,37.4514204519774,59.45111892975183,0.83,"c(-122.124047966102, 37.4514204519774)",147.85553146647473,-122.12416639999999,37.4527493,0.09189281010967976
-122.12220850282488,37.4514204519774,58.56189291980354,0.83,"c(-122.122208502825, 37.4514204519774)",203.4764848090678,-122.12326570325727,37.45304425389777,0.12646145730830816
-122.12036903954804,37.4514204519774,58.68810635007139,0.83,"c(-122.120369039548, 37.4514204519774)",274.84386959147804,-122.1223765,37.4533102,0.17081657525884278
-122.1185295762712,37.4514204519774,58.72571575337679,0.83,"c(-122.118529576271, 37.4514204519774)",301.49585059458155,-122.11849377127882,37.45412875976716,0.18738088912031173
-122.11669011299436,37.4514204519774,58.46840769753908,0.83,"c(-122.116690112994, 37.4514204519774)",298.84264737248924,-122.11665727120499,37.454104963352,0.18573191259943395
-122.11485064971752,37.4514204519774,58.00874197155281,0.83,"c(-122.114850649718, 37.4514204519774)",296.18627142617964,-122.11482073206028,37.45408113787628,0.18408096421763806
-122.11301118644069,37.4514204519774,57.910608999358374,0.83,"c(-122.113011186441, 37.4514204519774)",257.4118943569081,-122.11027481797328,37.4522133722609,0.15998253222927786
-122.11117172316386,37.4514204519774,57.904907059489744,0.75,"c(-122.111171723164, 37.4514204519774)",104.14572014969406,-122.11007047164392,37.45175439845021,0.06472698579844255
-122.10933225988703,37.4514204519774,57.80006198269257,0.75,"c(-122.109332259887, 37.4514204519774)",49.121511658265696,-122.10986576593095,37.45129461142923,0.03052921793552871
-122.10749279661019,37.4514204519774,57.19379750437656,0.02,"c(-122.10749279661, 37.4514204519774)",11.80045112897477,-122.10743491780853,37.45151598113153,0.00733402804784013
-122.16267669491525,37.45296240112994,57.569093908277864,0.47,"c(-122.162676694915, 37.4529624011299)",2312.0925289632582,-122.1366045,37.4543619,1.436974847087171
-122.16083723163841,37.45296240112994,57.257303845756724,0.82,"c(-122.160837231638, 37.4529624011299)",2149.732198667857,-122.1366045,37.4543619,1.3360672459091716
-122.15899776836159,37.45296240112994,57.06528166698968,0.47,"c(-122.158997768362, 37.4529624011299)",1987.4365649774952,-122.1366045,37.4543619,1.235199853932564
-122.15715830508475,37.45296240112994,57.06446027342463,0.47,"c(-122.157158305085, 37.4529624011299)",1825.2228861682913,-122.1366045,37.4543619,1.1343833972456752
-122.15531884180791,37.45296240112994,57.14443749196107,0.82,"c(-122.155318841808, 37.4529624011299)",1663.1151431522912,-122.1366045,37.4543619,1.0336327800822196
-122.15347937853107,37.45296240112994,57.23671360133267,0.47,"c(-122.153479378531, 37.4529624011299)",1501.1476561588922,-122.1366045,37.4543619,0.9329693326034134
-122.15163991525424,37.45296240112994,57.42415058552797,0.47,"c(-122.151639915254, 37.4529624011299)",1339.371308867505,-122.1366045,37.4543619,0.8324246792215693
-122.1498004519774,37.45296240112994,57.4245760986596,0.47,"c(-122.149800451977, 37.4529624011299)",1177.8648614481635,-122.1366045,37.4543619,0.7320477697005366
-122.14796098870056,37.45296240112994,57.091667294851504,0.47,"c(-122.147960988701, 37.4529624011299)",1016.7569386026939,-122.1366045,37.4543619,0.6319185448121155
-122.14612152542374,37.45296240112994,57.29403439724774,0.02,"c(-122.146121525424, 37.4529624011299)",856.2725175100148,-122.1366045,37.4543619,0.5321768287818613
-122.1442820621469,37.45296240112994,57.000938360630244,0.47,"c(-122.144282062147, 37.4529624011299)",696.8425131133475,-122.1366045,37.4543619,0.43309043698778593
-122.14244259887006,37.45296240112994,56.69634109873732,0.47,"c(-122.14244259887, 37.4529624011299)",539.4026916977499,-122.1366045,37.4543619,0.3352409519563393
-122.14060313559322,37.45296240112994,56.078428024782625,0.47,"c(-122.140603135593, 37.4529624011299)",386.3935189716773,-122.1366045,37.4543619,0.24014513298426182
-122.13876367231639,37.45296240112994,55.89993943967638,0.47,"c(-122.138763672316, 37.4529624011299)",246.218502988449,-122.1366045,37.4543619,0.15302579427498383
-122.13692420903955,37.45296240112994,55.857306511652496,0.47,"c(-122.13692420904, 37.4529624011299)",131.25143770411827,-122.1362444,37.4540135,0.08157329875955144
-122.13508474576273,37.45296240112994,56.39624589383311,0.47,"c(-122.135084745763, 37.4529624011299)",117.00842036217637,-122.1355208,37.4539577,0.07272120594293124
-122.13324528248589,37.45296240112994,57.1045433061372,0.47,"c(-122.133245282486, 37.4529624011299)",122.83252870140613,-122.1330394,37.4540569,0.07634091280385713
-122.13140581920905,37.45296240112994,57.81284071844857,0.47,"c(-122.131405819209, 37.4529624011299)",36.88294643769995,-122.1313714118475,37.45329259915028,0.022922900209881882
-122.12588742937854,37.45296240112994,59.064938211929984,0.83,"c(-122.125887429379, 37.4529624011299)",38.22620140217312,-122.12558066260215,37.453204505050884,0.02375773859675147
-122.12220850282488,37.45296240112994,58.44026263247724,0.02,"c(-122.122208502825, 37.4529624011299)",41.36399150393829,-122.1223765,37.4533102,0.025707887820968483
-122.12036903954804,37.45296240112994,58.336778381963086,0.02,"c(-122.120369039548, 37.4529624011299)",132.5196686516928,-122.12036415606325,37.45415296589436,0.08236150941683829
-122.1185295762712,37.45296240112994,58.279469584219896,0.02,"c(-122.118529576271, 37.4529624011299)",129.86969319276238,-122.11852750616896,37.4541291966193,0.08071453896380508
-122.11669011299436,37.45296240112994,58.17706085829195,0.02,"c(-122.116690112994, 37.4529624011299)",127.21654496697816,-122.11669084356427,37.45410539862144,0.07906559662335498
-122.11485064971752,37.45296240112994,58.30206607636683,0.02,"c(-122.114850649718, 37.4529624011299)",124.5602231292603,-122.11485417192326,37.45408157194782,0.07741468187026743
-122.11301118644069,37.45296240112994,58.17028840008243,0.83,"c(-122.113011186441, 37.4529624011299)",121.90072810328417,-122.11301749365369,37.4540577166293,0.0757617949678584
-122.11117172316386,37.45296240112994,58.07215542788981,0.75,"c(-122.111171723164, 37.4529624011299)",46.94286711707882,-122.11068239131497,37.453128787919354,0.029175181551944575
-122.10933225988703,37.45296240112994,57.919378061022144,0.02,"c(-122.109332259887, 37.4529624011299)",62.369463085877946,-122.1086282,37.4529897,0.038762873266549376
-122.15531884180791,37.454504350282484,56.821449945558925,0.47,"c(-122.155318841808, 37.4545043502825)",1655.9045235085064,-122.1366045,37.4543619,1.0291513508443173
-122.15347937853107,37.454504350282484,56.91372605493234,0.47,"c(-122.153479378531, 37.4545043502825)",1493.1586045137765,-122.1366045,37.4543619,0.9280041047319928
-122.15163991525424,37.454504350282484,57.11933963680502,0.47,"c(-122.151639915254, 37.4545043502825)",1330.4146981772285,-122.1366045,37.4543619,0.8268581094948593
-122.1498004519774,37.454504350282484,57.195946314004686,0.47,"c(-122.149800451977, 37.4545043502825)",1167.6736461137766,-122.1366045,37.4543619,0.7257138881999855
-122.14796098870056,37.454504350282484,56.8738220679482,0.47,"c(-122.147960988701, 37.4545043502825)",1004.9368350778433,-122.1366045,37.4543619,0.6245723027208473
-122.14612152542374,37.454504350282484,57.001864442234364,0.47,"c(-122.146121525424, 37.4545043502825)",842.2067235933481,-122.1366045,37.4543619,0.5234348810399926
-122.1442820621469,37.454504350282484,56.729669387612375,0.47,"c(-122.144282062147, 37.4545043502825)",679.4881251701481,-122.1366045,37.4543619,0.4223046147732431
-122.14244259887006,37.454504350282484,56.52754568239288,0.47,"c(-122.14244259887, 37.4545043502825)",516.7919151240972,-122.1366045,37.4543619,0.3211882629733357
-122.14060313559322,37.454504350282484,56.07041377593123,0.47,"c(-122.140603135593, 37.4545043502825)",354.1489505997038,-122.1366045,37.4543619,0.22010500348023854
-122.13876367231639,37.454504350282484,56.08974934938806,0.47,"c(-122.138763672316, 37.4545043502825)",191.69480775734735,-122.1366045,37.4543619,0.11913909742532464
-122.12036903954804,37.454504350282484,57.831456003588755,0.02,"c(-122.120369039548, 37.4545043502825)",39.10654372321234,-122.12039627978311,37.45415338137409,0.024304874905663357
-122.1185295762712,37.454504350282484,57.98586645863725,0.02,"c(-122.118529576271, 37.4545043502825)",41.75646427315709,-122.11855958867274,37.45412961206481,0.025951811232540145
-122.11669011299436,37.454504350282484,58.083552540855635,0.02,"c(-122.116690112994, 37.4545043502825)",44.40955801990716,-122.11672289914235,37.45410581421672,0.02760071971405044
-122.11485064971752,37.454504350282484,57.868523022928,0.6,"c(-122.114850649718, 37.4545043502825)",47.06582496623861,-122.11488621127243,37.45408198783088,0.029251600351919583
-122.11301118644069,37.454504350282484,57.86668250650382,0.6,"c(-122.113011186441, 37.4545043502825)",49.72526516465796,-122.11304952502077,37.454058132906816,0.030904453178780586
-122.11117172316386,37.454504350282484,58.35187511195545,0.6,"c(-122.111171723164, 37.4545043502825)",10.259985939404364,-122.11129425864657,37.454503006056925,0.006376622709387423
-122.10933225988703,37.454504350282484,58.03869413935172,0.02,"c(-122.109332259887, 37.4545043502825)",29.321470658811204,-122.10900112097177,37.4544876763196,0.018223412466632196
-122.15347937853107,37.45604629943502,56.69013855981029,0.47,"c(-122.153479378531, 37.456046299435)",1504.7177008625208,-122.1366045,37.4543619,0.9351881298089004
-122.15163991525424,37.45604629943502,56.62321327780745,0.47,"c(-122.151639915254, 37.456046299435)",1343.3783695862892,-122.1366045,37.4543619,0.8349150836459224
-122.1498004519774,37.45604629943502,56.88201895545353,0.47,"c(-122.149800451977, 37.456046299435)",1182.426430970794,-122.1366045,37.4543619,0.7348828035865718
-122.14796098870056,37.45604629943502,56.76101206177191,0.47,"c(-122.147960988701, 37.456046299435)",1022.0449216172298,-122.1366045,37.4543619,0.6352050476179179
-122.14612152542374,37.45604629943502,56.8948425581184,0.47,"c(-122.146121525424, 37.456046299435)",862.5520943356855,-122.1366045,37.4543619,0.536079611147101
-122.1442820621469,37.45604629943502,56.54170968123435,0.47,"c(-122.144282062147, 37.456046299435)",704.551733860737,-122.1366045,37.4543619,0.43788174882581543
-122.14244259887006,37.45604629943502,56.29133443054434,0.47,"c(-122.14244259887, 37.456046299435)",549.3331526803574,-122.1366045,37.4543619,0.3414127735738704
-122.14060313559322,37.45604629943502,56.541623109267675,0.1,"c(-122.140603135593, 37.456046299435)",399.9502773169261,-122.13657270356771,37.45441172347329,0.24857071306210446
-122.12220850282488,37.45604629943502,57.801132538937964,0.02,"c(-122.122208502825, 37.456046299435)",39.30938384018301,-122.12261103767506,37.45589600162607,0.024430940857789317
-122.12036903954804,37.45604629943502,57.93663528855177,0.02,"c(-122.120369039548, 37.456046299435)",175.8029715370372,-122.12205788730469,37.45521156964502,0.10926225701493922
-122.1185295762712,37.45604629943502,57.756942483883904,0.02,"c(-122.118529576271, 37.456046299435)",213.38262208187297,-122.11858993385809,37.454130005005275,0.1326181616419347
-122.11669011299436,37.45604629943502,57.77703792407647,0.02,"c(-122.116690112994, 37.456046299435)",216.0356608535975,-122.11675337448685,37.454106209316464,0.13426703595624456
-122.11485064971752,37.45604629943502,57.779191242617344,0.6,"c(-122.114850649718, 37.456046299435)",218.6918729813909,-122.1149168016161,37.4540823848972,0.13591788252417086
-122.11301118644069,37.45604629943502,57.78134456115822,0.6,"c(-122.113011186441, 37.456046299435)",85.79385631159968,-122.11211088866916,37.456337025413184,0.053321228285643056
-122.11117172316386,37.45604629943502,57.7834978796991,0.6,"c(-122.111171723164, 37.456046299435)",58.265724112776745,-122.1109478,37.45654,0.0362123829165797
-122.10933225988703,37.45604629943502,57.82066905859392,0.02,"c(-122.109332259887, 37.456046299435)",28.975843725294418,-122.10964552737624,37.45612319260939,0.018008603931196035
-122.1442820621469,37.45758824858757,56.464675325147255,0.1,"c(-122.144282062147, 37.4575882485876)",767.8220694446725,-122.1365694,37.4544169,0.47720451798923086
-122.14244259887006,37.45758824858757,56.835784797673114,0.47,"c(-122.14244259887, 37.4575882485876)",627.6286906499053,-122.1365694,37.4544169,0.3900737667183998
-122.12220850282488,37.45758824858757,57.701812024803075,0.02,"c(-122.122208502825, 37.4575882485876)",44.519833820556904,-122.1227118592947,37.45757124889788,0.027669256569643818
-122.12036903954804,37.45758824858757,57.6873933416482,0.02,"c(-122.120369039548, 37.4575882485876)",206.92252709811135,-122.12270859502641,37.457509524476066,0.12860318651218852
-122.1185295762712,37.45758824858757,57.68954666018908,0.02,"c(-122.118529576271, 37.4575882485876)",369.32540751537124,-122.12270533811075,37.45744793898428,0.22953723276281618
-122.11669011299436,37.45758824858757,57.69169997872996,0.02,"c(-122.116690112994, 37.4575882485876)",335.0917411336479,-122.11313189323403,37.458629902302526,0.20826087081022243
-122.11485064971752,37.45758824858757,57.693853297270834,0.6,"c(-122.114850649718, 37.4575882485876)",181.8403211989875,-122.11292746270601,37.458170823263984,0.11301449421938316
-122.11301118644069,37.45758824858757,57.69600661581171,0.6,"c(-122.113011186441, 37.4575882485876)",28.587843453608816,-122.11272283247868,37.4577112897602,0.017767460194909147
-122.12220850282488,37.45913019774011,57.616409109931055,0.02,"c(-122.122208502825, 37.4591301977401)",82.81460952820063,-122.1231078,37.4589232,0.051469614374270126
-122.12036903954804,37.45913019774011,57.56142651544542,0.02,"c(-122.120369039548, 37.4591301977401)",241.40746204484827,-122.1230382714726,37.45866815123292,0.15003571289300702
-122.1185295762712,37.45913019774011,57.699983807865294,0.02,"c(-122.118529576271, 37.4591301977401)",398.525376000667,-122.1228388,37.4580846,0.24768513113776694
-122.11669011299436,37.45913019774011,57.73813010775939,0.02,"c(-122.116690112994, 37.4591301977401)",277.87940832618574,-122.11374402426729,37.46000449733656,0.17270317484536093
-122.11485064971752,37.45913019774011,57.77703045520548,0.6,"c(-122.114850649718, 37.4591301977401)",124.63114836209807,-122.11353949763136,37.45954522045237,0.07745876218899818
-122.11301118644069,37.45913019774011,57.81593080265111,0.6,"c(-122.113011186441, 37.4591301977401)",28.61816941366559,-122.11333474951233,37.45908544019721,0.017786307901594526
-122.11117172316386,37.45913019774011,57.85483115009674,0.6,"c(-122.111171723164, 37.4591301977401)",10.513555466939575,-122.11108268433087,37.45919284296515,0.0065342171951147145
-122.12220850282488,37.460672146892655,57.85306577009351,0.02,"c(-122.122208502825, 37.4606721468927)",127.77919160464585,-122.12358269473702,37.46031472404293,0.07941528378163197
-122.12036903954804,37.460672146892655,57.891966117539596,0.02,"c(-122.120369039548, 37.4606721468927)",227.9974383402206,-122.12191997830978,37.46230902939134,0.14170132898708554
-122.1185295762712,37.460672146892655,57.93086646498523,0.02,"c(-122.118529576271, 37.4606721468927)",326.23607022490677,-122.12075031212167,37.4630134048359,0.20275703556551072
-122.11669011299436,37.460672146892655,57.96976681243086,0.02,"c(-122.116690112994, 37.4606721468927)",220.66707542753704,-122.11435613299354,37.461378988468525,0.13714547882382663
-122.11485064971752,37.460672146892655,58.00866715987695,0.6,"c(-122.114850649718, 37.4606721468927)",67.42197548527285,-122.11415150734662,37.46091950723563,0.04190303013379295
-122.11301118644069,37.460672146892655,58.08634957210961,0.6,"c(-122.113011186441, 37.4606721468927)",47.630162561224616,-122.11248059370553,37.46074757036941,0.029602338447001005
-122.12036903954804,37.462214096045194,58.12360282221016,0.02,"c(-122.120369039548, 37.4622140960452)",91.24901886517405,-122.12099221084742,37.462867734953605,0.0567116338503257
-122.1185295762712,37.462214096045194,58.16250316965579,0.02,"c(-122.118529576271, 37.4622140960452)",191.33634257346645,-122.1199199740866,37.46353180257549,0.11891630986542352
-122.11669011299436,37.462214096045194,58.201403517101426,0.6,"c(-122.116690112994, 37.4622140960452)",163.45474231358295,-122.11496822072662,37.462753378655826,0.10158778266847915
-122.1185295762712,37.46375604519774,58.47488497121958,0.6,"c(-122.118529576271, 37.4637560451977)",61.25814985348488,-122.11899228633276,37.46416584777225,0.03807218760316027
