x,y,temperature,percent_im,geometry,distance,lon,lat,miles
-122.14612152542374,37.39591028248587,54.92819073666397,0.83,"c(-122.146121525424, 37.3959102824859)",4331.499508333136,-122.125982,37.4314785,2.6920444427179215
-122.14428206214691,37.39591028248587,55.51503524702639,0.91,"c(-122.144282062147, 37.3959102824859)",4267.053343302508,-122.125982,37.4314785,2.651990890803299
-122.14244259887008,37.39591028248587,55.62794043331451,0.83,"c(-122.14244259887, 37.3959102824859)",4207.925350449328,-122.125982,37.4314785,2.615242604381186
-122.14060313559324,37.39591028248586,55.5744090777589,0.1,"c(-122.140603135593, 37.3959102824859)",4154.3426137013175,-122.125982,37.4314785,2.5819407170300295
-122.1498004519774,37.3974522316384,54.89314272550473,0.01,"c(-122.149800451977, 37.3974522316384)",4325.20065210394,-122.125982,37.4314785,2.688129678125507
-122.14796098870058,37.3974522316384,55.29684373049895,0.01,"c(-122.147960988701, 37.3974522316384)",4248.194899164689,-122.125982,37.4314785,2.640270291587749
-122.14612152542374,37.3974522316384,55.883688240861375,0.83,"c(-122.146121525424, 37.3974522316384)",4176.121802687678,-122.125982,37.4314785,2.595476570968103
-122.14428206214691,37.3974522316384,56.56746904773172,0.83,"c(-122.144282062147, 37.3974522316384)",4109.240916518567,-122.125982,37.4314785,2.553909830030185
-122.14244259887008,37.3974522316384,56.467120062843605,0.83,"c(-122.14244259887, 37.3974522316384)",4047.809617409667,-122.125982,37.4314785,2.5157300294652996
-122.14060313559324,37.3974522316384,56.43474704475375,0.83,"c(-122.140603135593, 37.3974522316384)",3992.07949288572,-122.125982,37.4314785,2.4810935319364327
-122.1387636723164,37.3974522316384,56.240544929554744,0.83,"c(-122.138763672316, 37.3974522316384)",3942.2923339448375,-122.125982,37.4314785,2.4501506115256912
-122.13692420903956,37.3974522316384,55.88837468696147,0.47,"c(-122.13692420904, 37.3974522316384)",3898.675827160496,-122.125982,37.4314785,2.4230427763582947
-122.15163991525422,37.39899418079095,55.08084879470971,0.01,"c(-122.151639915254, 37.398994180791)",4261.1305210934415,-122.125982,37.4314785,2.648309832873488
-122.1498004519774,37.39899418079094,55.66549672432666,0.01,"c(-122.149800451977, 37.3989941807909)",4176.603041347051,-122.125982,37.4314785,2.595775662739
-122.14796098870058,37.39899418079094,56.25234123469636,0.01,"c(-122.147960988701, 37.3989941807909)",4096.806770447954,-122.125982,37.4314785,2.5461819580161302
-122.14612152542374,37.39899418079094,56.839185745058785,0.83,"c(-122.146121525424, 37.3989941807909)",4022.02331746846,-122.125982,37.4314785,2.499703739880957
-122.14428206214691,37.39899418079094,57.68244746910205,0.83,"c(-122.144282062147, 37.3989941807909)",3952.537225738259,-122.125982,37.4314785,2.456517853162374
-122.14244259887008,37.39899418079094,57.65251444137539,0.83,"c(-122.14244259887, 37.3989941807909)",3888.6324817775826,-122.125982,37.4314785,2.416800796629946
-122.14060313559324,37.39899418079094,56.86612090129347,0.83,"c(-122.140603135593, 37.3989941807909)",3830.5884324647454,-122.125982,37.4314785,2.380726185497045
-122.1387636723164,37.39899418079094,56.69544551918443,0.83,"c(-122.138763672316, 37.3989941807909)",3778.675165028638,-122.125982,37.4314785,2.3484618800675188
-122.13692420903956,37.39899418079095,56.15708929257198,0.83,"c(-122.13692420904, 37.398994180791)",3733.148452726705,-122.125982,37.4314785,2.320166844454136
-122.13508474576274,37.39899418079094,56.686673617085034,0.8,"c(-122.135084745763, 37.3989941807909)",3694.2444208485863,-122.125982,37.4314785,2.295987831478301
-122.13324528248587,37.39899418079095,56.356276073420304,0.47,"c(-122.133245282486, 37.398994180791)",3662.174137787497,-122.125982,37.4314785,2.2760560209990657
-122.15163991525422,37.40053612994349,56.03414971816164,0.01,"c(-122.151639915254, 37.4005361299435)",4117.334570584364,-122.125982,37.4314785,2.558940068728629
-122.1498004519774,37.40053612994351,56.62099422852407,0.01,"c(-122.149800451977, 37.4005361299435)",4029.7938197280014,-122.125982,37.4314785,2.5045331384263525
-122.14796098870058,37.4005361299435,57.20783873889377,0.01,"c(-122.147960988701, 37.4005361299435)",3947.0323672746345,-122.125982,37.4314785,2.4530965613888345
-122.14612152542374,37.4005361299435,57.794683249256195,0.83,"c(-122.146121525424, 37.4005361299435)",3869.3568978263847,-122.125982,37.4314785,2.40482094333523
-122.14428206214691,37.4005361299435,58.11570002130611,0.83,"c(-122.144282062147, 37.4005361299435)",3797.079550534275,-122.125982,37.4314785,2.359900280008872
-122.14244259887008,37.4005361299435,57.80449741830671,0.83,"c(-122.14244259887, 37.4005361299435)",3730.514098553312,-122.125982,37.4314785,2.318529582693171
-122.14060313559324,37.40053612994349,56.974311951758864,0.83,"c(-122.140603135593, 37.4005361299435)",3669.971359863017,-122.125982,37.4314785,2.280902026018034
-122.1387636723164,37.40053612994349,56.295599586563185,0.8,"c(-122.138763672316, 37.4005361299435)",3615.753882853291,-122.125982,37.4314785,2.2472056450300135
-122.13692420903956,37.4005361299435,56.1712148816132,0.91,"c(-122.13692420904, 37.4005361299435)",3568.1500132604383,-122.125982,37.4314785,2.217619647769073
-122.13508474576274,37.40053612994349,56.58061108359834,0.2,"c(-122.135084745763, 37.4005361299435)",3527.4275201114365,-122.125982,37.4314785,2.1923104537672073
-122.13324528248587,37.4005361299435,57.02938016476401,0.67,"c(-122.133245282486, 37.4005361299435)",3493.8270304885987,-122.125982,37.4314785,2.171427613728153
-122.13140581920904,37.4005361299435,56.80093394457981,0.47,"c(-122.131405819209, 37.4005361299435)",3467.5555864686125,-122.125982,37.4314785,2.1550998051389763
-122.1295663559322,37.4005361299435,56.82417745987914,0.02,"c(-122.129566355932, 37.4005361299435)",3448.780681419612,-122.125982,37.4314785,2.1434311258046064
-122.15163991525422,37.40207807909603,56.989647222355416,0.01,"c(-122.151639915254, 37.402078079096)",3975.704672198281,-122.125982,37.4314785,2.4709165147285774
-122.1498004519774,37.40207807909603,57.57649173271784,0.01,"c(-122.149800451977, 37.402078079096)",3884.9757425890216,-122.125982,37.4314785,2.414528118451847
-122.14796098870058,37.40207807909603,58.16333624308754,0.83,"c(-122.147960988701, 37.402078079096)",3799.062559238804,-122.125982,37.4314785,2.361132727929648
-122.14612152542374,37.40207807909603,58.37584997738213,0.83,"c(-122.146121525424, 37.402078079096)",3718.298947948412,-122.125982,37.4314785,2.31093781724575
-122.14428206214691,37.40207807909603,57.88355144840898,0.83,"c(-122.144282062147, 37.402078079096)",3643.027413108595,-122.125982,37.4314785,2.264156254262645
-122.14244259887008,37.40207807909602,57.0458420030991,0.83,"c(-122.14244259887, 37.402078079096)",3573.5950145824604,-122.125982,37.4314785,2.2210037380872967
-122.14060313559324,37.40207807909603,56.434109880558026,0.8,"c(-122.140603135593, 37.402078079096)",3510.348252420218,-122.125982,37.4314785,2.181695619900695
-122.1387636723164,37.40207807909603,56.30972517560622,0.83,"c(-122.138763672316, 37.402078079096)",3453.626978685532,-122.125982,37.4314785,2.1464431191333326
-122.13692420903956,37.40207807909603,56.18534047065623,0.91,"c(-122.13692420904, 37.402078079096)",3403.75743734759,-122.125982,37.4314785,2.1154489977300126
-122.13508474576274,37.40207807909603,56.470447914267424,0,"c(-122.135084745763, 37.402078079096)",3361.0446302574596,-122.125982,37.4314785,2.0889028155733125
-122.13324528248587,37.40207807909603,57.00467140904948,0.67,"c(-122.133245282486, 37.402078079096)",3325.764310780733,-122.125982,37.4314785,2.0669759544939295
-122.13140581920904,37.40207807909603,56.79369970477819,0.47,"c(-122.131405819209, 37.402078079096)",3298.1550032144864,-122.125982,37.4314785,2.0498166583060824
-122.1295663559322,37.40207807909603,56.975194226901294,0.47,"c(-122.129566355932, 37.402078079096)",3278.410518795594,-122.125982,37.4314785,2.0375453814764413
-122.12772689265536,37.40207807909603,57.08053543699134,0.47,"c(-122.127726892655, 37.402078079096)",3266.673470747048,-122.125982,37.4314785,2.0302507586992222
-122.12588742937852,37.40207807909603,57.29207884633797,0.67,"c(-122.125887429379, 37.402078079096)",3263.030267933799,-122.125982,37.4314785,2.0279864934330636
-122.15163991525422,37.40362002824858,57.945144726556464,0.01,"c(-122.151639915254, 37.4036200282486)",3836.480729391691,-122.125982,37.4314785,2.3843882718407032
-122.1498004519774,37.40362002824859,58.241793086463986,0.01,"c(-122.149800451977, 37.4036200282486)",3742.379975877608,-122.125982,37.4314785,2.32590427338571
-122.14796098870058,37.40362002824858,58.20357995732775,0.83,"c(-122.147960988701, 37.4036200282486)",3653.116645056224,-122.125982,37.4314785,2.2704267526763355
-122.14612152542374,37.40362002824856,57.19490870146001,0.83,"c(-122.146121525424, 37.4036200282486)",3569.053712521055,-122.125982,37.4314785,2.218181300510289
-122.14428206214691,37.40362002824856,57.11737205443933,0.8,"c(-122.144282062147, 37.4036200282486)",3490.5669203570983,-122.125982,37.4314785,2.1694014421113104
-122.14244259887008,37.40362002824858,56.57262017454923,0.83,"c(-122.14244259887, 37.4036200282486)",3418.040416743182,-122.125982,37.4314785,2.124325927124414
-122.14060313559324,37.40362002824856,56.44823546959924,0.83,"c(-122.140603135593, 37.4036200282486)",3351.8611245188386,-122.125982,37.4314785,2.0831952296574507
-122.1387636723164,37.40362002824858,56.32385076464743,0.83,"c(-122.138763672316, 37.4036200282486)",3292.41181329915,-122.125982,37.4314785,2.0462472425724982
-122.13692420903956,37.40362002824858,56.19946605969744,0.83,"c(-122.13692420904, 37.4036200282486)",3240.0629533301853,-122.125982,37.4314785,2.013712214624105
-122.13508474576274,37.40362002824858,56.35429046468198,0.67,"c(-122.135084745763, 37.4036200282486)",3195.163560406236,-122.125982,37.4314785,1.9858070605383693
-122.13324528248587,37.40362002824856,56.89532939225319,0.67,"c(-122.133245282486, 37.4036200282486)",3158.031389502805,-122.125982,37.4314785,1.9627292663162244
-122.13140581920904,37.40362002824858,56.78646546497657,0.47,"c(-122.131405819209, 37.4036200282486)",3128.942981202897,-122.125982,37.4314785,1.9446507030471705
-122.1295663559322,37.40362002824858,57.272112133709015,0.47,"c(-122.129566355932, 37.4036200282486)",3108.124184367698,-122.125982,37.4314785,1.931711736710813
-122.12772689265536,37.40362002824858,57.90256264224445,0.67,"c(-122.127726892655, 37.4036200282486)",3095.7418423717822,-122.125982,37.4314785,1.92401606113846
-122.12588742937852,37.40362002824858,57.69953442699625,0.47,"c(-122.125887429379, 37.4036200282486)",3091.8973151032624,-122.125982,37.4314785,1.921626671910045
-122.12404796610171,37.40362002824856,57.567164505926485,0.47,"c(-122.124047966102, 37.4036200282486)",3096.62240239897,-122.125982,37.4314785,1.9245633327526224
-122.15163991525422,37.40516197740112,58.15662215315387,0.8,"c(-122.151639915254, 37.4051619774011)",3699.914621964355,-122.1260148,37.4314986,2.299511884378095
-122.1498004519774,37.40516197740112,57.15010837503587,0.8,"c(-122.149800451977, 37.4051619774011)",3602.270445915531,-122.125982,37.4314785,2.2388256345031268
-122.14796098870058,37.40516197740112,57.158870781618134,0.83,"c(-122.147960988701, 37.4051619774011)",3509.447140847358,-122.125982,37.4314785,2.181135575417873
-122.14612152542374,37.40516197740112,56.78704146068776,0.83,"c(-122.146121525424, 37.4051619774011)",3421.858392500692,-122.125982,37.4314785,2.126698814481474
-122.14428206214691,37.40516197740112,56.71113046854407,0.83,"c(-122.144282062147, 37.4051619774011)",3339.9160524656245,-122.125982,37.4314785,2.07577131912096
-122.14244259887008,37.40516197740112,56.58674576359226,0.83,"c(-122.14244259887, 37.4051619774011)",3264.0453998327016,-122.125982,37.4314785,2.028617402009137
-122.14060313559324,37.40516197740112,56.46236105864227,0.83,"c(-122.140603135593, 37.4051619774011)",3194.679054693484,-122.125982,37.4314785,1.985505938280599
-122.1387636723164,37.40516197740112,56.337976353690465,0.83,"c(-122.138763672316, 37.4051619774011)",3132.2491772933417,-122.125982,37.4314785,1.9467055172736745
-122.13692420903956,37.40516197740112,56.21359164874048,0.67,"c(-122.13692420904, 37.4051619774011)",3077.1779784085297,-122.125982,37.4314785,1.9124785446914416
-122.13508474576274,37.40516197740112,56.23813301509654,0.67,"c(-122.135084745763, 37.4051619774011)",3029.86674114143,-122.125982,37.4314785,1.8830744196031264
-122.13324528248587,37.40516197740112,56.669716662421706,0.47,"c(-122.133245282486, 37.4051619774011)",2990.683765223236,-122.125982,37.4314785,1.8587220417795127
-122.13140581920904,37.40516197740112,56.91589531573845,0.47,"c(-122.131405819209, 37.4051619774011)",2959.951866901249,-122.125982,37.4314785,1.8396220428224048
-122.1295663559322,37.40516197740112,57.36219363644341,0.47,"c(-122.129566355932, 37.4051619774011)",2937.936262339374,-122.125982,37.4314785,1.8259392556490828
-122.12772689265536,37.40516197740112,57.797924797967426,0.47,"c(-122.127726892655, 37.4051619774011)",2924.833784200845,-122.125982,37.4314785,1.8177960125549069
-122.12588742937852,37.40516197740112,57.90524744732829,0.47,"c(-122.125887429379, 37.4051619774011)",2920.7643871591417,-122.125982,37.4314785,1.8152668658540347
-122.12404796610171,37.40516197740112,58.258198706920666,0.47,"c(-122.124047966102, 37.4051619774011)",2925.7657633288177,-122.125982,37.4314785,1.818375241347929
-122.12220850282488,37.40516197740112,58.25531528278225,0.83,"c(-122.122208502825, 37.4051619774011)",2939.791617597983,-122.125982,37.4314785,1.8270923664375285
-122.15531884180793,37.40670392655367,58.05238597571224,0.83,"c(-122.155318841808, 37.4067039265537)",3781.744833585274,-122.1260148,37.4314986,2.350369691476242
-122.15347937853107,37.406703926553654,57.10530804861128,0.83,"c(-122.153479378531, 37.4067039265537)",3671.966387856512,-122.1260148,37.4314986,2.282141943975458
-122.15163991525422,37.40670392655367,57.11407045519354,0.83,"c(-122.151639915254, 37.4067039265537)",3566.2456412667557,-122.1260148,37.4314986,2.2164360728817623
-122.1498004519774,37.40670392655367,57.122832861775805,0.83,"c(-122.149800451977, 37.4067039265537)",3464.94877471798,-122.125982,37.4314785,2.1534796611050218
-122.14796098870058,37.40670392655367,57.13159526835807,0.83,"c(-122.147960988701, 37.4067039265537)",3368.3453520952353,-122.125982,37.4314785,2.093440243688773
-122.14612152542374,37.40670392655367,56.80910061446775,0.83,"c(-122.146121525424, 37.4067039265537)",3276.989239935113,-122.125982,37.4314785,2.036662050923004
-122.14428206214691,37.406703926553654,56.69498022175503,0.83,"c(-122.144282062147, 37.4067039265537)",3191.331103892105,-122.125982,37.4314785,1.98342517333257
-122.14244259887008,37.406703926553654,56.60087135263347,0.83,"c(-122.14244259887, 37.4067039265537)",3111.8415157632044,-122.125982,37.4314785,1.9340220731903073
-122.14060313559324,37.406703926553654,56.47648664768349,0.83,"c(-122.140603135593, 37.4067039265537)",3039.004556187488,-122.125982,37.4314785,1.8887536085689796
-122.1387636723164,37.40670392655367,56.35210194273168,0.83,"c(-122.138763672316, 37.4067039265537)",2973.3091724090505,-122.125982,37.4314785,1.8479236621560289
-122.13692420903956,37.40670392655367,56.22771723778169,0.67,"c(-122.13692420904, 37.4067039265537)",2915.238214282921,-122.125982,37.4314785,1.8118323270869616
-122.13508474576274,37.406703926553654,56.13793044441377,0.47,"c(-122.135084745763, 37.4067039265537)",2865.2552986581213,-122.125982,37.4314785,1.7807677431063529
-122.13324528248587,37.40670392655367,56.59050246325205,0.47,"c(-122.133245282486, 37.4067039265537)",2823.7899490323257,-122.125982,37.4314785,1.7549968608031856
-122.13140581920904,37.406703926553654,57.004382297243865,0.47,"c(-122.131405819209, 37.4067039265537)",2791.221792588625,-122.125982,37.4314785,1.7347556200053604
-122.1295663559322,37.40670392655367,57.40740096058289,0.47,"c(-122.129566355932, 37.4067039265537)",2767.864914341781,-122.125982,37.4314785,1.7202392258183847
-122.12772689265536,37.40670392655367,57.57592572053545,0.47,"c(-122.127726892655, 37.4067039265537)",2753.953692816706,-122.125982,37.4314785,1.7115933454423278
-122.12588742937852,37.406703926553654,57.94809820318551,0.2,"c(-122.125887429379, 37.4067039265537)",2749.631497103223,-122.125982,37.4314785,1.7089070833456947
-122.12404796610171,37.406703926553654,58.033655363844446,0.47,"c(-122.124047966102, 37.4067039265537)",2754.943459871873,-122.125982,37.4314785,1.7122084896655518
-122.12220850282488,37.40670392655367,58.28167114993994,0.82,"c(-122.122208502825, 37.4067039265537)",2769.8341527696334,-122.125982,37.4314785,1.7214631154565776
-122.12036903954802,37.40670392655367,58.335803383241,0.83,"c(-122.120369039548, 37.4067039265537)",2794.150437990531,-122.125982,37.4314785,1.7365757849537171
-122.1185295762712,37.40670392655367,58.668069689963886,0.47,"c(-122.118529576271, 37.4067039265537)",2827.6491606714935,-122.125982,37.4314785,1.75739537642728
-122.11669011299438,37.40670392655367,58.611510790287866,0.47,"c(-122.116690112994, 37.4067039265537)",2870.008806773521,-122.125982,37.4314785,1.7837220676031826
-122.11485064971752,37.406703926553654,58.67095875093946,0.47,"c(-122.114850649718, 37.4067039265537)",2920.8438841142884,-122.125982,37.4314785,1.815316273532808
-122.15347937853107,37.4082458757062,57.07803253535167,0.91,"c(-122.153479378531, 37.4082458757062)",3545.509052550532,-122.1260148,37.4314986,2.2035481992234507
-122.15163991525422,37.4082458757062,57.08679494193393,0.91,"c(-122.151639915254, 37.4082458757062)",3435.901766282677,-122.1260148,37.4314986,2.1354268280190656
-122.1498004519774,37.40824587570622,57.095557348516195,0.91,"c(-122.149800451977, 37.4082458757062)",3330.650690154786,-122.1260148,37.4314986,2.070012859014783
-122.14796098870058,37.40824587570622,56.83262897444456,0.83,"c(-122.147960988701, 37.4082458757062)",3230.1477981759285,-122.125982,37.4314785,2.0075499056407264
-122.14612152542374,37.4082458757062,57.16089650856157,0.91,"c(-122.146121525424, 37.4082458757062)",3134.7687809136437,-122.125982,37.4314785,1.9482714611023264
-122.14428206214691,37.40824587570622,57.06652766514162,0.83,"c(-122.144282062147, 37.4082458757062)",3045.1145139189534,-122.125982,37.4314785,1.8925509719819475
-122.14244259887008,37.40824587570622,56.55359272273017,0.83,"c(-122.14244259887, 37.4082458757062)",2961.7049275011627,-122.125982,37.4314785,1.8407115770672235
-122.14060313559324,37.40824587570622,56.34202357076174,0.83,"c(-122.140603135593, 37.4082458757062)",2885.0816858596736,-122.125982,37.4314785,1.7930899228462855
-122.1387636723164,37.40824587570622,56.36622753177471,0.2,"c(-122.138763672316, 37.4082458757062)",2815.798851576234,-122.125982,37.4314785,1.750030361451979
-122.13692420903956,37.40824587570622,56.24184282682472,0.47,"c(-122.13692420904, 37.4082458757062)",2754.410389377111,-122.125982,37.4314785,1.711877184199572
-122.13508474576274,37.40824587570618,56.05068245820371,0.47,"c(-122.135084745763, 37.4082458757062)",2701.4545333854626,-122.125982,37.4314785,1.6789649057709526
-122.13324528248587,37.40824587570622,56.64657095804432,0.47,"c(-122.133245282486, 37.4082458757062)",2657.4354519135304,-122.125982,37.4314785,1.6516068688089065
-122.13140581920904,37.4082458757062,56.89025172026595,0.47,"c(-122.131405819209, 37.4082458757062)",2622.803147151417,-122.125982,37.4314785,1.6300827514924905
-122.1295663559322,37.4082458757062,57.05455520678515,0.47,"c(-122.129566355932, 37.4082458757062)",2597.9330435607303,-122.125982,37.4314785,1.6146258816412244
-122.12772689265536,37.40824587570619,57.2006722106762,0.47,"c(-122.127726892655, 37.4082458757062)",2583.1071273777575,-122.125982,37.4314785,1.605411514840123
-122.12588742937852,37.40824587570622,58.051260036518215,0.82,"c(-122.125887429379, 37.4082458757062)",2578.498661384517,-122.125982,37.4314785,1.6025473346081525
-122.12404796610171,37.40824587570622,58.44694626668388,0.82,"c(-122.124047966102, 37.4082458757062)",2584.162310039536,-122.125982,37.4314785,1.60606731512712
-122.12220850282488,37.40824587570619,58.47043751761885,0.96,"c(-122.122208502825, 37.4082458757062)",2600.0309469511867,-122.125982,37.4314785,1.6159297370734536
-122.12036903954802,37.40824587570623,58.50284068248584,0.83,"c(-122.120369039548, 37.4082458757062)",2625.919569997806,-122.125982,37.4314785,1.632019620881172
-122.1185295762712,37.40824587570623,58.7508977106354,0.82,"c(-122.118529576271, 37.4082458757062)",2661.5358035566496,-122.125982,37.4314785,1.6541552539196085
-122.11669011299438,37.4082458757062,58.97671174928655,0.47,"c(-122.116690112994, 37.4082458757062)",2706.495642262479,-122.125982,37.4314785,1.6820979753029703
-122.11485064971752,37.40824587570619,59.09261022816281,0.47,"c(-122.114850649718, 37.4082458757062)",2760.3425642280868,-122.125982,37.4314785,1.7155640548341125
-122.11301118644069,37.4082458757062,59.07794067299983,0.47,"c(-122.113011186441, 37.4082458757062)",2822.567991104658,-122.125982,37.4314785,1.7542374090147037
-122.15163991525422,37.409787824858746,57.05951942867432,0.83,"c(-122.151639915254, 37.4097878248587)",3309.2759293826416,-122.1260148,37.4314986,2.0567283588456444
-122.1498004519774,37.409787824858746,57.068281835256585,0.91,"c(-122.149800451977, 37.4097878248587)",3199.8648171457294,-122.1260148,37.4314986,1.9887289105939896
-122.14796098870058,37.409787824858746,56.876240822334694,0.91,"c(-122.147960988701, 37.4097878248587)",3095.155569428694,-122.1260148,37.4314986,1.9236516901359193
-122.14612152542374,37.409787824858746,57.30004795711209,0.83,"c(-122.146121525424, 37.4097878248587)",2995.574301808257,-122.125982,37.4314785,1.8617615300237769
-122.14428206214691,37.409787824858746,57.21846125693992,0.91,"c(-122.144282062147, 37.4097878248587)",2901.6243464872705,-122.125982,37.4314785,1.8033712532549848
-122.14244259887008,37.409787824858746,56.74356393091148,0.47,"c(-122.14244259887, 37.4097878248587)",2813.966558652583,-122.125982,37.4314785,1.7488915839978765
-122.14060313559324,37.40978782485873,56.378009836684214,0.47,"c(-122.140603135593, 37.4097878248587)",2733.20640148761,-122.125982,37.4314785,1.69869882006688
-122.1387636723164,37.409787824858746,56.06381925389723,0.2,"c(-122.138763672316, 37.4097878248587)",2659.972211887447,-122.125982,37.4314785,1.6531834753806385
-122.13692420903956,37.409787824858746,56.10216926372959,0.47,"c(-122.13692420904, 37.4097878248587)",2594.901269421513,-122.125982,37.4314785,1.6127416217660118
-122.13508474576274,37.409787824858746,56.19151650645654,0.47,"c(-122.135084745763, 37.4097878248587)",2538.621382432828,-122.125982,37.4314785,1.5777634446443929
-122.13324528248587,37.409787824858746,56.533585784774914,0.47,"c(-122.133245282486, 37.4097878248587)",2491.7283046142816,-122.125982,37.4314785,1.5486192073426237
-122.13140581920904,37.409787824858746,56.69933989628748,0.47,"c(-122.131405819209, 37.4097878248587)",2454.760041257801,-122.125982,37.4314785,1.5256432823230583
-122.1295663559322,37.409787824858746,57.052467914912995,0.47,"c(-122.129566355932, 37.4097878248587)",2428.169942946584,-122.125982,37.4314785,1.5091174288045892
-122.12772689265536,37.409787824858746,57.57857398703345,0.47,"c(-122.127726892655, 37.4097878248587)",2412.30122063753,-122.125982,37.4314785,1.4992549537834243
-122.12588742937852,37.409787824858746,58.22170460499183,0.47,"c(-122.125887429379, 37.4097878248587)",2407.3659011379546,-122.125982,37.4314785,1.4961876327768515
-122.12404796610171,37.409787824858746,58.973195724742254,0.47,"c(-122.124047966102, 37.4097878248587)",2413.431059811728,-122.125982,37.4314785,1.499957153394486
-122.12220850282488,37.409787824858746,58.94579433018225,0.47,"c(-122.122208502825, 37.4097878248587)",2430.414342158816,-122.125982,37.4314785,1.510512331981862
-122.12036903954802,37.409787824858746,58.96928558111904,0.47,"c(-122.120369039548, 37.4097878248587)",2458.089454080366,-122.125982,37.4314785,1.5277125258423654
-122.1185295762712,37.409787824858746,58.992776832055824,0.47,"c(-122.118529576271, 37.4097878248587)",2496.1007891270983,-122.125982,37.4314785,1.5513367241311984
-122.11669011299438,37.409787824858746,59.01626808299079,0.47,"c(-122.116690112994, 37.4097878248587)",2543.985068776876,-122.125982,37.4314785,1.5810969973753113
-122.10933225988704,37.409787824858746,59.294521573974635,0.82,"c(-122.109332259887, 37.4097878248587)",2822.6722277491735,-122.125982,37.4314785,1.7543021925103626
-122.15163991525422,37.411329774011286,57.03224391541448,0.8,"c(-122.151639915254, 37.4113297740113)",3186.811369939424,-122.1260148,37.4314986,1.9806161404222649
-122.1498004519774,37.411329774011286,56.82869174653115,0.91,"c(-122.149800451977, 37.4113297740113)",3073.0455541764627,-122.1260148,37.4314986,1.9099102263371428
-122.14796098870058,37.411329774011286,57.05666417089378,0.91,"c(-122.147960988701, 37.4113297740113)",2963.8616096665296,-122.1260148,37.4314986,1.8420519637455124
-122.14612152542374,37.411329774011286,57.41952380350267,0.91,"c(-122.146121525424, 37.4113297740113)",2859.784379541677,-122.1260148,37.4314986,1.7773675447741932
-122.14428206214691,37.41132977401127,57.38014410719188,0.91,"c(-122.144282062147, 37.4113297740113)",2761.2856781422397,-122.125982,37.4314785,1.7161502039417276
-122.14244259887008,37.411329774011286,56.90524678116344,0.47,"c(-122.14244259887, 37.4113297740113)",2669.0246930341887,-122.125982,37.4314785,1.6588096289833367
-122.14060313559324,37.411329774011286,56.43034945514228,0.47,"c(-122.140603135593, 37.4113297740113)",2583.7398157648686,-122.125982,37.4314785,1.6058047332286318
-122.1387636723164,37.411329774011286,55.969933619053336,0.47,"c(-122.138763672316, 37.4113297740113)",2506.143345279057,-122.125982,37.4314785,1.5575782133493208
-122.13692420903956,37.411329774011286,56.24704041961195,0.47,"c(-122.13692420904, 37.4113297740113)",2436.969820646632,-122.125982,37.4314785,1.514586588344706
-122.13508474576274,37.41132977401127,56.40791512355463,0.47,"c(-122.135084745763, 37.4113297740113)",2376.9547228914475,-122.125982,37.4314785,1.4772869626422918
-122.13324528248587,37.41132977401127,56.5657590608771,0.47,"c(-122.133245282486, 37.4113297740113)",2326.806827171183,-122.125982,37.4314785,1.446119842865869
-122.13140581920904,37.41132977401131,57.12252472699038,0.47,"c(-122.131405819209, 37.4113297740113)",2287.1752612579276,-122.125982,37.4314785,1.4214886645481215
-122.1295663559322,37.411329774011286,57.452036500457325,0.47,"c(-122.129566355932, 37.4113297740113)",2258.6136785675812,-122.125982,37.4314785,1.4037375255236677
-122.12772689265536,37.411329774011286,57.715379391550414,0.47,"c(-122.127726892655, 37.4113297740113)",2241.5452774573005,-122.125982,37.4314785,1.3931294452811065
-122.12588742937852,37.411329774011286,58.54613544959648,0.47,"c(-122.125887429379, 37.4113297740113)",2236.233243957991,-122.125982,37.4314785,1.3898279950018588
-122.12404796610171,37.41132977401131,59.19347136522629,0.82,"c(-122.124047966102, 37.4113297740113)",2242.761115339748,-122.125982,37.4314785,1.3938850934367606
-122.12220850282488,37.41132977401127,59.194246776613,0.47,"c(-122.122208502825, 37.4113297740113)",2261.026343990848,-122.125982,37.4314785,1.4052370068308564
-122.12036903954802,37.411329774011286,59.2205576873057,0.47,"c(-122.120369039548, 37.4113297740113)",2290.7481844401946,-122.125982,37.4314785,1.4237092507397109
-122.1185295762712,37.41132977401131,59.17893014665606,0.47,"c(-122.118529576271, 37.4113297740113)",2331.488530817209,-122.125982,37.4314785,1.4490295405949092
-122.11669011299438,37.41132977401131,59.26421522089424,0.47,"c(-122.116690112994, 37.4113297740113)",2382.682249612906,-122.125982,37.4314785,1.4808466436376049
-122.11301118644069,37.411329774011286,59.36184941005922,0.5,"c(-122.113011186441, 37.4113297740113)",2513.746167413094,-122.125982,37.4314785,1.562303398019325
-122.11117172316388,37.411329774011286,59.21665353704884,0.47,"c(-122.111171723164, 37.4113297740113)",2592.1668449771328,-122.125982,37.4314785,1.6110421659273666
-122.10933225988704,37.41132977401131,58.66769767263031,0.47,"c(-122.109332259887, 37.4113297740113)",2678.2013587808738,-122.125982,37.4314785,1.664512963816578
-122.1074927966102,37.41132977401127,57.79961269724299,0.47,"c(-122.10749279661, 37.4113297740113)",2771.140648177744,-122.125982,37.4314785,1.7222751076306675
-122.1498004519774,37.41287172316383,57.032594826880086,0.91,"c(-122.149800451977, 37.4128717231638)",2950.7043999516286,-122.1260148,37.4314986,1.8338747047555184
-122.14796098870058,37.41287172316383,57.42163859108041,0.91,"c(-122.147960988701, 37.4128717231638)",2836.8180469810086,-122.1260148,37.4314986,1.7630938763088928
-122.14612152542374,37.41287172316383,57.70042688823105,0.91,"c(-122.146121525424, 37.4128717231638)",2727.9003122261765,-122.1260148,37.4314986,1.6954010641554855
-122.14428206214691,37.41287172316383,58.43718546361925,0.91,"c(-122.144282062147, 37.4128717231638)",2624.569850741545,-122.1260148,37.4314986,1.631180764910842
-122.14244259887008,37.41287172316383,57.48446716141916,0.91,"c(-122.14244259887, 37.4128717231638)",2527.3605164235028,-122.125982,37.4314785,1.570764770928218
-122.14060313559324,37.41287172316383,56.71605410844495,0.47,"c(-122.140603135593, 37.4128717231638)",2437.12514807087,-122.125982,37.4314785,1.5146831249663582
-122.1387636723164,37.41287172316383,56.32385717498255,0.47,"c(-122.138763672316, 37.4128717231638)",2354.703827596212,-122.125982,37.4314785,1.4634579413276645
-122.13692420903956,37.41287172316383,56.441133239063674,0.67,"c(-122.13692420904, 37.4128717231638)",2280.9437882480183,-122.125982,37.4314785,1.4176157788987065
-122.13508474576274,37.41287172316383,56.583115359007934,0.47,"c(-122.135084745763, 37.4128717231638)",2216.7097996432926,-122.125982,37.4314785,1.377694095489927
-122.13324528248587,37.41287172316381,56.98530311064678,0.47,"c(-122.133245282486, 37.4128717231638)",2162.8507641243536,-122.125982,37.4314785,1.3442204873364534
-122.13140581920904,37.41287172316383,57.557944393425714,0.47,"c(-122.131405819209, 37.4128717231638)",2120.1575038980363,-122.125982,37.4314785,1.3176864536345785
-122.1295663559322,37.41287172316383,57.90684234516811,0.47,"c(-122.129566355932, 37.4128717231638)",2089.3146187954894,-122.125982,37.4314785,1.2985174759449902
-122.12772689265536,37.41287172316383,58.096352352091344,0.47,"c(-122.127726892655, 37.4128717231638)",2070.8516684794395,-122.125982,37.4314785,1.287042677737377
-122.12588742937852,37.41287172316383,58.52203080027539,0.82,"c(-122.125887429379, 37.4128717231638)",2065.100726589053,-122.125982,37.4314785,1.2834684441199833
-122.12404796610171,37.41287172316383,58.88842201686566,0.82,"c(-122.124047966102, 37.4128717231638)",2072.167635755218,-122.125982,37.4314785,1.2878605567154862
-122.12220850282488,37.41287172316383,58.94677912979933,0.47,"c(-122.122208502825, 37.4128717231638)",2091.922496644549,-122.125982,37.4314785,1.3001382825634238
-122.12036903954802,37.41287172316383,58.51369679554773,0.47,"c(-122.120369039548, 37.4128717231638)",2124.011317017155,-122.125982,37.4314785,1.3200816140566531
-122.1185295762712,37.41287172316383,58.61355534517497,0.47,"c(-122.118529576271, 37.4128717231638)",2167.8864682358308,-122.125982,37.4314785,1.3473501977848543
-122.11669011299438,37.41287172316383,58.77586868969957,0.47,"c(-122.116690112994, 37.4128717231638)",2222.850135509737,-122.125982,37.4314785,1.381510339036505
-122.11485064971752,37.41287172316383,58.661194705524395,0.47,"c(-122.114850649718, 37.4128717231638)",2288.1033700530024,-122.125982,37.4314785,1.4220654879136123
-122.11301118644069,37.41287172316383,58.72725637374242,0.47,"c(-122.113011186441, 37.4128717231638)",2362.793825196411,-122.125982,37.4314785,1.4684859075179684
-122.11117172316388,37.41287172316383,58.36539092208841,0.47,"c(-122.111171723164, 37.4128717231638)",2446.0571558757824,-122.125982,37.4314785,1.520234403900424
-122.10933225988704,37.41287172316383,57.699367747667566,0.47,"c(-122.109332259887, 37.4128717231638)",2537.0494437784214,-122.125982,37.4314785,1.5767864784203989
-122.1074927966102,37.41287172316381,57.60738687979574,0.47,"c(-122.10749279661, 37.4128717231638)",2624.2101903796515,-122.1040355,37.436355,1.630957234542978
-122.1498004519774,37.4144136723164,57.24162315773356,0.83,"c(-122.149800451977, 37.4144136723164)",2833.421487790376,-122.1260148,37.4314986,1.7609829010505755
-122.14796098870058,37.414413672316385,57.78751813080089,0.91,"c(-122.147960988701, 37.4144136723164)",2714.621707743286,-122.1260148,37.4314986,1.6871483578267783
-122.14612152542374,37.414413672316385,58.076497352376464,0.91,"c(-122.146121525424, 37.4144136723164)",2600.5935714293673,-122.1260148,37.4314986,1.6162794104595195
-122.14428206214691,37.414413672316385,58.5369536163671,0.91,"c(-122.144282062147, 37.4144136723164)",2491.9921850863684,-122.1260148,37.4314986,1.5487832101220438
-122.14244259887008,37.414413672316385,58.01776303240331,0.83,"c(-122.14244259887, 37.4144136723164)",2389.557059997376,-122.125982,37.4314785,1.4851193660642488
-122.14060313559324,37.41441367231637,57.29453426786495,0.91,"c(-122.140603135593, 37.4144136723164)",2293.9093126012294,-122.125982,37.4314785,1.4256739046620444
-122.1387636723164,37.414413672316385,56.908462458566646,0.47,"c(-122.138763672316, 37.4144136723164)",2206.1457702933094,-122.125982,37.4314785,1.3711285085725975
-122.13692420903956,37.414413672316385,56.635645271969224,0.47,"c(-122.13692420904, 37.4144136723164)",2127.2424918636443,-122.125982,37.4314785,1.3220898022769698
-122.13508474576274,37.414413672316385,56.79835247883784,0.47,"c(-122.135084745763, 37.4144136723164)",2058.218723261039,-122.125982,37.4314785,1.2791912512498689
-122.13324528248587,37.414413672316385,57.37810264405198,0.47,"c(-122.133245282486, 37.4144136723164)",2000.0975577872116,-122.125982,37.4314785,1.2430687121113808
-122.13140581920904,37.414413672316385,57.97959600404647,0.47,"c(-122.131405819209, 37.4144136723164)",1953.8521957748212,-122.125982,37.4314785,1.2143270327997646
-122.1295663559322,37.41441367231637,58.37952585046878,0.82,"c(-122.129566355932, 37.4144136723164)",1920.3408029989791,-122.125982,37.4314785,1.19349956681105
-122.12772689265536,37.414413672316385,58.627942696441096,0.82,"c(-122.127726892655, 37.4144136723164)",1900.2372038461008,-122.125982,37.4314785,1.1810050987234932
-122.12588742937852,37.414413672316385,58.515715363762865,0.96,"c(-122.125887429379, 37.4144136723164)",1893.9683990592275,-122.125982,37.4314785,1.177109011223883
-122.12404796610171,37.414413672316385,58.47996792645972,0.82,"c(-122.124047966102, 37.4144136723164)",1901.6712115750363,-122.125982,37.4314785,1.181896340320097
-122.12220850282488,37.414413672316385,58.244453478246214,0.47,"c(-122.122208502825, 37.4144136723164)",1923.1777691520736,-122.125982,37.4314785,1.1952627527359063
-122.12036903954802,37.414413672316385,58.286167438011034,0.47,"c(-122.120369039548, 37.4144136723164)",1958.0332737434464,-122.125982,37.4314785,1.2169255896478848
-122.1185295762712,37.414413672316385,58.542623384753824,0.5,"c(-122.118529576271, 37.4144136723164)",2005.5418481942577,-122.125982,37.4314785,1.2464523605930748
-122.11669011299438,37.414413672316385,58.431253463098074,0.47,"c(-122.116690112994, 37.4144136723164)",2064.8302939971927,-122.125982,37.4314785,1.283300369171655
-122.11485064971752,37.414413672316385,58.361319980045664,0.47,"c(-122.114850649718, 37.4144136723164)",2134.9174259070605,-122.125982,37.4314785,1.3268598047899691
-122.11301118644069,37.414413672316385,58.27290362153872,0.2,"c(-122.113011186441, 37.4144136723164)",2214.778300878781,-122.125982,37.4314785,1.3764936612049603
-122.11117172316388,37.414413672316385,58.164572854322614,0.47,"c(-122.111171723164, 37.4144136723164)",2303.396549159707,-122.125982,37.4314785,1.4315702605094511
-122.10933225988704,37.414413672316385,57.57747247457155,0.47,"c(-122.109332259887, 37.4144136723164)",2399.8022079348466,-122.125982,37.4314785,1.491486766895492
-122.1074927966102,37.414413672316385,57.6645641014984,0.47,"c(-122.10749279661, 37.4144136723164)",2454.324672081007,-122.1040355,37.436355,1.5253726986208869
-122.15163991525422,37.41595562146892,57.06639476325654,0.91,"c(-122.151639915254, 37.4159556214689)",2849.664115026625,-122.1260148,37.4314986,1.7710777594944842
-122.1498004519774,37.41595562146892,57.60750269744676,0.83,"c(-122.149800451977, 37.4159556214689)",2721.850774522819,-122.1260148,37.4314986,1.6916412520340702
-122.14796098870058,37.41595562146892,58.153397670514096,0.8,"c(-122.147960988701, 37.4159556214689)",2597.956666432624,-122.1260148,37.4314986,1.6146405633515375
-122.14612152542374,37.41595562146892,58.68726390347001,0.91,"c(-122.146121525424, 37.4159556214689)",2478.5695823191363,-122.1260148,37.4314986,1.540441008277897
-122.14428206214691,37.41595562146892,58.83445440667856,0.83,"c(-122.144282062147, 37.4159556214689)",2364.372356508815,-122.1260148,37.4314986,1.4694669711055406
-122.14244259887008,37.41595562146892,58.36670761308051,0.83,"c(-122.14244259887, 37.4159556214689)",2256.153194784139,-122.1260148,37.4314986,1.4022083249124544
-122.14060313559324,37.41595562146892,57.74053028909839,0.91,"c(-122.140603135593, 37.4159556214689)",2154.770132230297,-122.125982,37.4314785,1.3391983419703524
-122.1387636723164,37.41595562146892,57.114352965123544,0.47,"c(-122.138763672316, 37.4159556214689)",2061.0923427403086,-122.125982,37.4314785,1.280977217365015
-122.13692420903956,37.41595562146892,56.75454748444645,0.47,"c(-122.13692420904, 37.4159556214689)",1976.4083876650425,-122.125982,37.4314785,1.2283457971815055
-122.13508474576274,37.41595562146892,57.16940881746268,0.47,"c(-122.135084745763, 37.4159556214689)",1901.920011848893,-122.125982,37.4314785,1.1820509706953966
-122.13324528248587,37.4159556214689,57.770902177457174,0.47,"c(-122.133245282486, 37.4159556214689)",1838.866633373049,-122.125982,37.4314785,1.142863041251118
-122.13140581920904,37.41595562146892,58.372395537451666,0.47,"c(-122.131405819209, 37.4159556214689)",1788.4581086731075,-122.125982,37.4314785,1.1115339395109431
-122.1295663559322,37.41595562146892,58.90673186917411,0.82,"c(-122.129566355932, 37.4159556214689)",1751.7863639742234,-122.125982,37.4314785,1.0887423020349432
-122.12772689265536,37.41595562146892,58.87074573085556,0.47,"c(-122.127726892655, 37.4159556214689)",1729.725316621627,-122.125982,37.4314785,1.075031271983609
-122.12588742937852,37.41595562146892,58.18118699306797,0.47,"c(-122.125887429379, 37.4159556214689)",1722.83633127759,-122.125982,37.4314785,1.070749739762331
-122.12404796610171,37.41595562146892,58.07151383605378,0.47,"c(-122.124047966102, 37.4159556214689)",1731.3005300169527,-122.125982,37.4314785,1.0760102734723136
-122.12220850282488,37.41595562146892,58.02792519416471,0.2,"c(-122.122208502825, 37.4159556214689)",1754.8957728472826,-122.125982,37.4314785,1.0906748122108656
-122.12036903954802,37.41595562146892,58.41742691010768,0.5,"c(-122.120369039548, 37.4159556214689)",1793.0248100064366,-122.125982,37.4314785,1.1143721628380587
-122.1185295762712,37.41595562146892,58.56037680478403,0.47,"c(-122.118529576271, 37.4159556214689)",1844.786684796078,-122.125982,37.4314785,1.146542377126214
-122.11669011299438,37.41595562146893,58.61505998932262,0.47,"c(-122.116690112994, 37.4159556214689)",1909.072812336122,-122.125982,37.4314785,1.186496465093923
-122.11485064971752,37.41595562146892,58.16345181446377,0.47,"c(-122.114850649718, 37.4159556214689)",1984.6665312885557,-122.125982,37.4314785,1.2334782668045716
-122.11301118644069,37.41595562146892,58.06321087847391,0.47,"c(-122.113011186441, 37.4159556214689)",2070.3295933538116,-122.125982,37.4314785,1.2867182059377325
-122.11117172316388,37.41595562146892,57.882581525766,0.47,"c(-122.111171723164, 37.4159556214689)",2164.8670067172447,-122.125982,37.4314785,1.3454735902531043
-122.10933225988704,37.41595562146892,57.68192013897715,0.83,"c(-122.109332259887, 37.4159556214689)",2267.1689031127794,-122.125982,37.4314785,1.4090546321397013
-122.1074927966102,37.41595562146892,57.564178053806245,0.83,"c(-122.10749279661, 37.4159556214689)",2284.625453389206,-122.1040355,37.436355,1.419903948657058
-122.15531884180793,37.41749757062145,56.90561704921083,0.47,"c(-122.155318841808, 37.4174975706214)",3023.672858509423,-122.1260148,37.4314986,1.8792248965254337
-122.15347937853107,37.41749757062145,56.90314268451766,0.47,"c(-122.153479378531, 37.4174975706214)",2885.213707519926,-122.1260148,37.4314986,1.7931719748414705
-122.15163991525422,37.41749757062145,57.362914721117704,0.83,"c(-122.151639915254, 37.4174975706214)",2749.4251698780436,-122.1260148,37.4314986,1.70877885014173
-122.1498004519774,37.41749757062145,57.970119845740555,0.91,"c(-122.149800451977, 37.4174975706214)",2616.7230338154604,-122.1260148,37.4314986,1.626303936491896
-122.14796098870058,37.41749757062145,58.43957173827948,0.83,"c(-122.147960988701, 37.4174975706214)",2487.6012845956857,-122.1260148,37.4314986,1.5460542477288288
-122.14612152542374,37.41749757062145,58.84769506400335,0.83,"c(-122.146121525424, 37.4174975706214)",2362.647013688462,-122.1260148,37.4314986,1.468394663572692
-122.14428206214691,37.41749757062145,59.03875213460924,0.83,"c(-122.144282062147, 37.4174975706214)",2242.556959463932,-122.1260148,37.4314986,1.393758209735197
-122.14244259887008,37.41749757062145,58.853324909170624,0.83,"c(-122.14244259887, 37.4174975706214)",2128.1547328070164,-122.1260148,37.4314986,1.322656763708525
-122.14060313559324,37.41749757062145,58.4907609521033,0.91,"c(-122.140603135593, 37.4174975706214)",2020.406756690301,-122.1260148,37.4314986,1.2556909612742704
-122.1387636723164,37.41749757062145,57.86458362812846,0.91,"c(-122.138763672316, 37.4174975706214)",1920.3378916715235,-122.125982,37.4314785,1.193497757409275
-122.13692420903956,37.41749757062145,57.44921707246976,0.47,"c(-122.13692420904, 37.4174975706214)",1829.1509226987137,-122.125982,37.4314785,1.1368246878177213
-122.13508474576274,37.41749757062145,57.597686125007385,0.82,"c(-122.135084745763, 37.4174975706214)",1748.4017381134722,-122.125982,37.4314785,1.086638743389355
-122.13324528248587,37.41749757062145,58.21220057265237,0.47,"c(-122.133245282486, 37.4174975706214)",1679.5964508674292,-122.125982,37.4314785,1.0438759794079735
-122.13140581920904,37.41749757062145,58.86159587255315,0.83,"c(-122.131405819209, 37.4174975706214)",1624.2536433391233,-122.125982,37.4314785,1.009480200956571
-122.1295663559322,37.41749757062145,58.822041758121486,0.82,"c(-122.129566355932, 37.4174975706214)",1583.7852184881503,-122.125982,37.4314785,0.9843289114283096
-122.12772689265536,37.41749757062145,58.455315900064306,0.47,"c(-122.127726892655, 37.4174975706214)",1559.3496718254028,-122.125982,37.4314785,0.9691421204632708
-122.12588742937852,37.41749757062145,57.90731210594822,0.47,"c(-122.125887429379, 37.4174975706214)",1551.704623983556,-122.125982,37.4314785,0.9643906923452804
-122.12404796610171,37.41749757062145,57.77107973940474,0.47,"c(-122.124047966102, 37.4174975706214)",1561.0967751927526,-122.125982,37.4314785,0.9702279522639856
-122.12220850282488,37.41749757062145,58.19122652780243,0.47,"c(-122.122208502825, 37.4174975706214)",1587.2237092771172,-122.125982,37.4314785,0.986465947344386
-122.12036903954802,37.417497570621464,58.28457151291332,0.47,"c(-122.120369039548, 37.4174975706215)",1629.280554531296,-122.125982,37.4314785,1.0126044465701032
-122.1185295762712,37.41749757062145,58.38872468066256,0.47,"c(-122.118529576271, 37.4174975706214)",1686.0756826802783,-122.125982,37.4314785,1.047902848154306
-122.11669011299438,37.417497570621464,58.486547405797864,0.47,"c(-122.116690112994, 37.4174975706215)",1756.1797602362046,-122.125982,37.4314785,1.0914728155601023
-122.11485064971752,37.41749757062145,58.50475227782863,0.47,"c(-122.114850649718, 37.4174975706214)",1838.0706060735704,-122.125982,37.4314785,1.1423683070687198
-122.11301118644069,37.41749757062145,58.23245509243134,0.47,"c(-122.113011186441, 37.4174975706214)",1930.2486408598063,-122.125982,37.4314785,1.199657328067002
-122.11117172316388,37.41749757062145,57.790119689074345,0.47,"c(-122.111171723164, 37.4174975706214)",2031.313894507256,-122.125982,37.4314785,1.2624697914899043
-122.10933225988704,37.417497570621464,58.07408660897636,0.83,"c(-122.109332259887, 37.4174975706215)",2140.0075981651776,-122.125982,37.4314785,1.330023367411546
-122.1074927966102,37.41749757062145,57.463792006121366,0.83,"c(-122.10749279661, 37.4174975706214)",2115.1573861222796,-122.1040355,37.436355,1.3145788602375883
-122.15531884180793,37.41903951977402,56.956976068955555,0.47,"c(-122.155318841808, 37.419039519774)",2939.3692893945145,-122.1260148,37.4314986,1.8268298877529612
-122.15347937853107,37.419039519774,56.57950003454789,0.47,"c(-122.153479378531, 37.419039519774)",2796.7426012160836,-122.1260148,37.4314986,1.7381868248701575
-122.15163991525422,37.419039519774,56.67360452232333,0.47,"c(-122.151639915254, 37.419039519774)",2656.438497739586,-122.1260148,37.4314986,1.6509872577623286
-122.1498004519774,37.41903951977402,57.65052407217445,0.83,"c(-122.149800451977, 37.419039519774)",2518.845125090545,-122.1260148,37.4314986,1.5654724208145088
-122.14796098870058,37.419039519774,58.50053845949151,0.83,"c(-122.147960988701, 37.419039519774)",2384.4317967768293,-122.1260148,37.4314986,1.481933994267762
-122.14612152542374,37.419039519774,58.87983859007363,0.83,"c(-122.146121525424, 37.419039519774)",2253.767552426688,-122.1260148,37.4314986,1.400725638549837
-122.14428206214691,37.419039519774,59.369191400747695,0.83,"c(-122.144282062147, 37.419039519774)",2127.5432604564917,-122.1260148,37.4314986,1.322276731172462
-122.14244259887008,37.41903951977399,59.24873804766685,0.83,"c(-122.14244259887, 37.419039519774)",2006.5969769504063,-122.1260148,37.4314986,1.2471081273775055
-122.14060313559324,37.419039519774,59.302977005376306,0.83,"c(-122.140603135593, 37.419039519774)",1891.9411959533893,-122.1260148,37.4314986,1.1758490963041577
-122.1387636723164,37.41903951977402,58.614814291126095,0.91,"c(-122.138763672316, 37.419039519774)",1784.7886453012943,-122.1260148,37.4314986,1.1092533532015505
-122.13692420903956,37.41903951977399,58.37538546646829,0.91,"c(-122.13692420904, 37.419039519774)",1686.4073098351291,-122.125982,37.4314785,1.0481089557707453
-122.13508474576274,37.419039519774,58.289645307588216,0.96,"c(-122.135084745763, 37.419039519774)",1598.4652257132395,-122.125982,37.4314785,0.9934525952226472
-122.13324528248587,37.419039519774,58.43465232852395,0.96,"c(-122.133245282486, 37.419039519774)",1522.9023323711128,-122.125982,37.4314785,0.9464899517533332
-122.13140581920904,37.419039519774,58.48378659395348,0.82,"c(-122.131405819209, 37.419039519774)",1461.6398062236992,-122.125982,37.4314785,0.9084150442658168
-122.1295663559322,37.419039519774,58.53292085938119,0.82,"c(-122.129566355932, 37.419039519774)",1416.534258489178,-122.125982,37.4314785,0.880381764132491
-122.12772689265536,37.419039519774,58.32038580345579,0.47,"c(-122.127726892655, 37.419039519774)",1389.1604158628372,-122.125982,37.4314785,0.8633688103560206
-122.12588742937852,37.419039519774,58.076238180103246,0.5,"c(-122.125887429379, 37.419039519774)",1380.5734278710856,-122.125982,37.4314785,0.8580319626296368
-122.12404796610171,37.419039519774,57.9928440778458,0.96,"c(-122.124047966102, 37.419039519774)",1391.1212354471002,-122.125982,37.4314785,0.8645874676489125
-122.12220850282488,37.419039519774,58.01205076156657,0.47,"c(-122.122208502825, 37.419039519774)",1420.377614190445,-122.125982,37.4314785,0.8827704252271256
-122.12036903954802,37.419039519774,58.10539574667746,0.47,"c(-122.120369039548, 37.419039519774)",1467.223846339519,-122.125982,37.4314785,0.9118855477560714
-122.1185295762712,37.41903951977402,58.21707255653746,0.47,"c(-122.118529576271, 37.419039519774)",1530.0451093861964,-122.125982,37.4314785,0.9509292165234284
-122.11669011299438,37.419039519774,58.424940505931545,0.47,"c(-122.116690112994, 37.419039519774)",1606.9689577987954,-122.125982,37.4314785,0.9987376990669952
-122.11485064971752,37.419039519774,58.376239694304786,0.67,"c(-122.114850649718, 37.419039519774)",1696.0776511883164,-122.125982,37.4314785,1.0541191119877666
-122.11301118644069,37.41903951977402,58.39444456633555,0.82,"c(-122.113011186441, 37.419039519774)",1795.558002194079,-122.125982,37.4314785,1.1159465520162082
-122.11117172316388,37.41903951977402,58.09847894671839,0.47,"c(-122.111171723164, 37.419039519774)",1903.7848230181737,-122.125982,37.4314785,1.1832099583705242
-122.10933225988704,37.41903951977402,58.10954835399025,0.96,"c(-122.109332259887, 37.419039519774)",1977.7444413063508,-122.1040984,37.4363636,1.2291761599169364
-122.1074927966102,37.419039519774,57.36340595843649,0.47,"c(-122.10749279661, 37.419039519774)",1945.9808733147695,-122.1040355,37.436355,1.2094349740924608
-122.19210810734464,37.42058146892654,56.24078083636596,NA,"c(-122.192108107345, 37.4205814689265)",5974.247147977566,-122.1260148,37.4314986,3.713018737089848
-122.15347937853107,37.42058146892654,56.64545748470118,0.47,"c(-122.153479378531, 37.4205814689265)",2716.183681873609,-122.1260148,37.4314986,1.6881191310588
-122.15163991525422,37.42058146892653,56.7471003406481,0.47,"c(-122.151639915254, 37.4205814689265)",2571.4909677030373,-122.1260148,37.4314986,1.598192024675598
-122.1498004519774,37.42058146892655,57.63974883345509,0.47,"c(-122.149800451977, 37.4205814689265)",2429.093590257125,-122.1260148,37.4314986,1.509691479339419
-122.14796098870058,37.42058146892654,58.279920509128715,0.83,"c(-122.147960988701, 37.4205814689265)",2289.4198858398486,-122.1260148,37.4314986,1.4228837077935663
-122.14612152542374,37.42058146892653,58.92009218478779,0.83,"c(-122.146121525424, 37.4205814689265)",2153.000006409153,-122.1260148,37.4314986,1.338098201621599
-122.14428206214691,37.42058146892654,59.40147388546029,0.8,"c(-122.144282062147, 37.4205814689265)",2020.493135894979,-122.1260148,37.4314986,1.2557446462989306
-122.14244259887008,37.42058146892654,59.38355427785518,0.83,"c(-122.14244259887, 37.4205814689265)",1892.721286321305,-122.1260148,37.4314986,1.1763339256192074
-122.14060313559324,37.42058146892654,59.680950622758246,0.83,"c(-122.140603135593, 37.4205814689265)",1770.7097713302417,-122.1260148,37.4314986,1.1005032761530402
-122.1387636723164,37.42058146892653,59.36504495413101,0.83,"c(-122.138763672316, 37.4205814689265)",1655.732524334546,-122.1260148,37.4314986,1.0290444526628626
-122.13692420903956,37.42058146892655,59.12141818037344,0.83,"c(-122.13692420904, 37.4205814689265)",1549.3563700426273,-122.1260148,37.4314986,0.9629312430345726
-122.13508474576274,37.42058146892654,58.434827086837686,0.47,"c(-122.135084745763, 37.4205814689265)",1453.2195626806738,-122.125982,37.4314785,0.9031818288879264
-122.13324528248587,37.42058146892655,58.23978979209642,0.47,"c(-122.133245282486, 37.4205814689265)",1369.6687080436784,-122.125982,37.4314785,0.8512546352042749
-122.13140581920904,37.42058146892654,58.28374840419565,0.47,"c(-122.131405819209, 37.4205814689265)",1301.2130986674465,-122.125982,37.4314785,0.8087091974316012
-122.1295663559322,37.42058146892654,58.31291770131793,0.47,"c(-122.129566355932, 37.4205814689265)",1250.3345842133417,-122.125982,37.4314785,0.7770879951605604
-122.12772689265536,37.42058146892654,58.39820501083159,0.5,"c(-122.127726892655, 37.4205814689265)",1219.235622366891,-122.125982,37.4314785,0.7577598647401436
-122.12588742937852,37.42058146892655,58.08405791865016,0.82,"c(-122.125887429379, 37.4205814689265)",1209.4429789254707,-122.125982,37.4314785,0.7516736972812124
-122.12404796610171,37.42058146892654,57.935011973737346,0.47,"c(-122.124047966102, 37.4205814689265)",1221.4692062318827,-122.125982,37.4314785,0.759148046135415
-122.12220850282488,37.42058146892653,57.973041924482,0.47,"c(-122.122208502825, 37.4205814689265)",1254.6870567331423,-122.125982,37.4314785,0.7797930744146316
-122.12036903954802,37.42058146892655,57.92621998043978,0.47,"c(-122.120369039548, 37.4205814689265)",1307.4823459277463,-122.125982,37.4314785,0.8126055599302339
-122.1185295762712,37.42058146892657,58.045420432414176,0.67,"c(-122.118529576271, 37.4205814689266)",1377.6060559787877,-122.125982,37.4314785,0.856187729011055
-122.11669011299438,37.42058146892654,58.184191437396294,0.67,"c(-122.116690112994, 37.4205814689265)",1462.5678418251653,-122.125982,37.4314785,0.908991822141184
-122.11485064971752,37.42058146892653,58.24772711078094,0.2,"c(-122.114850649718, 37.4205814689265)",1559.945135004737,-122.125982,37.4314785,0.9695122032347652
-122.11301118644069,37.42058146892654,58.2659319828108,0.2,"c(-122.113011186441, 37.4205814689265)",1667.5643442461137,-122.125982,37.4314785,1.0363979765358071
-122.11117172316388,37.42058146892654,58.79677530972549,0.67,"c(-122.111171723164, 37.4205814689265)",1778.8696190279595,-122.124761,37.43239,1.105574654461131
-122.10933225988704,37.42058146892655,58.00916230630537,0.47,"c(-122.109332259887, 37.4205814689265)",1811.8135196315072,-122.1040984,37.4363636,1.1260494217722232
-122.1074927966102,37.42058146892653,57.26301991075161,0.47,"c(-122.10749279661, 37.4205814689265)",1777.169787156585,-122.1040984,37.4363636,1.104518202086131
-122.20498435028249,37.42212341807908,53.598497795537696,NA,"c(-122.204984350282, 37.4221234180791)",7030.134115822411,-122.1366045,37.4543619,4.369256753152524
-122.20314488700564,37.42212341807908,54.34787845655228,NA,"c(-122.203144887006, 37.4221234180791)",6890.504336650217,-122.1366045,37.4543619,4.282476281323938
-122.20130542372878,37.42212341807908,55.097259117566864,NA,"c(-122.201305423729, 37.4221234180791)",6744.841096410874,-122.1260148,37.4314986,4.191945989068287
-122.19946596045196,37.42212341807908,55.84663977858145,NA,"c(-122.199465960452, 37.4221234180791)",6584.024067215658,-122.1260148,37.4314986,4.091997555758644
-122.19762649717514,37.42212341807908,56.17215004738682,NA,"c(-122.197626497175, 37.4221234180791)",6423.307651678154,-122.1260148,37.4314986,3.9921116542437254
-122.19578703389828,37.42212341807909,56.27818820175435,NA,"c(-122.195787033898, 37.4221234180791)",6262.699595855951,-122.1260148,37.4314986,3.892293098729615
-122.19394757062148,37.42212341807908,56.38422635612369,NA,"c(-122.193947570621, 37.4221234180791)",6102.208455797776,-122.1260148,37.4314986,3.7925472068351622
-122.19210810734464,37.42212341807908,56.50053554887563,NA,"c(-122.192108107345, 37.4221234180791)",5941.843705366279,-122.1260148,37.4314986,3.692879866604275
-122.15347937853107,37.42212341807908,56.72424627684086,0.47,"c(-122.153479378531, 37.4221234180791)",2644.260205168751,-122.1260148,37.4314986,1.643418399731977
-122.15163991525422,37.42212341807908,56.98552713745994,0.47,"c(-122.151639915254, 37.4221234180791)",2495.4037198018245,-122.1260148,37.4314986,1.5509034927295366
-122.1498004519774,37.42212341807909,57.47806943218893,0.47,"c(-122.149800451977, 37.4221234180791)",2348.4003491165513,-122.1260148,37.4314986,1.4595403039879125
-122.14796098870058,37.42212341807908,58.0642849579599,0.83,"c(-122.147960988701, 37.4221234180791)",2203.62098775474,-122.1260148,37.4314986,1.36955934602532
-122.14612152542374,37.42212341807908,58.704456633618975,0.91,"c(-122.146121525424, 37.4221234180791)",2061.53425848326,-122.1260148,37.4314986,1.2812518697844997
-122.14428206214691,37.42212341807907,59.3446283092926,0.83,"c(-122.144282062147, 37.4221234180791)",1922.7371956761301,-122.1260148,37.4314986,1.1949889345407891
-122.14244259887008,37.42212341807907,59.71349229494513,0.83,"c(-122.14244259887, 37.4221234180791)",1787.996066014795,-122.1260148,37.4314986,1.1112467781322528
-122.14060313559324,37.42212341807908,59.76153395678557,0.83,"c(-122.140603135593, 37.4221234180791)",1658.2998294748306,-122.1260148,37.4314986,1.0306400431788878
-122.1387636723164,37.42212341807908,59.85800244962593,0.91,"c(-122.138763672316, 37.4221234180791)",1534.927848750816,-122.1260148,37.4314986,0.953963858763714
-122.13692420903956,37.42212341807908,59.280452204926405,0.83,"c(-122.13692420904, 37.4221234180791)",1419.530014313553,-122.1260148,37.4314986,0.8822436384795234
-122.13508474576274,37.42212341807908,58.70454270756454,0.91,"c(-122.135084745763, 37.4221234180791)",1314.208585637579,-122.1260148,37.4314986,0.8167859450823984
-122.13324528248587,37.42212341807908,58.26936096575014,0.47,"c(-122.133245282486, 37.4221234180791)",1221.1989400874018,-122.125982,37.4314785,0.7589800746348053
-122.13140581920904,37.42212341807908,58.06034439087853,0.47,"c(-122.131405819209, 37.4221234180791)",1143.8941204790424,-122.125982,37.4314785,0.710934816954035
-122.1295663559322,37.42212341807908,58.17287575368482,0.82,"c(-122.129566355932, 37.4221234180791)",1085.669132499326,-122.125982,37.4314785,0.6747477517087173
-122.12772689265536,37.42212341807908,58.26639081743997,0.47,"c(-122.127726892655, 37.4221234180791)",1049.7037536882335,-122.125982,37.4314785,0.65239512348554
-122.12588742937852,37.42212341807908,57.90526733162142,0.47,"c(-122.125887429379, 37.4221234180791)",1038.3136687110937,-122.125982,37.4314785,0.6453161396588525
-122.12404796610171,37.42212341807908,57.88396940744133,0.47,"c(-122.124047966102, 37.4221234180791)",1052.2971907425626,-122.125982,37.4314785,0.6540069550917108
-122.12220850282488,37.42212341807908,57.89612325637427,0.47,"c(-122.122208502825, 37.4221234180791)",1090.6788159369623,-122.125982,37.4314785,0.6778612902032084
-122.12036903954802,37.42212341807908,57.747044214203925,0.47,"c(-122.120369039548, 37.4221234180791)",1151.0204082769792,-122.125982,37.4314785,0.7153638336090611
-122.1185295762712,37.42212341807908,57.87376830829089,0.67,"c(-122.118529576271, 37.4221234180791)",1230.0945003527488,-122.125982,37.4314785,0.7645087012757916
-122.11669011299438,37.42212341807908,58.01253931327301,0.67,"c(-122.116690112994, 37.4221234180791)",1324.5504060054718,-122.125982,37.4314785,0.8232134282196841
-122.11485064971752,37.42212341807908,58.045035101034046,0.2,"c(-122.114850649718, 37.4221234180791)",1431.3461757849554,-122.125982,37.4314785,0.8895874305686485
-122.11301118644069,37.42212341807908,58.207047819159925,0.83,"c(-122.113011186441, 37.4221234180791)",1542.6955676404104,-122.124761,37.43239,0.9587915274334434
-122.11117172316388,37.42212341807908,58.43285275950621,0.47,"c(-122.111171723164, 37.4221234180791)",1649.6547797440082,-122.1231248,37.4335278,1.025267109847115
-122.10933225988704,37.42212341807908,57.5595047595707,0.47,"c(-122.109332259887, 37.4221234180791)",1646.9477714583147,-122.1040984,37.4363636,1.0235846932618489
-122.1074927966102,37.42212341807908,57.16263386306673,0.47,"c(-122.10749279661, 37.4221234180791)",1608.758444913411,-122.1040984,37.4363636,0.9998498725378564
-122.20866327683612,37.42366536723163,53.42390990478816,NA,"c(-122.208663276836, 37.4236653672316)",7230.011785912872,-122.1366045,37.4543619,4.493481532574812
-122.20682381355932,37.42366536723163,54.173290565802745,NA,"c(-122.206823813559, 37.4236653672316)",7086.845243442094,-122.1366045,37.4543619,4.404502948068424
-122.20498435028249,37.42366536723163,54.92267122681733,NA,"c(-122.204984350282, 37.4236653672316)",6944.543191674209,-122.1366045,37.4543619,4.316061648026233
-122.20314488700564,37.42366536723163,55.74559311277699,NA,"c(-122.203144887006, 37.4236653672316)",6803.159878675027,-122.1366045,37.4543619,4.228191347840291
-122.20130542372878,37.42366536723163,56.78890087038235,NA,"c(-122.201305423729, 37.4236653672316)",6662.7537915354105,-122.1366045,37.4543619,4.140928397473841
-122.19946596045196,37.423665367231614,56.66953289620142,NA,"c(-122.199465960452, 37.4236653672316)",6523.388030553015,-122.1366045,37.4543619,4.05431201401679
-122.19762649717514,37.423665367231614,56.449813727274886,NA,"c(-122.197626497175, 37.4236653672316)",6385.130716524674,-122.1366045,37.4543619,3.9683845348195614
-122.19578703389828,37.42366536723163,56.527671875881424,NA,"c(-122.195787033898, 37.4236653672316)",6236.487570254318,-122.1260148,37.4314986,3.8760022189274816
-122.19210810734464,37.42366536723163,56.52585104503396,NA,"c(-122.192108107345, 37.4236653672316)",5914.2165929069715,-122.1260148,37.4314986,3.675709504603463
-122.15163991525422,37.42366536723164,57.29104818563792,0.47,"c(-122.151639915254, 37.4236653672316)",2429.00953511733,-122.1260148,37.4314986,1.5096392387304722
-122.1498004519774,37.42366536723164,57.62465199193685,0.47,"c(-122.149800451977, 37.4236653672316)",2277.72834171322,-122.1260148,37.4314986,1.4156173658876443
-122.14796098870058,37.42366536723163,58.20273495100992,0.82,"c(-122.147960988701, 37.4236653672316)",2128.1497060606525,-122.1260148,37.4314986,1.3226536395653528
-122.14612152542374,37.42366536723163,58.78081791007571,0.83,"c(-122.146121525424, 37.4236653672316)",1980.6593953124427,-122.1260148,37.4314986,1.2309878156074845
-122.14428206214691,37.42366536723163,59.35890086914878,0.83,"c(-122.144282062147, 37.4236653672316)",1835.7608246646812,-122.1260148,37.4314986,1.1409327685920951
-122.14244259887008,37.42366536723163,60.40953259650632,0.83,"c(-122.14244259887, 37.4236653672316)",1694.119141917927,-122.1260148,37.4314986,1.0529018905642802
-122.14060313559324,37.42366536723163,60.29136192980605,0.47,"c(-122.140603135593, 37.4236653672316)",1556.6236620830089,-122.1260148,37.4314986,0.9674478943959036
-122.1387636723164,37.42366536723164,60.03301101890975,0.47,"c(-122.138763672316, 37.4236653672316)",1424.4755106914745,-122.1260148,37.4314986,0.8853172844571003
-122.13692420903956,37.423665367231614,59.4554607742175,0.96,"c(-122.13692420904, 37.4236653672316)",1299.3072895954149,-122.1260148,37.4314986,0.8075247293942914
-122.13508474576274,37.42366536723163,58.8779105295107,0.83,"c(-122.135084745763, 37.4236653672316)",1183.3359971637717,-122.1260148,37.4314986,0.7354481026499512
-122.13324528248587,37.42366536723163,58.28764772044815,0.5,"c(-122.133245282486, 37.4236653672316)",1079.4605154058183,-122.125982,37.4314785,0.6708890711036782
-122.13140581920904,37.42366536723163,58.144125893277305,0.82,"c(-122.131405819209, 37.4236653672316)",991.1637913316034,-122.125982,37.4314785,0.6160123003925441
-122.1295663559322,37.42366536723163,58.0566684485093,0.47,"c(-122.129566355932, 37.4236653672316)",923.3591011986638,-122.125982,37.4314785,0.5738714115591447
-122.12772689265536,37.42366536723163,58.05913860851342,0.47,"c(-122.127726892655, 37.4236653672316)",880.7917517372811,-122.125982,37.4314785,0.5474156319063276
-122.12588742937852,37.42366536723163,57.68762817574316,0.47,"c(-122.125887429379, 37.4236653672316)",867.1861978613988,-122.125982,37.4314785,0.5389597252090732
-122.12404796610171,37.42366536723164,57.590555760227744,0.47,"c(-122.124047966102, 37.4236653672316)",883.8808773082386,-122.125982,37.4314785,0.5493355359280538
-122.12220850282488,37.42366536723164,57.68867525940004,0.47,"c(-122.122208502825, 37.4236653672316)",929.244112413188,-122.125982,37.4314785,0.5775289698031001
-122.12036903954802,37.42366536723164,57.56786844796807,0.47,"c(-122.120369039548, 37.4236653672316)",999.3795811780504,-122.125982,37.4314785,0.6211184469720636
-122.1185295762712,37.42366536723163,57.70211618416579,0.47,"c(-122.118529576271, 37.4236653672316)",1089.5137381795787,-122.125982,37.4314785,0.677137189670341
-122.11669011299438,37.42366536723163,57.84088718914791,0.47,"c(-122.116690112994, 37.4236653672316)",1195.1303425168612,-122.125982,37.4314785,0.7427783359334128
-122.11485064971752,37.42366536723163,58.12828640050179,0.83,"c(-122.114850649718, 37.4236653672316)",1306.5396336524743,-122.124761,37.43239,0.8120196604428057
-122.11301118644069,37.42366536723163,57.910276657145005,0.47,"c(-122.113011186441, 37.4236653672316)",1414.0089774281012,-122.1231248,37.4335278,0.8788122917514612
-122.11117172316388,37.42366536723163,57.49723767697287,0.47,"c(-122.111171723164, 37.4236653672316)",1522.3035188009355,-122.1231248,37.4335278,0.946117786700395
-122.10933225988704,37.42366536723164,57.07297986599224,0.47,"c(-122.109332259887, 37.4236653672316)",1483.502381878379,-122.1040984,37.4363636,0.9220027233551144
-122.1074927966102,37.42366536723163,57.05330557905836,0,"c(-122.10749279661, 37.4236653672316)",1440.9887712928678,-122.1040984,37.4363636,0.8955803426307445
-122.21050274011296,37.42520731638419,53.90125065163011,NA,"c(-122.210502740113, 37.4252073163842)",7296.444798764685,-122.1366045,37.4543619,4.534769918436722
-122.20866327683612,37.425207316384174,54.3111492779135,NA,"c(-122.208663276836, 37.4252073163842)",7150.905911477082,-122.1366045,37.4543619,4.444316912042934
-122.20682381355932,37.42520731638419,54.75319981947541,NA,"c(-122.206823813559, 37.4252073163842)",7006.126067722249,-122.1366045,37.4543619,4.3543356542711305
-122.20498435028249,37.42520731638419,56.22970973942006,NA,"c(-122.204984350282, 37.4252073163842)",6862.153311331914,-122.1366045,37.4543619,4.2648560045568145
-122.20314488700564,37.425207316384174,56.70575697973254,NA,"c(-122.203144887006, 37.4252073163842)",6719.039524353464,-122.1366045,37.4543619,4.175910207802029
-122.20130542372878,37.42520731638419,56.57756444214283,NA,"c(-122.201305423729, 37.4252073163842)",6576.840781279365,-122.1366045,37.4543619,4.08753311453037
-122.19946596045196,37.42520731638419,56.66514233393536,NA,"c(-122.199465960452, 37.4252073163842)",6435.617737752008,-122.1366045,37.4543619,3.999762422468619
-122.19762649717514,37.42520731638419,56.933344007497,NA,"c(-122.197626497175, 37.4252073163842)",6295.43605661534,-122.1366045,37.4543619,3.912638941339552
-122.19578703389828,37.42520731638419,56.47427674960818,NA,"c(-122.195787033898, 37.4252073163842)",6156.366874414251,-122.1366045,37.4543619,3.826206882793195
-122.19394757062148,37.42520731638419,56.28152355423663,NA,"c(-122.193947570621, 37.4252073163842)",6018.487311240248,-122.1366045,37.4543619,3.740514177277966
-122.1498004519774,37.42520731638419,57.77123455167748,0.82,"c(-122.149800451977, 37.4252073163842)",2218.0356879288893,-122.1260148,37.4314986,1.3785181404157174
-122.14796098870058,37.42520731638419,58.37852891409421,0.83,"c(-122.147960988701, 37.4252073163842)",2064.139191242497,-122.1260148,37.4314986,1.282870846017711
-122.14612152542374,37.42520731638419,58.927209656299965,0.83,"c(-122.146121525424, 37.4252073163842)",1911.7200363955565,-122.1260148,37.4314986,1.1881417255410545
-122.14428206214691,37.425207316384174,59.60305808027624,0.83,"c(-122.144282062147, 37.4252073163842)",1761.1618333814474,-122.1260148,37.4314986,1.0945691941463316
-122.14244259887008,37.42520731638419,60.080774847789144,0.82,"c(-122.14244259887, 37.4252073163842)",1612.985777504172,-122.1260148,37.4314986,1.0024771768204923
-122.14060313559324,37.42520731638419,60.52723869509646,0.82,"c(-122.140603135593, 37.4252073163842)",1467.9134317034222,-122.1260148,37.4314986,0.912314127845508
-122.1387636723164,37.42520731638419,60.20801958820084,0.83,"c(-122.138763672316, 37.4252073163842)",1326.9631408406865,-122.1260148,37.4314986,0.824712952666679
-122.13692420903956,37.42520731638419,59.650027921750734,0.83,"c(-122.13692420904, 37.4252073163842)",1191.598557030377,-122.1260148,37.4314986,0.7405833169859397
-122.13508474576274,37.42520731638419,58.79499093159393,0.5,"c(-122.135084745763, 37.4252073163842)",1063.953793644053,-122.1260148,37.4314986,0.6612515808850545
-122.13324528248587,37.425207316384174,58.12737480294072,0.47,"c(-122.133245282486, 37.4252073163842)",947.1551292789622,-122.1260148,37.4314986,0.5886607391416795
-122.13140581920904,37.42520731638419,58.378276765764895,0.47,"c(-122.131405819209, 37.4252073163842)",845.5124370649427,-122.125982,37.4314785,0.5254893953169314
-122.1295663559322,37.42520731638419,57.887502322215994,0.67,"c(-122.129566355932, 37.4252073163842)",764.9054267937532,-122.125982,37.4314785,0.4753918127991008
-122.12772689265536,37.42520731638419,57.81544707757865,0.47,"c(-122.127726892655, 37.4252073163842)",712.940367110184,-122.125982,37.4314785,0.44309531827854814
-122.12588742937852,37.42520731638419,57.58377686118911,0.47,"c(-122.125887429379, 37.4252073163842)",696.0619560112782,-122.125982,37.4314785,0.43260531759557375
-122.12404796610171,37.42520731638419,57.4118057307287,0.47,"c(-122.124047966102, 37.4252073163842)",716.7532006249769,-122.125982,37.4314785,0.44546500971098624
-122.12220850282488,37.42520731638419,57.59175184201513,0.47,"c(-122.122208502825, 37.4252073163842)",771.9991444567023,-122.125982,37.4314785,0.47980058698365585
-122.12036903954802,37.42520731638419,57.52939177822691,0.47,"c(-122.120369039548, 37.4252073163842)",855.1285469928099,-122.125982,37.4314785,0.5314658464840335
-122.1185295762712,37.42520731638419,57.62430228887706,0.47,"c(-122.118529576271, 37.4252073163842)",958.9168937252074,-122.125982,37.4314785,0.5959707232599176
-122.11669011299438,37.42520731638419,57.68850537983462,0.47,"c(-122.116690112994, 37.4252073163842)",1070.4123065765375,-122.124761,37.43239,0.665265572763541
-122.11485064971752,37.42520731638419,57.57960248776181,0.47,"c(-122.114850649718, 37.4252073163842)",1178.5931454524891,-122.1231248,37.4335278,0.7325004011513295
-122.11301118644069,37.42520731638419,57.203598838781545,0.47,"c(-122.113011186441, 37.4252073163842)",1286.0982533928934,-122.1231248,37.4335278,0.7993152600328735
-122.11117172316388,37.42520731638419,56.72390667264699,0.47,"c(-122.111171723164, 37.4252073163842)",1387.45617902478,-122.1040984,37.4363636,0.8623096202764327
-122.10933225988704,37.42520731638419,56.19999835850396,0.47,"c(-122.109332259887, 37.4252073163842)",1322.0042894265143,-122.1040984,37.4363636,0.8216310064801208
-122.1074927966102,37.425207316384174,56.300072764584286,0.47,"c(-122.10749279661, 37.4252073163842)",1274.1142857118173,-122.1040984,37.4363636,0.7918671757065365
-122.2123422033898,37.426749265536735,55.04729959958786,NA,"c(-122.21234220339, 37.4267492655367)",7369.845833904875,-122.1366045,37.4543619,4.580388958300109
-122.21050274011296,37.4267492655367,55.30606613209238,NA,"c(-122.210502740113, 37.4267492655367)",7222.120327044007,-122.1366045,37.4543619,4.488576959008084
-122.20866327683612,37.42674926553673,55.05204358555784,NA,"c(-122.208663276836, 37.4267492655367)",7075.055745486013,-122.1366045,37.4543619,4.397175727461786
-122.20682381355932,37.426749265536735,55.199412118076,NA,"c(-122.206823813559, 37.4267492655367)",6928.694174715248,-122.1366045,37.4543619,4.306211419959756
-122.20498435028249,37.4267492655367,55.989439592018016,NA,"c(-122.204984350282, 37.4267492655367)",6783.081122471424,-122.1366045,37.4543619,4.215712319746069
-122.20314488700564,37.42674926553672,56.35032928602232,NA,"c(-122.203144887006, 37.4267492655367)",6638.2658461643705,-122.1366045,37.4543619,4.1257090404999195
-122.20130542372878,37.4267492655367,56.410270025622594,NA,"c(-122.201305423729, 37.4267492655367)",6494.301714461795,-122.1366045,37.4543619,4.036234751063888
-122.19946596045196,37.4267492655367,56.55022422220554,NA,"c(-122.199465960452, 37.4267492655367)",6351.246606542167,-122.1366045,37.4543619,3.94732542358121
-122.19762649717514,37.4267492655367,56.636907661450095,NA,"c(-122.197626497175, 37.4267492655367)",6209.163352736914,-122.1366045,37.4543619,3.85902010735669
-122.19578703389828,37.426749265536735,56.339186739927754,NA,"c(-122.195787033898, 37.4267492655367)",6068.120220519358,-122.1366045,37.4543619,3.771361230900782
-122.19394757062148,37.42674926553672,56.100012296810654,NA,"c(-122.193947570621, 37.4267492655367)",5928.191449928141,-122.1366045,37.4543619,3.684394934697415
-122.1902686440678,37.42674926553672,53.94414742097979,NA,"c(-122.190268644068, 37.4267492655367)",5652.007408150648,-122.1366045,37.4543619,3.5127454370109685
-122.1498004519774,37.4267492655367,57.75698372928309,0.82,"c(-122.149800451977, 37.4267492655367)",2170.2285567496187,-122.1260148,37.4314986,1.3488058152576872
-122.14796098870058,37.4267492655367,58.2576723310267,0.83,"c(-122.147960988701, 37.4267492655367)",2012.683231878162,-122.1260148,37.4314986,1.2508907594022138
-122.14612152542374,37.4267492655367,58.942035798871075,0.83,"c(-122.146121525424, 37.4267492655367)",1856.046636485648,-122.1260148,37.4314986,1.1535404825889672
-122.14428206214691,37.4267492655367,59.4531385056689,0.96,"c(-122.144282062147, 37.4267492655367)",1700.5698937566492,-122.1260148,37.4314986,1.0569110588916404
-122.14244259887008,37.4267492655367,59.964241212459456,0.83,"c(-122.14244259887, 37.4267492655367)",1546.602835993412,-122.1260148,37.4314986,0.9612199104993238
-122.14060313559324,37.426749265536685,60.46975729400583,0.82,"c(-122.140603135593, 37.4267492655367)",1394.645554707154,-122.1260148,37.4314986,0.8667778463064971
-122.1387636723164,37.42674926553673,59.90727427782258,0.91,"c(-122.138763672316, 37.4267492655367)",1245.4339149856933,-122.1260148,37.4314986,0.7740422094379698
-122.13692420903956,37.4267492655367,58.94301744214317,0.82,"c(-122.13692420904, 37.4267492655367)",1100.0857114172854,-122.1260148,37.4314986,0.6837077137459823
-122.13508474576274,37.4267492655367,58.13221164861261,0.47,"c(-122.135084745763, 37.4267492655367)",960.3567207009784,-122.1260148,37.4314986,0.596865581541938
-122.13324528248587,37.42674926553673,57.971341029629,0.47,"c(-122.133245282486, 37.4267492655367)",829.0928851962099,-122.1260148,37.4314986,0.5152845774991982
-122.13140581920904,37.4267492655367,58.12879676710145,0.47,"c(-122.131405819209, 37.4267492655367)",710.9982534678842,-122.1260148,37.4314986,0.44188828680415426
-122.1295663559322,37.4267492655367,57.700424625844505,0.47,"c(-122.129566355932, 37.4267492655367)",613.304457623429,-122.125982,37.4314785,0.3811711980257483
-122.12772689265536,37.42674926553672,57.628369381207165,0.83,"c(-122.127726892655, 37.4267492655367)",547.126665264857,-122.125982,37.4314785,0.3400414327314214
-122.12588742937852,37.4267492655367,57.556314136569824,0.47,"c(-122.125887429379, 37.4267492655367)",524.9441447714173,-122.125982,37.4314785,0.326254906632329
-122.12404796610171,37.42674926553672,57.245160702295834,0.83,"c(-122.124047966102, 37.4267492655367)",552.0857357324974,-122.125982,37.4314785,0.343123515060595
-122.12220850282488,37.4267492655367,57.54745711251826,0.47,"c(-122.122208502825, 37.4267492655367)",622.1290069184628,-122.125982,37.4314785,0.3866556910618165
-122.12036903954802,37.42674926553672,57.64314075531729,0.47,"c(-122.120369039548, 37.4267492655367)",722.7059429950688,-122.125982,37.4314785,0.4491646631417456
-122.1185295762712,37.4267492655367,57.56873500172787,0.83,"c(-122.118529576271, 37.4267492655367)",834.3359482148235,-122.124761,37.43239,0.518543162346068
-122.11669011299438,37.4267492655367,57.42677579085466,0.83,"c(-122.116690112994, 37.4267492655367)",943.577723295797,-122.1231248,37.4335278,0.5864373668712225
-122.11485064971752,37.4267492655367,57.045877145072154,0.47,"c(-122.114850649718, 37.4267492655367)",1049.8991898150755,-122.1231248,37.4335278,0.6525165878278903
-122.11301118644069,37.4267492655367,56.73946852941299,0.47,"c(-122.113011186441, 37.4267492655367)",1158.9189683745635,-122.12174082759527,37.43451657416561,0.7202728206181253
-122.11117172316388,37.42674926553672,56.55872536830907,0.47,"c(-122.111171723164, 37.4267492655367)",1237.1421708336495,-122.1040984,37.4363636,0.7688888569506835
-122.10933225988704,37.4267492655367,56.20000389321773,0.47,"c(-122.109332259887, 37.4267492655367)",1163.2648367992836,-122.1040984,37.4363636,0.7229737954004248
-122.1074927966102,37.4267492655367,56.30003090524188,0.47,"c(-122.10749279661, 37.4267492655367)",1108.5393552868695,-122.1040984,37.4363636,0.6889616875617586
-122.2123422033898,37.42829121468927,55.78999175890931,NA,"c(-122.21234220339, 37.4282912146893)",7300.278917661421,-122.1366045,37.4543619,4.537152838820025
-122.21050274011296,37.42829121468927,56.13281373375503,NA,"c(-122.210502740113, 37.4282912146893)",7151.119555472096,-122.1366045,37.4543619,4.44444969264891
-122.20866327683612,37.42829121468927,55.7929378931949,NA,"c(-122.208663276836, 37.4282912146893)",7002.567087235383,-122.1366045,37.4543619,4.352123733521059
-122.20682381355932,37.42829121468927,55.747954007732915,NA,"c(-122.206823813559, 37.4282912146893)",6854.660970477923,-122.1366045,37.4543619,4.260199484448678
-122.20498435028249,37.42829121468927,55.64680393623348,NA,"c(-122.204984350282, 37.4282912146893)",6707.44396355979,-122.1366045,37.4543619,4.168703519925289
-122.20314488700564,37.42829121468927,56.07121051931995,NA,"c(-122.203144887006, 37.4282912146893)",6560.96245411489,-122.1366045,37.4543619,4.0776646700527595
-122.20130542372878,37.42829121468927,56.36137204037368,NA,"c(-122.201305423729, 37.4282912146893)",6415.266823830539,-122.1366045,37.4543619,3.987114247253287
-122.19946596045196,37.42829121468927,56.63391844571652,NA,"c(-122.199465960452, 37.4282912146893)",6270.411853698822,-122.1366045,37.4543619,3.8970862981347554
-122.19762649717514,37.42829121468927,56.37966109249464,NA,"c(-122.197626497175, 37.4282912146893)",6126.457174183625,-122.1366045,37.4543619,3.807617883271365
-122.19578703389828,37.42829121468927,56.20409673024915,NA,"c(-122.195787033898, 37.4282912146893)",5983.467765263137,-122.1366045,37.4543619,3.7187493879820614
-122.1902686440678,37.42829121468927,54.46757470713055,NA,"c(-122.190268644068, 37.4282912146893)",5561.033291529976,-122.1366045,37.4543619,3.456204656016144
-122.1498004519774,37.42829121468927,58.61378886186867,0.47,"c(-122.149800451977, 37.4282912146893)",2135.1054942061483,-122.1260148,37.4314986,1.326976689997606
-122.14796098870058,37.42829121468927,58.162082392673256,0.47,"c(-122.147960988701, 37.4282912146893)",1974.7634771073383,-122.1260148,37.4314986,1.2273234786248215
-122.14612152542374,37.42829121468927,58.189761176156026,0.82,"c(-122.146121525424, 37.4282912146893)",1814.8604750605164,-122.1260148,37.4314986,1.1279431168803706
-122.14428206214691,37.42829121468927,58.25064459573332,0.96,"c(-122.144282062147, 37.4282912146893)",1655.523703206817,-122.1260148,37.4314986,1.0289146694883882
-122.14244259887008,37.428291214689246,58.56384990530205,0.83,"c(-122.14244259887, 37.4282912146892)",1496.9339847021868,-122.1260148,37.4314986,0.9303505187707812
-122.14060313559324,37.42829121468927,58.87758704923908,0.01,"c(-122.140603135593, 37.4282912146893)",1339.3567157974944,-122.1260148,37.4314986,0.832415609569605
-122.1387636723164,37.42829121468927,59.09104395270697,0.82,"c(-122.138763672316, 37.4282912146893)",1183.196477698758,-122.1260148,37.4314986,0.735361390738818
-122.13692420903956,37.42829121468927,58.16719109341648,0.47,"c(-122.13692420904, 37.4282912146893)",1029.0985534785436,-122.1260148,37.4314986,0.639588908314819
-122.13508474576274,37.428291214689246,57.97617787530089,0.47,"c(-122.135084745763, 37.4282912146892)",878.149301704334,-122.1260148,37.4314986,0.545773338535944
-122.13324528248587,37.42829121468927,57.81530725631728,0.47,"c(-122.133245282486, 37.4282912146893)",732.2984329256126,-122.1260148,37.4314986,0.4551264343850917
-122.13140581920904,37.42829121468927,57.67108851894591,0.47,"c(-122.131405819209, 37.4282912146893)",595.3051563923061,-122.1260148,37.4314986,0.3699845595974556
-122.1295663559322,37.42829121468927,57.68278935588387,0.47,"c(-122.129566355932, 37.4282912146893)",474.89777766196806,-122.1260148,37.4314986,0.2951508872976806
-122.12772689265536,37.42829121468927,57.80198396875858,0.47,"c(-122.127726892655, 37.4282912146893)",385.9857746556368,-122.125982,37.4314785,0.23989171824464683
-122.12588742937852,37.42829121468927,57.642702322118566,0.47,"c(-122.125887429379, 37.4282912146893)",353.8421586867168,-122.125982,37.4314785,0.21991433106694644
-122.12404796610171,37.42829121468927,57.31899740076915,0.47,"c(-122.124047966102, 37.4282912146893)",392.9834324665062,-122.125982,37.4314785,0.2442407908430741
-122.12220850282488,37.42829121468927,57.5031623830223,0.47,"c(-122.122208502825, 37.4282912146893)",486.4978242632438,-122.125982,37.4314785,0.3023603631219663
-122.12036903954802,37.42829121468927,57.48207210472901,0.47,"c(-122.120369039548, 37.4282912146893)",598.3633724161685,-122.12498471989908,37.43222299139784,0.37188525321079463
-122.1185295762712,37.42829121468927,57.25944733520919,0.47,"c(-122.118529576271, 37.4282912146893)",707.6454310941451,-122.1238605867481,37.433033563108914,0.4398044941542232
-122.11669011299438,37.42829121468927,56.91731794808584,0.83,"c(-122.116690112994, 37.4282912146893)",813.7097530571598,-122.1231248,37.4335278,0.5057238987303666
-122.11485064971752,37.428291214689246,56.742331420122355,0.47,"c(-122.114850649718, 37.4282912146892)",922.5536360297682,-122.1217976354774,37.4344759888103,0.573370811702777
-122.11301118644069,37.42829121468927,56.642510920961286,0.47,"c(-122.113011186441, 37.4282912146893)",1031.2513469549174,-122.1203787,37.4354897,0.6409268781571892
-122.11117172316388,37.42829121468927,56.46493748736975,0.47,"c(-122.111171723164, 37.4282912146893)",1092.968715878755,-122.1040984,37.4363636,0.6792844722677159
-122.10933225988704,37.42829121468927,56.15135629824363,0.47,"c(-122.109332259887, 37.4282912146893)",1008.5874185121182,-122.1040984,37.4363636,0.6268411550727895
-122.1074927966102,37.428291214689246,56.35511624210813,0.47,"c(-122.10749279661, 37.4282912146892)",944.9473807735192,-122.1040984,37.4363636,0.5872886145267365
-122.2123422033898,37.4298331638418,57.03369384522375,NA,"c(-122.21234220339, 37.4298331638418)",7234.092240370924,-122.1366045,37.4543619,4.496017551504614
-122.21050274011296,37.4298331638418,57.582670969102765,NA,"c(-122.210502740113, 37.4298331638418)",7083.54243175789,-122.1366045,37.4543619,4.402450237264071
-122.20866327683612,37.4298331638418,56.58792394709599,NA,"c(-122.208663276836, 37.4298331638418)",6933.545372262271,-122.1366045,37.4543619,4.309226458832984
-122.20682381355932,37.4298331638418,56.301736077128226,NA,"c(-122.206823813559, 37.4298331638418)",6784.137725838262,-122.1366045,37.4543619,4.216369003006999
-122.20498435028249,37.42983316384181,55.69985144274919,NA,"c(-122.204984350282, 37.4298331638418)",6635.359307907709,-122.1366045,37.4543619,4.12390261523164
-122.20314488700564,37.42983316384181,55.80153453167805,NA,"c(-122.203144887006, 37.4298331638418)",6487.25341077866,-122.1366045,37.4543619,4.031854201851249
-122.19946596045196,37.42983316384181,56.72785360919079,NA,"c(-122.199465960452, 37.4298331638418)",6193.251955645318,-122.1366045,37.4543619,3.849131109785779
-122.19210810734464,37.42983316384181,54.59256714604635,NA,"c(-122.192108107345, 37.4298331638418)",5615.704609673515,-122.1366045,37.4543619,3.4901831011022466
-122.1902686440678,37.4298331638418,54.558835155137785,NA,"c(-122.190268644068, 37.4298331638418)",5473.8988312289885,-122.1366045,37.4543619,3.402050236935356
-122.18842918079096,37.4298331638418,54.89157236250321,0.47,"c(-122.188429180791, 37.4298331638418)",5333.2910833786,-122.1366045,37.4543619,3.3146619536224984
-122.15163991525422,37.4298331638418,59.11988019327691,0.47,"c(-122.151639915254, 37.4298331638418)",2275.5252841841216,-122.1260148,37.4314986,1.4142481567334504
-122.1498004519774,37.4298331638418,58.583162558003096,0.47,"c(-122.149800451977, 37.4298331638418)",2113.2990340854985,-122.1260148,37.4314986,1.3134238869394024
-122.14796098870058,37.4298331638418,57.93341761800912,0.47,"c(-122.147960988701, 37.4298331638418)",1951.169301391426,-122.1260148,37.4314986,1.2126596031021917
-122.14612152542374,37.4298331638418,57.961096401491886,0.47,"c(-122.146121525424, 37.4298331638418)",1789.1623249153038,-122.1260148,37.4314986,1.111971612750344
-122.14428206214691,37.429833163841785,57.988775184974656,0.47,"c(-122.144282062147, 37.4298331638418)",1627.3147680510187,-122.1260148,37.4314986,1.0113827023312734
-122.14244259887008,37.4298331638418,58.01645396845743,0.5,"c(-122.14244259887, 37.4298331638418)",1465.679443518597,-122.1260148,37.4314986,0.9109256951638266
-122.14060313559324,37.4298331638418,58.044132751941106,0.47,"c(-122.140603135593, 37.4298331638418)",1304.3352542971625,-122.1260148,37.4314986,0.8106496297682799
-122.1387636723164,37.4298331638418,58.31589234587591,0.8,"c(-122.138763672316, 37.4298331638418)",1143.4054520736463,-122.1260148,37.4314986,0.7106311075659704
-122.13692420903956,37.4298331638418,57.98101472097096,0.47,"c(-122.13692420904, 37.4298331638418)",983.0935601436252,-122.1260148,37.4314986,0.6109966191072872
-122.13508474576274,37.429833163841785,57.90694401570181,0.47,"c(-122.135084745763, 37.4298331638418)",823.7604119082051,-122.1260148,37.4314986,0.5119704238087043
-122.13324528248587,37.4298331638418,57.856159640352416,0.47,"c(-122.133245282486, 37.4298331638418)",666.1087243258695,-122.1260148,37.4314986,0.413989263098738
-122.13140581920904,37.42983316384181,57.35080921623012,0.47,"c(-122.131405819209, 37.4298331638418)",511.6950237009595,-122.1260148,37.4314986,0.3180205243635547
-122.1295663559322,37.4298331638418,57.66393896847512,0.2,"c(-122.129566355932, 37.4298331638418)",364.6561534784222,-122.1260148,37.4314986,0.22663527251611076
-122.12772689265536,37.4298331638418,58.06175485377025,0.47,"c(-122.127726892655, 37.4298331638418)",239.01416618787923,-122.1260148,37.4314986,0.148548269849521
-122.12588742937852,37.42983316384181,57.98788129641616,0.47,"c(-122.125887429379, 37.4298331638418)",182.80056610670005,-122.125982,37.4314785,0.11361129030870108
-122.12404796610171,37.42983316384181,57.84006451889218,0.47,"c(-122.124047966102, 37.4298331638418)",250.29413165647176,-122.125982,37.4314785,0.15555881395678792
-122.12220850282488,37.4298331638418,57.41835221136262,0.82,"c(-122.122208502825, 37.4298331638418)",361.9235179040725,-122.1250005427591,37.43221117946847,0.22493692846741611
-122.12036903954802,37.4298331638418,57.21380898516145,0.47,"c(-122.120369039548, 37.4298331638418)",471.2809078754619,-122.12391993696488,37.43299114357275,0.2929029881140223
-122.1185295762712,37.4298331638418,56.979796339112,0.47,"c(-122.118529576271, 37.4298331638418)",577.4359126517309,-122.12287802590482,37.43370410998012,0.3588787524249415
-122.11669011299438,37.4298331638418,56.71210990776308,0.47,"c(-122.116690112994, 37.4298331638418)",686.1904228100884,-122.1218574825654,37.43443323207251,0.42647011983224886
-122.11485064971752,37.4298331638418,56.66370253227251,0.47,"c(-122.114850649718, 37.4298331638418)",794.9425607173387,-122.12083786524832,37.435161669557985,0.49406001287590967
-122.11301118644069,37.4298331638418,56.60005124153338,0.47,"c(-122.113011186441, 37.4298331638418)",905.0519074162744,-122.12002787379866,37.435754111834974,0.5624934166664229
-122.11117172316388,37.42983316384181,56.39118513885478,0.83,"c(-122.111171723164, 37.4298331638418)",957.4341134889246,-122.1041444,37.4363918,0.5950491693529675
-122.10933225988704,37.42983316384181,56.307944420945205,0.91,"c(-122.109332259887, 37.4298331638418)",860.1661978755488,-122.1040984,37.4363636,0.5345967668586382
-122.1074927966102,37.4298331638418,56.496467093104,0.83,"c(-122.10749279661, 37.4298331638418)",784.5797662679655,-122.1040984,37.4363636,0.48761949426225326
-122.2123422033898,37.43137511299435,56.52422302312425,NA,"c(-122.21234220339, 37.4313751129944)",7171.37939737552,-122.1366045,37.4543619,4.457041266237116
-122.21050274011296,37.43137511299436,56.91991129073722,NA,"c(-122.210502740113, 37.4313751129944)",7019.487838992231,-122.1366045,37.4543619,4.362640049093991
-122.20866327683612,37.43137511299434,57.087939443266805,NA,"c(-122.208663276836, 37.4313751129943)",6868.095129046467,-122.1366045,37.4543619,4.268548868270023
-122.19578703389828,37.43137511299435,55.248795114424865,NA,"c(-122.195787033898, 37.4313751129944)",5825.565583113847,-122.1366045,37.4543619,3.620612543886791
-122.19394757062148,37.43137511299435,54.917663760465075,NA,"c(-122.193947570621, 37.4313751129944)",5679.673276151519,-122.1366045,37.4543619,3.5299398857374262
-122.19210810734464,37.43137511299435,54.69355598769471,NA,"c(-122.192108107345, 37.4313751129944)",5534.72283047235,-122.1366045,37.4543619,3.4398525981804537
-122.1902686440678,37.43137511299435,54.88325630124564,0.82,"c(-122.190268644068, 37.4313751129944)",5390.790222478029,-122.1366045,37.4543619,3.350397900856451
-122.18842918079096,37.43137511299435,55.05668559079095,0.82,"c(-122.188429180791, 37.4313751129944)",5247.95919975612,-122.1366045,37.4543619,3.2616278432294097
-122.18658971751412,37.43137511299435,55.427302704090835,0.82,"c(-122.186589717514, 37.4313751129944)",5106.3222018721635,-122.1366045,37.4543619,3.17359987686275
-122.15347937853107,37.43137511299435,59.034698907347774,0.47,"c(-122.153479378531, 37.4313751129944)",2430.824986980855,-122.1260148,37.4314986,1.5107675493976724
-122.15163991525422,37.43137511299435,58.88242264002474,0.47,"c(-122.151639915254, 37.4313751129944)",2268.023798475544,-122.1260148,37.4314986,1.4095859530612456
-122.1498004519774,37.43137511299435,58.277142325358,0.47,"c(-122.149800451977, 37.4313751129944)",2105.2230387089353,-122.1260148,37.4314986,1.308404623187654
-122.14796098870058,37.43137511299435,57.718559975299286,0.47,"c(-122.147960988701, 37.4313751129944)",1942.422815545544,-122.1260148,37.4314986,1.20722362681513
-122.14612152542374,37.43137511299435,57.73243162682866,0.47,"c(-122.146121525424, 37.4313751129944)",1779.6232763247042,-122.1260148,37.4314986,1.1060430555156644
-122.14428206214691,37.43137511299435,57.76011041031143,0.47,"c(-122.144282062147, 37.4313751129944)",1616.824627719441,-122.1260148,37.4314986,1.004863037737378
-122.14244259887008,37.43137511299435,57.7877891937942,0.47,"c(-122.14244259887, 37.4313751129944)",1454.0271689498386,-122.1260148,37.4314986,0.903683759446761
-122.14060313559324,37.43137511299435,57.857389378214066,0.47,"c(-122.140603135593, 37.4313751129944)",1291.2313501320398,-122.1260148,37.4314986,0.8025055003928153
-122.1387636723164,37.43137511299435,57.98038586576877,0.47,"c(-122.138763672316, 37.4313751129944)",1128.437881110997,-122.1260148,37.4314986,0.701328701747046
-122.13692420903956,37.43137511299435,58.43340643971533,0.47,"c(-122.13692420904, 37.4313751129944)",965.6479503875142,-122.1260148,37.4314986,0.6001541021675042
-122.13508474576274,37.43137511299434,57.95086792797156,0.47,"c(-122.135084745763, 37.4313751129943)",802.8637103384707,-122.1260148,37.4314986,0.4989830393651154
-122.13324528248587,37.43137511299435,57.332367949962645,0.47,"c(-122.133245282486, 37.4313751129944)",640.0895027242562,-122.1260148,37.4314986,0.3978182117615018
-122.13140581920904,37.43137511299435,57.355320830551136,0.47,"c(-122.131405819209, 37.4313751129944)",477.33559111364207,-122.1260148,37.4314986,0.2966659982061169
-122.1295663559322,37.43137511299435,57.85894713650123,0.83,"c(-122.129566355932, 37.4313751129944)",314.6334733998194,-122.1260148,37.4314986,0.19554597476682375
-122.12772689265536,37.43137511299436,57.948059943391854,0.82,"c(-122.127726892655, 37.4313751129944)",152.14939916367982,-122.1260148,37.4314986,0.0945614662297575
-122.12588742937852,37.43137511299435,58.460542380682455,0.83,"c(-122.125887429379, 37.4313751129944)",14.202893914605877,-122.125982,37.4314785,0.00882715594444119
-122.12404796610171,37.43137511299435,57.90123472265259,0.82,"c(-122.124047966102, 37.4313751129944)",125.48596701115206,-122.12501643691216,37.4321993143122,0.07799003543266131
-122.12220850282488,37.43137511299435,57.31601075668368,0.47,"c(-122.122208502825, 37.4313751129944)",234.9185112816808,-122.12397947300694,37.43294859114283,0.1460028037797892
-122.12036903954802,37.43137511299436,57.02626074985346,0.47,"c(-122.120369039548, 37.4313751129944)",341.07470765724275,-122.1229375723246,37.433661566626306,0.21197930867448275
-122.1185295762712,37.43137511299436,56.792248103802194,0.47,"c(-122.118529576271, 37.4313751129944)",449.82933203994594,-122.12191745157608,37.434390388149644,0.27957074707268237
-122.11669011299438,37.43137511299435,56.49830807739636,0.47,"c(-122.116690112994, 37.4313751129944)",558.5815913425166,-122.12089759670968,37.43511899669632,0.3471607155640252
-122.11485064971752,37.43137511299435,56.59996860470523,0.47,"c(-122.114850649718, 37.4313751129944)",668.6126880855244,-122.1200343321759,37.43574924429048,0.41554548669081687
-122.11301118644069,37.43137511299435,56.44080085778114,0.47,"c(-122.113011186441, 37.4313751129944)",775.974378286781,-122.11867559311602,37.43670060889886,0.482271210868105
-122.11117172316388,37.43137511299435,56.27795651531369,0.47,"c(-122.111171723164, 37.4313751129944)",834.7553388655697,-122.1041444,37.4363918,0.5188038153297512
-122.10933225988704,37.43137511299435,56.55141037715657,0.83,"c(-122.109332259887, 37.4313751129944)",721.6767564440689,-122.1041444,37.4363918,0.44852501954261587
-122.1074927966102,37.43137511299434,56.64044690685114,0.83,"c(-122.10749279661, 37.4313751129943)",629.9040560240629,-122.1040984,37.4363636,0.3914879154904058
-122.19762649717514,37.43291706214689,55.624185414908425,NA,"c(-122.197626497175, 37.4329170621469)",5901.205239087552,-122.1366045,37.4543619,3.667622895641736
-122.19578703389828,37.43291706214689,55.21884700185183,NA,"c(-122.195787033898, 37.4329170621469)",5752.628862792759,-122.1366045,37.4543619,3.5752820775592036
-122.19394757062148,37.432917062146885,54.95156154083088,NA,"c(-122.193947570621, 37.4329170621469)",5604.841427740057,-122.1366045,37.4543619,3.4834315896457784
-122.19210810734464,37.43291706214688,54.971751275439146,NA,"c(-122.192108107345, 37.4329170621469)",5457.907022442894,-122.1366045,37.4543619,3.3921112631714694
-122.1902686440678,37.432917062146885,55.05887510350294,NA,"c(-122.190268644068, 37.4329170621469)",5311.896435381469,-122.1366045,37.4543619,3.3013650934626906
-122.18842918079096,37.43291706214689,55.32033597969712,NA,"c(-122.188429180791, 37.4329170621469)",5166.8879854805255,-122.1366045,37.4543619,3.211241756047561
-122.18658971751412,37.43291706214689,55.59097442390339,0.82,"c(-122.186589717514, 37.4329170621469)",5022.968465862628,-122.1366045,37.4543619,3.1217951932023795
-122.18475025423729,37.432917062146885,55.89593738867552,0.82,"c(-122.184750254237, 37.4329170621469)",4880.23421614342,-122.1366045,37.4543619,3.033085280387458
-122.17739240112994,37.43291706214689,55.78502216646666,0.83,"c(-122.17739240113, 37.4329170621469)",4323.483734743302,-122.1366045,37.4543619,2.687062607049908
-122.17555293785308,37.432917062146885,56.24385998523212,0.83,"c(-122.175552937853, 37.4329170621469)",4188.54994141585,-122.1366045,37.4543619,2.603200709394562
-122.15531884180793,37.43291706214689,59.02529770631372,0.47,"c(-122.155318841808, 37.4329170621469)",2598.3372854599734,-122.1260148,37.4314986,1.614877119614651
-122.15347937853107,37.43291706214688,59.07286112202746,0.47,"c(-122.153479378531, 37.4329170621469)",2435.854060105335,-122.1260148,37.4314986,1.513893138660867
-122.15163991525422,37.43291706214689,58.481733068823814,0.47,"c(-122.151639915254, 37.4329170621469)",2273.416487736902,-122.1260148,37.4314986,1.4129375312224377
-122.1498004519774,37.43291706214689,58.302279693252785,0.47,"c(-122.149800451977, 37.4329170621469)",2111.035107020536,-122.1260148,37.4314986,1.3120168471227696
-122.14796098870058,37.432917062146885,57.83379199390765,0.47,"c(-122.147960988701, 37.4329170621469)",1948.723964919673,-122.1260148,37.4314986,1.2111398166063847
-122.14612152542374,37.43291706214688,57.503766852166336,0.82,"c(-122.146121525424, 37.4329170621469)",1786.502206018818,-122.1260148,37.4314986,1.110318338109893
-122.14428206214691,37.432917062146885,57.531445635649106,0.47,"c(-122.144282062147, 37.4329170621469)",1624.396609601967,-122.1260148,37.4314986,1.0095690550664804
-122.14244259887008,37.43291706214688,57.56561731907095,0.47,"c(-122.14244259887, 37.4329170621469)",1462.4458045276483,-122.1260148,37.4314986,0.908915975467774
-122.14060313559324,37.43291706214688,57.656678347902925,0.47,"c(-122.140603135593, 37.4329170621469)",1300.7076112591762,-122.1260148,37.4314986,0.8083950349653053
-122.1387636723164,37.432917062146885,57.679920313737966,0.47,"c(-122.138763672316, 37.4329170621469)",1139.2725845362477,-122.1260148,37.4314986,0.7080625136956168
-122.13692420903956,37.43291706214689,57.87473955926544,0.47,"c(-122.13692420904, 37.4329170621469)",978.2908192353244,-122.1260148,37.4314986,0.6080116962307797
-122.13508474576274,37.432917062146885,57.69964890376286,0.47,"c(-122.135084745763, 37.4329170621469)",818.0299539081777,-122.1260148,37.4314986,0.508408921011919
-122.13324528248587,37.432917062146885,57.14466476030066,0.47,"c(-122.133245282486, 37.4329170621469)",659.0161283674416,-122.1260148,37.4314986,0.4095811860580744
-122.13140581920904,37.432917062146885,57.31289646738878,0.47,"c(-122.131405819209, 37.4329170621469)",502.43475493854754,-122.1260148,37.4314986,0.31226522991830175
-122.1295663559322,37.43291706214689,58.02840895992267,0.83,"c(-122.129566355932, 37.4329170621469)",351.5512510616792,-122.1260148,37.4314986,0.2184905227232313
-122.12772689265536,37.43291706214689,58.16572787750374,0.96,"c(-122.127726892655, 37.4329170621469)",218.50641857065187,-122.1260148,37.4314986,0.13580262185870223
-122.12588742937852,37.43291706214689,58.09526874175572,0.82,"c(-122.125887429379, 37.4329170621469)",107.09322685500211,-122.12505938966189,37.43221478550871,0.06655887312305911
-122.12404796610171,37.432917062146885,57.702072540403606,0,"c(-122.124047966102, 37.4329170621469)",1.4417665582212411,-122.12403749356764,37.43290712180339,8.960637403488136e-4
-122.12220850282488,37.432917062146885,57.07826989832574,0.47,"c(-122.122208502825, 37.4329170621469)",104.71561541989657,-122.12299708541282,37.43361904700803,0.06508117801112279
-122.12036903954802,37.432917062146885,56.711546687241935,0.47,"c(-122.120369039548, 37.4329170621469)",213.47036063555592,-122.12197780562136,37.434347269064475,0.1326726915074928
-122.1185295762712,37.43291706214689,56.60469986849239,0.47,"c(-122.118529576271, 37.4329170621469)",322.2227444850999,-122.1209574133086,37.43507626293224,0.20026273740528272
-122.11669011299438,37.43291706214689,56.33042947727063,0.02,"c(-122.116690112994, 37.4329170621469)",432.1757863604877,-122.12004075536105,37.435744403268565,0.26859899711652435
-122.11485064971752,37.432917062146885,56.31173251214205,0.47,"c(-122.114850649718, 37.4329170621469)",539.8661147404586,-122.11879163069663,37.43662210937279,0.3355289712495081
-122.11301118644069,37.43291706214689,56.354953676296645,0.47,"c(-122.113011186441, 37.4329170621469)",642.9659556702923,-122.1172288,37.4376341,0.3996059388876894
-122.11117172316388,37.432917062146885,56.450822652099305,0.47,"c(-122.111171723164, 37.4329170621469)",729.0250010242023,-122.1044603,37.4367256,0.4530919832344328
-122.10933225988704,37.43291706214689,56.90873551516779,0.47,"c(-122.109332259887, 37.4329170621469)",599.6092424589093,-122.1041444,37.4363918,0.3726595664753942
-122.1074927966102,37.432917062146885,56.6830123374275,0,"c(-122.10749279661, 37.4329170621469)",486.35526305370144,-122.1041444,37.4363918,0.30227176075432033
-122.19762649717514,37.434459011299424,55.423679941974115,NA,"c(-122.197626497175, 37.4344590112994)",5834.233966169181,-122.1366045,37.4543619,3.6259999789740096
-122.19578703389828,37.434459011299424,55.17927694260834,NA,"c(-122.195787033898, 37.4344590112994)",5683.910366611963,-122.1366045,37.4543619,3.5325732545754898
-122.19394757062148,37.434459011299424,55.078910545180406,NA,"c(-122.193947570621, 37.4344590112994)",5534.291290670515,-122.1366045,37.4543619,3.439584394450289
-122.19210810734464,37.43445901129943,55.06266922923169,NA,"c(-122.192108107345, 37.4344590112994)",5385.435458296078,-122.1366045,37.4543619,3.3470698932853185
-122.1902686440678,37.434459011299424,55.265114485664526,NA,"c(-122.190268644068, 37.4344590112994)",5237.40794790747,-122.1366045,37.4543619,3.255070197580777
-122.18842918079096,37.434459011299424,55.53241785649152,NA,"c(-122.188429180791, 37.4344590112994)",5090.281023929731,-122.1366045,37.4543619,3.163630219968758
-122.18658971751412,37.434459011299424,55.757381492468994,NA,"c(-122.186589717514, 37.4344590112994)",4944.135085671115,-122.1366045,37.4543619,3.072799928944136
-122.18475025423729,37.43445901129943,55.767026071075634,NA,"c(-122.184750254237, 37.4344590112994)",4799.059756006923,-122.1366045,37.4543619,2.982635025485968
-122.18291079096043,37.434459011299424,56.158676815955914,0.82,"c(-122.18291079096, 37.4344590112994)",4655.155130843237,-122.1366045,37.4543619,2.8931977196042493
-122.1810713276836,37.434459011299424,55.28632327950618,0.83,"c(-122.181071327684, 37.4344590112994)",4512.533212879206,-122.1366045,37.4543619,2.804557621428966
-122.17923186440676,37.434459011299424,55.77523602653673,0.83,"c(-122.179231864407, 37.4344590112994)",4371.319555646638,-122.1366045,37.4543619,2.716792762987345
-122.17739240112994,37.43445901129941,56.27587881861109,0.83,"c(-122.17739240113, 37.4344590112994)",4231.655145854836,-122.1366045,37.4543619,2.629990768088773
-122.17555293785308,37.434459011299424,56.776521610692726,0.83,"c(-122.175552937853, 37.4344590112994)",4093.698553305159,-122.1366045,37.4543619,2.5442501885053814
-122.17371347457627,37.434459011299424,57.277164402767085,0.83,"c(-122.173713474576, 37.4344590112994)",3957.628377422201,-122.1366045,37.4543619,2.459682024501057
-122.15531884180793,37.43445901129941,59.17989073910576,0.67,"c(-122.155318841808, 37.4344590112994)",2614.2663875247963,-122.1260148,37.4314986,1.624777120897947
-122.15347937853107,37.434459011299424,58.92354793482082,0.67,"c(-122.153479378531, 37.4344590112994)",2452.8420000657925,-122.1260148,37.4314986,1.524451211973768
-122.15163991525422,37.434459011299424,58.45620124969355,0.47,"c(-122.151639915254, 37.4344590112994)",2291.612334951622,-122.1260148,37.4314986,1.4242463237735377
-122.1498004519774,37.43445901129943,58.10429628570819,0.5,"c(-122.149800451977, 37.4344590112994)",2130.6215981512864,-122.1260148,37.4314986,1.3241899304855729
-122.14796098870058,37.434459011299424,57.65533615203458,0.47,"c(-122.147960988701, 37.4344590112994)",1969.928369241923,-122.1260148,37.4314986,1.2243184395537123
-122.14612152542374,37.43445901129943,57.2751020775022,0.47,"c(-122.146121525424, 37.4344590112994)",1809.61190598211,-122.1260148,37.4314986,1.1246811099950962
-122.14428206214691,37.434459011299424,57.30278086098497,0.47,"c(-122.144282062147, 37.4344590112994)",1649.7820479476,-122.1260148,37.4314986,1.0253462075497823
-122.14244259887008,37.43445901129941,57.372689574704054,0.47,"c(-122.14244259887, 37.4344590112994)",1490.5953329170557,-122.1260148,37.4314986,0.9264110210795872
-122.14060313559324,37.434459011299424,57.33896009075397,0.47,"c(-122.140603135593, 37.4344590112994)",1332.2823172391147,-122.1260148,37.4314986,0.8280188422865846
-122.1387636723164,37.434459011299424,57.26090196450241,0.47,"c(-122.138763672316, 37.4344590112994)",1175.1961473864696,-122.1260148,37.4314986,0.7303891531301863
-122.13692420903956,37.434459011299424,57.047609093899155,0.47,"c(-122.13692420904, 37.4344590112994)",1019.9038595304336,-122.1260148,37.4314986,0.6338743688815622
-122.13508474576274,37.434459011299424,57.44408109162032,0.47,"c(-122.135084745763, 37.4344590112994)",867.3695097921096,-122.1260148,37.4314986,0.5390736543145491
-122.13324528248587,37.43445901129943,57.56053787657584,0.47,"c(-122.133245282486, 37.4344590112994)",719.349662144512,-122.1260148,37.4314986,0.4470787210345009
-122.13140581920904,37.434459011299424,57.22738757498155,0.47,"c(-122.131405819209, 37.4344590112994)",579.3151927160013,-122.1260148,37.4314986,0.36004673257675657
-122.1295663559322,37.43445901129943,57.8011821849359,0.02,"c(-122.129566355932, 37.4344590112994)",454.7046677153151,-122.1260148,37.4314986,0.2826007878901896
-122.12772689265536,37.43445901129943,57.72831681765729,0.82,"c(-122.127726892655, 37.4344590112994)",343.5275654773653,-122.1250712357178,37.43220590571357,0.21350376971868568
-122.12588742937852,37.434459011299424,57.7188968672308,0.47,"c(-122.125887429379, 37.4344590112994)",233.6605121543794,-122.12412372157073,37.43289551219172,0.14522095224013637
-122.12404796610171,37.434459011299424,57.502910358150984,0.47,"c(-122.124047966102, 37.4344590112994)",126.7345734405544,-122.12315090262275,37.43357089201408,0.07876604937262548
-122.12220850282488,37.434459011299424,56.93889299082002,0.47,"c(-122.122208502825, 37.4344590112994)",18.039618182628253,-122.12207108385516,37.43433919931697,0.0112116955765247
-122.12036903954802,37.43445901129943,56.34928202246192,0.47,"c(-122.120369039548, 37.4344590112994)",85.86601209755311,-122.12101763763638,37.435033237801335,0.05336607339810634
-122.1185295762712,37.434459011299424,56.2002250232847,0.47,"c(-122.118529576271, 37.4344590112994)",195.74120004336737,-122.12004722215288,37.43573952938021,0.12165394657760556
-122.11669011299438,37.434459011299424,56.42651060418666,0.47,"c(-122.116690112994, 37.4344590112994)",303.759776508871,-122.11890772342826,37.43654357225786,0.1887879282217968
-122.11485064971752,37.434459011299424,56.41903505857681,0.47,"c(-122.114850649718, 37.4344590112994)",409.2036984502033,-122.11783849205446,37.43726690024421,0.25432175167818727
-122.11301118644069,37.434459011299424,56.27141782947001,0.47,"c(-122.113011186441, 37.4344590112994)",513.3257052652567,-122.1172288,37.4376341,0.3190339995433541
-122.11117172316388,37.43445901129943,56.80814779011416,0.47,"c(-122.111171723164, 37.4344590112994)",619.105118487392,-122.1157128,37.4387022,0.3847763321860733
-122.10933225988704,37.43445901129943,57.10695323536856,0.83,"c(-122.109332259887, 37.4344590112994)",499.19324636902655,-122.1044603,37.4367256,0.3102506192473751
-122.1074927966102,37.43445901129941,56.7255777680075,0.95,"c(-122.10749279661, 37.4344590112994)",365.7156980469449,-122.1043038,37.4365546,0.22729378374577056
-122.19762649717514,37.436000960451985,55.46981223017792,NA,"c(-122.197626497175, 37.436000960452)",5771.561527700144,-122.1366045,37.4543619,3.587048805282874
-122.19578703389828,37.43600096045196,55.213572130967805,NA,"c(-122.195787033898, 37.436000960452)",5619.564847657819,-122.1366045,37.4543619,3.4925822546039895
-122.19394757062148,37.43600096045196,55.23420218049068,NA,"c(-122.193947570621, 37.436000960452)",5468.188598556865,-122.1366045,37.4543619,3.3985013042615693
-122.19210810734464,37.43600096045196,55.220302981375426,NA,"c(-122.192108107345, 37.436000960452)",5317.485767320354,-122.1366045,37.4543619,3.3048388858423583
-122.1902686440678,37.43600096045196,55.37561793703935,NA,"c(-122.190268644068, 37.436000960452)",5167.515272012374,-122.1366045,37.4543619,3.2116316171612023
-122.18842918079096,37.43600096045196,55.69557566196727,NA,"c(-122.188429180791, 37.436000960452)",5018.342769527833,-122.1366045,37.4543619,3.118920304243526
-122.18658971751412,37.43600096045196,55.745635273435255,NA,"c(-122.186589717514, 37.436000960452)",4870.04158957864,-122.1366045,37.4543619,3.0267505218015165
-122.18475025423729,37.43600096045196,55.644988162384834,NA,"c(-122.184750254237, 37.436000960452)",4722.6938162736005,-122.1366045,37.4543619,2.9351732854403982
-122.18291079096043,37.436000960451985,55.972645308314895,0.82,"c(-122.18291079096, 37.436000960452)",4576.391542160718,-122.1366045,37.4543619,2.844245831050788
-122.1810713276836,37.43600096045196,56.116065368976706,0.82,"c(-122.181071327684, 37.436000960452)",4431.238323473849,-122.1366045,37.4543619,2.7540325192503725
-122.17923186440676,37.43600096045196,56.57541175678489,0.83,"c(-122.179231864407, 37.436000960452)",4287.350869655123,-122.1366045,37.4543619,2.664605885428914
-122.17739240112994,37.43600096045196,56.84435934285648,0.83,"c(-122.17739240113, 37.436000960452)",4144.861004662792,-122.1366045,37.4543619,2.5760478587090065
-122.17555293785308,37.43600096045196,57.12077783092763,0.83,"c(-122.175552937853, 37.436000960452)",4003.917941867541,-122.1366045,37.4543619,2.488451175803319
-122.17371347457627,37.43600096045196,57.809826028220414,0.83,"c(-122.173713474576, 37.436000960452)",3864.6909180034672,-122.1366045,37.4543619,2.401921018025772
-122.15715830508476,37.436000960451985,59.07076939149465,0.67,"c(-122.157158305085, 37.436000960452)",2724.254754396124,-122.1362444,37.4540135,1.69313533523687
-122.15531884180793,37.43600096045196,59.32422322244929,0.67,"c(-122.155318841808, 37.436000960452)",2616.404656888854,-122.1362444,37.4540135,1.6261060639458382
-122.15347937853107,37.43600096045196,58.89081096657901,0.67,"c(-122.153479378531, 37.436000960452)",2481.543227258335,-122.1260148,37.4314986,1.542289140620469
-122.15163991525422,37.43600096045196,58.37610902368033,0.47,"c(-122.151639915254, 37.436000960452)",2322.310422267349,-122.1260148,37.4314986,1.4433253090536664
-122.1498004519774,37.43600096045196,57.85138326548258,0.47,"c(-122.149800451977, 37.436000960452)",2163.608468038837,-122.1260148,37.4314986,1.3446914033802593
-122.14796098870058,37.43600096045196,57.50214806434815,0.47,"c(-122.147960988701, 37.436000960452)",2005.5633886224457,-122.1260148,37.4314986,1.2464657480562125
-122.14612152542374,37.43600096045196,57.04643730283897,0.47,"c(-122.146121525424, 37.436000960452)",1848.3436926275024,-122.1260148,37.4314986,1.1487530718629595
-122.14428206214691,37.43600096045196,57.08091751556094,0.47,"c(-122.144282062147, 37.436000960452)",1692.1794538647705,-122.1260148,37.4314986,1.0516963666033377
-122.14244259887008,37.43600096045196,57.179761830340794,0.47,"c(-122.14244259887, 37.436000960452)",1537.392337695965,-122.1260148,37.4314986,0.955495548599108
-122.14060313559324,37.43600096045195,57.01668460062501,0.47,"c(-122.140603135593, 37.436000960452)",1384.4443268104517,-122.1260148,37.4314986,0.8604377419580183
-122.1387636723164,37.43600096045196,57.243036959469464,0.47,"c(-122.138763672316, 37.436000960452)",1234.0194432632086,-122.1260148,37.4314986,0.7669480691505336
-122.13692420903956,37.43600096045196,57.43952124943644,0.47,"c(-122.13692420904, 37.436000960452)",1087.1655242403283,-122.1260148,37.4314986,0.675677765220838
-122.13508474576274,37.43600096045195,57.70393613317174,0.47,"c(-122.135084745763, 37.436000960452)",945.5478657417148,-122.1260148,37.4314986,0.5876618183602952
-122.13324528248587,37.43600096045196,58.29460563374778,0.47,"c(-122.133245282486, 37.436000960452)",811.91111236685,-122.1260148,37.4314986,0.504606036275233
-122.13140581920904,37.43600096045196,57.39997377370312,0.47,"c(-122.131405819209, 37.436000960452)",690.9019764945178,-122.1260148,37.4314986,0.4293983694807445
-122.1295663559322,37.43600096045196,57.23863990229438,0.47,"c(-122.129566355932, 37.436000960452)",579.9596255347984,-122.12508280625364,37.4321972324449,0.36044725017700335
-122.12772689265536,37.43600096045196,57.23837715850004,0.47,"c(-122.127726892655, 37.436000960452)",470.0228629520974,-122.12418089483394,37.4328545599608,0.29212110811193126
-122.12588742937852,37.436000960451985,56.94820639318027,0.47,"c(-122.125887429379, 37.436000960452)",362.21873522867133,-122.1234409,37.4333846,0.2251204072272662
-122.12404796610171,37.43600096045196,56.77987719344674,0.47,"c(-122.124047966102, 37.436000960452)",254.4043051565195,-122.12212580300474,37.43429997188068,0.15811330339124893
-122.12220850282488,37.43600096045196,56.40039135814004,0.47,"c(-122.122208502825, 37.436000960452)",145.4462173776514,-122.12111058746504,37.43502775567052,0.0903954116703862
-122.12036903954802,37.43600096045196,56.2411910574001,0.47,"c(-122.120369039548, 37.436000960452)",34.57634010795162,-122.12010415815128,37.435772398960715,0.0214893350577698
-122.1185295762712,37.43600096045196,56.340791922789094,0.2,"c(-122.118529576271, 37.436000960452)",67.6553737204962,-122.11902425017456,37.43646474124984,0.04204808807986091
-122.11669011299438,37.43600096045196,56.4346596615228,0.47,"c(-122.116690112994, 37.436000960452)",173.0995610361831,-122.11795464029952,37.43718832786755,0.10758207646748484
-122.11485064971752,37.43600096045196,56.474022062873246,0.47,"c(-122.114850649718, 37.436000960452)",277.75793639445754,-122.1172288,37.4376341,0.17262767954907243
-122.11301118644069,37.43600096045196,56.66601591050858,0.47,"c(-122.113011186441, 37.436000960452)",383.4632877700696,-122.1157128,37.4387022,0.2383239824549842
-122.11117172316388,37.43600096045196,57.0652403041895,0.91,"c(-122.111171723164, 37.436000960452)",485.1621576521556,-122.1144637513351,37.43948842707313,0.30153024092738073
-122.10933225988704,37.43600096045195,57.14951866594856,0.95,"c(-122.109332259887, 37.436000960452)",438.20569000241295,-122.1044742,37.4367642,0.2723466065894425
-122.1074927966102,37.43600096045196,56.768143198587495,NA,"c(-122.10749279661, 37.436000960452)",280.1686806753025,-122.1044603,37.4367256,0.17412596685848508
-122.19946596045196,37.43754290960454,56.14743119688501,NA,"c(-122.199465960452, 37.4375429096045)",5867.4100289710295,-122.1366045,37.4543619,3.646619036029229
-122.19762649717514,37.43754290960453,55.67025239215582,NA,"c(-122.197626497175, 37.4375429096045)",5713.329397811159,-122.1366045,37.4543619,3.5508573013120937
-122.19578703389828,37.43754290960451,55.3840407839898,NA,"c(-122.195787033898, 37.4375429096045)",5559.744143669479,-122.1366045,37.4543619,3.4554034454129763
-122.19394757062148,37.43754290960453,55.12980405854614,NA,"c(-122.193947570621, 37.4375429096045)",5406.696482535557,-122.1366045,37.4543619,3.360283705739936
-122.19210810734464,37.43754290960453,55.43148768023002,NA,"c(-122.192108107345, 37.4375429096045)",5254.233392427112,-122.1366045,37.4543619,3.265527279320766
-122.1902686440678,37.43754290960453,55.47832858755987,NA,"c(-122.190268644068, 37.4375429096045)",5102.407275706677,-122.1366045,37.4543619,3.1711667344354737
-122.18842918079096,37.43754290960453,55.724244475795786,NA,"c(-122.188429180791, 37.4375429096045)",4951.276729303839,-122.1366045,37.4543619,3.077238489312516
-122.18658971751412,37.43754290960453,55.60385342751033,NA,"c(-122.186589717514, 37.4375429096045)",4800.907442511381,-122.1366045,37.4543619,2.983783370112729
-122.18475025423729,37.43754290960453,55.54740024036073,NA,"c(-122.184750254237, 37.4375429096045)",4651.373245825593,-122.1366045,37.4543619,2.890847262787814
-122.18291079096043,37.43754290960454,55.686581878049765,NA,"c(-122.18291079096, 37.4375429096045)",4502.75733878127,-122.1366045,37.4543619,2.7984818761847543
-122.1810713276836,37.43754290960451,56.06545834222197,0.82,"c(-122.181071327684, 37.4375429096045)",4355.153730005836,-122.1366045,37.4543619,2.706745637045268
-122.17923186440676,37.43754290960453,56.52640084577433,0.82,"c(-122.179231864407, 37.4375429096045)",4208.668928838005,-122.1366045,37.4543619,2.615704741353639
-122.17739240112994,37.43754290960453,57.11208562523825,0.83,"c(-122.17739240113, 37.4375429096045)",4063.4239348349856,-122.1366045,37.4543619,2.525434390823484
-122.17555293785308,37.43754290960453,57.729803145106416,0.83,"c(-122.175552937853, 37.4375429096045)",3919.556579168898,-122.1366045,37.4543619,2.436020248085083
-122.17371347457627,37.43754290960453,57.862105339467234,0.96,"c(-122.173713474576, 37.4375429096045)",3777.224280126067,-122.1366045,37.4543619,2.3475601492393205
-122.17187401129944,37.43754290960453,58.533386660748874,0.47,"c(-122.171874011299, 37.4375429096045)",3636.6072828631086,-122.1366045,37.4543619,2.260166117379185
-122.1589977683616,37.43754290960453,58.537819754492375,0.67,"c(-122.158997768362, 37.4375429096045)",2719.467941554996,-122.1362444,37.4540135,1.690160311718456
-122.15715830508476,37.43754290960453,58.92192759232421,0.67,"c(-122.157158305085, 37.4375429096045)",2601.256818239267,-122.1362444,37.4540135,1.6166916210312414
-122.15531884180793,37.43754290960453,59.73338031495223,0.67,"c(-122.155318841808, 37.4375429096045)",2488.0832411015845,-122.1362444,37.4540135,1.5463537856442415
-122.15347937853107,37.43754290960453,58.78691367663487,0.47,"c(-122.153479378531, 37.4375429096045)",2380.6657526820727,-122.1362444,37.4540135,1.4795933826488954
-122.15163991525422,37.43754290960453,58.29601679766711,0.47,"c(-122.151639915254, 37.4375429096045)",2279.8181218417176,-122.1362444,37.4540135,1.41691617267975
-122.1498004519774,37.43754290960454,57.81038442924546,0.47,"c(-122.149800451977, 37.4375429096045)",2186.4496204754228,-122.1362444,37.4540135,1.3588872718927425
-122.14796098870058,37.43754290960453,57.30283834615602,0.47,"c(-122.147960988701, 37.4375429096045)",2054.8784185263485,-122.1260148,37.4314986,1.277115238363175
-122.14612152542374,37.43754290960453,56.98959070688579,0.47,"c(-122.146121525424, 37.4375429096045)",1901.74331745322,-122.1260148,37.4314986,1.18194115441468
-122.14428206214691,37.43754290960453,56.89099974391683,0.47,"c(-122.144282062147, 37.4375429096045)",1750.3530747553018,-122.1260148,37.4314986,1.0878515069952155
-122.14244259887008,37.43754290960453,57.0904907815152,0.47,"c(-122.14244259887, 37.4375429096045)",1601.2026847362536,-122.1260148,37.4314986,0.9951539370641724
-122.14060313559324,37.43754290960453,57.312732783299,0.47,"c(-122.140603135593, 37.4375429096045)",1454.9811337543244,-122.1260148,37.4314986,0.9042766524265534
-122.1387636723164,37.43754290960453,57.61426898826903,0.47,"c(-122.138763672316, 37.4375429096045)",1312.667540693487,-122.1260148,37.4314986,0.8158281794241682
-122.13692420903956,37.43754290960453,57.82402775515584,0.47,"c(-122.13692420904, 37.4375429096045)",1175.6819111469156,-122.1260148,37.4314986,0.7306910572696803
-122.13508474576274,37.43754290960453,57.85602616271672,0.67,"c(-122.135084745763, 37.4375429096045)",1046.1193770932405,-122.1260148,37.4314986,0.6501674189516722
-122.13324528248587,37.43754290960453,57.91591411418267,0.47,"c(-122.133245282486, 37.4375429096045)",927.097328917348,-122.1260148,37.4314986,0.5761947351879104
-122.13140581920904,37.43754290960453,57.98418843844138,0.8,"c(-122.131405819209, 37.4375429096045)",816.3893917026425,-122.12509428570772,37.43218862744797,0.5073893049736746
-122.1295663559322,37.43754290960453,57.01209951237615,0.47,"c(-122.129566355932, 37.4375429096045)",706.383069973482,-122.12423775889243,37.43281382913598,0.43901993161807457
-122.12772689265536,37.43754290960453,57.3745125007772,0.47,"c(-122.127726892655, 37.4375429096045)",597.3908383048092,-122.1234409,37.4333846,0.3712808193317646
-122.12588742937852,37.43754290960453,56.91174475939624,0.47,"c(-122.125887429379, 37.4375429096045)",490.7668685035861,-122.1221823304662,37.43425944801961,0.3050135913633226
-122.12404796610171,37.43754290960453,56.48880667147387,0.47,"c(-122.124047966102, 37.4375429096045)",381.8086566864834,-122.12116701838086,37.43498730229497,0.237295622552196
-122.12220850282488,37.43754290960453,56.06586858355513,0.47,"c(-122.122208502825, 37.4375429096045)",270.99365954634754,-122.1201330375538,37.43575112684506,0.16842365416180705
-122.12036903954802,37.43754290960453,56.11182537323839,0.47,"c(-122.120369039548, 37.4375429096045)",161.98515005195856,-122.11918819661668,37.43643011127256,0.10067442514105568
-122.1185295762712,37.43754290960453,56.40364455998042,0.47,"c(-122.118529576271, 37.4375429096045)",56.85323854497265,-122.11811512797198,37.43715233932571,0.03533451743006379
-122.11669011299438,37.43754290960454,56.45115955219126,0.47,"c(-122.116690112994, 37.4375429096045)",43.187064050183515,-122.11698889788632,37.43784987874758,0.02684093477326508
-122.11485064971752,37.43754290960453,56.51172119957391,0.47,"c(-122.114850649718, 37.4375429096045)",147.37535402043503,-122.11594041504829,37.43854491034444,0.09159437788715666
-122.11301118644069,37.43754290960453,56.79873848500574,0.82,"c(-122.113011186441, 37.4375429096045)",250.18544471650628,-122.11470885479493,37.43934128125144,0.15549126458452844
-122.11117172316388,37.43754290960453,57.54143660585942,0.95,"c(-122.111171723164, 37.4375429096045)",347.277133997133,-122.1120163,37.4405986,0.2158341417011392
-122.10933225988704,37.43754290960453,57.19208409652856,NA,"c(-122.109332259887, 37.4375429096045)",385.2011578809987,-122.1109591,37.4407621,0.23940407574953307
-122.1074927966102,37.43754290960451,56.81070862916749,NA,"c(-122.10749279661, 37.4375429096045)",280.7765725996405,-122.1044742,37.4367642,0.1745037741452085
-122.20130542372878,37.43908485875706,56.34473178133703,NA,"c(-122.201305423729, 37.4390848587571)",5971.060858556493,-122.1366045,37.4543619,3.7110384453427554
-122.19946596045196,37.43908485875705,56.245241781951336,NA,"c(-122.199465960452, 37.439084858757)",5815.173949540852,-122.1366045,37.4543619,3.614154101641301
-122.19762649717514,37.43908485875705,55.95669321966852,NA,"c(-122.197626497175, 37.439084858757)",5659.6746406100065,-122.1366045,37.4543619,3.517510652958363
-122.19578703389828,37.43908485875705,55.66814465738571,NA,"c(-122.195787033898, 37.439084858757)",5504.5957798660465,-122.1366045,37.4543619,3.4211285145220924
-122.19394757062148,37.43908485875705,55.42320993854264,NA,"c(-122.193947570621, 37.439084858757)",5349.973929899597,-122.1366045,37.4543619,3.3250304101302657
-122.19210810734464,37.43908485875705,55.45606824553624,NA,"c(-122.192108107345, 37.439084858757)",5195.849891094961,-122.1366045,37.4543619,3.229241697386551
-122.1902686440678,37.43908485875705,55.671000739734154,NA,"c(-122.190268644068, 37.439084858757)",5042.269312611121,-122.1366045,37.4543619,3.13379074742767
-122.18842918079096,37.43908485875706,55.58246262987086,NA,"c(-122.188429180791, 37.4390848587571)",4889.283407776599,-122.1366045,37.4543619,3.0387093895441883
-122.18658971751412,37.43908485875705,55.462071581585406,NA,"c(-122.186589717514, 37.439084858757)",4736.949794262861,-122.1366045,37.4543619,2.9440334333516853
-122.18475025423729,37.43908485875705,55.39498053124953,NA,"c(-122.184750254237, 37.439084858757)",4585.333483711982,-122.1366045,37.4543619,2.849803283848342
-122.18291079096043,37.43908485875705,55.55550492765906,NA,"c(-122.18291079096, 37.439084858757)",4434.5080507929,-122.1366045,37.4543619,2.756064667988129
-122.1810713276836,37.43908485875705,56.030032062310056,0.82,"c(-122.181071327684, 37.439084858757)",4284.557018057197,-122.1366045,37.4543619,2.6628694953742675
-122.17923186440676,37.43908485875705,56.44979869580129,0.82,"c(-122.179231864407, 37.439084858757)",4135.575500779851,-122.1366045,37.4543619,2.5702768805344007
-122.17739240112994,37.43908485875705,57.211596542989355,0.82,"c(-122.17739240113, 37.439084858757)",3987.672165316033,-122.1366045,37.4543619,2.478354360047254
-122.17555293785308,37.43908485875704,57.65216136795789,0.96,"c(-122.175552937853, 37.439084858757)",3840.971565580998,-122.1366045,37.4543619,2.38717934467433
-122.17371347457627,37.43908485875705,58.03985480686606,0.96,"c(-122.173713474576, 37.439084858757)",3695.616935206248,-122.1366045,37.4543619,2.2968408546962387
-122.17187401129944,37.43908485875705,58.37745107283354,0.96,"c(-122.171874011299, 37.439084858757)",3551.7735275451737,-122.1366045,37.4543619,2.207441595739698
-122.1608372316384,37.43908485875705,58.33107281617413,0.91,"c(-122.160837231638, 37.439084858757)",2733.6645299978986,-122.1366045,37.4543619,1.698983548786761
-122.1589977683616,37.43908485875705,58.85998412050685,0.96,"c(-122.158997768362, 37.439084858757)",2607.496874860576,-122.1362444,37.4540135,1.6205698414298173
-122.15715830508476,37.43908485875705,59.12526628755586,0.5,"c(-122.157158305085, 37.439084858757)",2483.965379747725,-122.1362444,37.4540135,1.5437945181775792
-122.15531884180793,37.43908485875704,59.59102300836821,0.47,"c(-122.155318841808, 37.439084858757)",2365.18857742027,-122.1362444,37.4540135,1.46997425569936
-122.15347937853107,37.43908485875705,58.77391024235112,0.47,"c(-122.153479378531, 37.439084858757)",2251.918948262834,-122.1362444,37.4540135,1.3995767235940546
-122.15163991525422,37.43908485875705,58.215924571653886,0.67,"c(-122.151639915254, 37.439084858757)",2145.029099181064,-122.1362444,37.4540135,1.33314425057866
-122.1498004519774,37.43908485875705,57.73029220323224,0.47,"c(-122.149800451977, 37.439084858757)",2045.519412599123,-122.1362444,37.4540135,1.2712985783711144
-122.14796098870058,37.43908485875705,57.24465983481423,0.47,"c(-122.147960988701, 37.439084858757)",1954.517444959927,-122.1362444,37.4540135,1.2147404878557655
-122.14612152542374,37.43908485875705,57.16434546616074,0.47,"c(-122.146121525424, 37.439084858757)",1873.261841900205,-122.1361164,37.4539592,1.1642398022996925
-122.14428206214691,37.43908485875704,57.10837852690747,0.47,"c(-122.144282062147, 37.439084858757)",1802.0513701170603,-122.1361164,37.4539592,1.1199822064120948
-122.14244259887008,37.43908485875705,57.442826091632014,0.47,"c(-122.14244259887, 37.439084858757)",1680.0889873061872,-122.1260148,37.4314986,1.0441820927943986
-122.14060313559324,37.43908485875704,57.77416413368701,0.47,"c(-122.140603135593, 37.439084858757)",1541.3721923644746,-122.1260148,37.4314986,0.9579690443533092
-122.1387636723164,37.43908485875705,57.919122303392214,0.47,"c(-122.138763672316, 37.439084858757)",1407.821824273106,-122.1260148,37.4314986,0.8749669510709173
-122.13692420903956,37.43908485875705,58.04829501880067,0.47,"c(-122.13692420904, 37.439084858757)",1281.0547084070363,-122.1260148,37.4314986,0.7961806764493701
-122.13508474576274,37.43908485875705,57.794136741178136,0.47,"c(-122.135084745763, 37.439084858757)",1163.2905340552672,-122.1260148,37.4314986,0.7229897663488298
-122.13324528248587,37.43908485875705,57.67712720959753,0.67,"c(-122.133245282486, 37.439084858757)",1052.6737376225506,-122.1247436,37.4324515,0.6542409804987884
-122.13140581920904,37.43908485875705,57.87322007399416,0.47,"c(-122.131405819209, 37.439084858757)",942.741155637434,-122.12429448761418,37.432773195179216,0.5859174366920037
-122.1295663559322,37.43908485875705,58.1023677225312,0.8,"c(-122.129566355932, 37.439084858757)",833.1403491912622,-122.1234409,37.4333846,0.5178000927229721
-122.12772689265536,37.43908485875706,57.5798969433672,0.47,"c(-122.127726892655, 37.4390848587571)",727.1272981240124,-122.1222384402252,37.434219223534186,0.4519125532156696
-122.12588742937852,37.43908485875705,56.95637355136569,0.47,"c(-122.125887429379, 37.439084858757)",618.168980413291,-122.1212230270963,37.434947151510336,0.3841945185912312
-122.12404796610171,37.43908485875705,56.50758717374629,0.67,"c(-122.124047966102, 37.439084858757)",506.8121755343216,-122.1198198,37.436005,0.31498581450237517
-122.12220850282488,37.43908485875704,56.15125738053666,0.67,"c(-122.122208502825, 37.439084858757)",398.05359663183367,-122.11930992672713,37.43634817941484,0.24739191835415392
-122.12036903954802,37.43908485875705,55.87316179466143,0.47,"c(-122.120369039548, 37.439084858757)",292.9214150107731,-122.11823688630028,37.43707039116597,0.18205184276617348
-122.1185295762712,37.43908485875706,56.356026190986995,0.47,"c(-122.118529576271, 37.4390848587571)",181.7572724209967,-122.1171897,37.4378437,0.1129628790683634
-122.11669011299438,37.43908485875705,56.42837976746887,0.82,"c(-122.116690112994, 37.439084858757)",78.35013781022029,-122.1161069087572,37.438554809755786,0.04869492716607849
-122.11485064971752,37.43908485875705,56.54942033627458,0.7,"c(-122.114850649718, 37.439084858757)",15.076449128430566,-122.11495786955076,37.43919018974715,0.00937007403880084
-122.11301118644069,37.43908485875705,56.71239158317985,0.95,"c(-122.113011186441, 37.439084858757)",114.15912410312876,-122.11383333373648,37.439875784669525,0.07095035680741377
-122.11117172316388,37.43908485875705,57.62303799544679,0.91,"c(-122.111171723164, 37.439084858757)",182.49744851312488,-122.1116014,37.4406931,0.11342290149976686
-122.10933225988704,37.43908485875705,57.23464952710492,0.91,"c(-122.109332259887, 37.439084858757)",222.5897256449753,-122.1101736,37.4409749,0.1383404137010412
-122.1074927966102,37.43908485875705,56.85327405974385,NA,"c(-122.10749279661, 37.439084858757)",296.30709987973324,-122.1086497,37.4415902,0.1841560595896415
-122.19946596045196,37.44062680790962,56.22969587945772,NA,"c(-122.199465960452, 37.4406268079096)",5767.544504692552,-122.1366045,37.4543619,3.5845522092557816
-122.19762649717514,37.44062680790962,56.05450380473485,NA,"c(-122.197626497175, 37.4406268079096)",5610.728580402528,-122.1366045,37.4543619,3.487090478808283
-122.19578703389828,37.44062680790962,55.76595524245204,NA,"c(-122.195787033898, 37.4406268079096)",5454.261489233862,-122.1366045,37.4543619,3.389845549554918
-122.19394757062148,37.44062680790962,55.49314817762297,NA,"c(-122.193947570621, 37.4406268079096)",5298.174136844348,-122.1366045,37.4543619,3.292836629486854
-122.19210810734464,37.44062680790962,55.51645660772192,NA,"c(-122.192108107345, 37.4406268079096)",5142.501101375332,-122.1366045,37.4543619,3.196085209058628
-122.1902686440678,37.44062680790962,55.56107183222957,NA,"c(-122.190268644068, 37.4406268079096)",4987.281180518222,-122.1366045,37.4543619,3.0996154011921826
-122.18842918079096,37.44062680790962,55.44068078394412,NA,"c(-122.188429180791, 37.4406268079096)",4832.558036140726,-122.1366045,37.4543619,3.0034543419146833
-122.18658971751412,37.44062680790962,55.32028973565866,NA,"c(-122.186589717514, 37.4406268079096)",4678.380956650513,-122.1366045,37.4543619,2.907632664170611
-122.18475025423729,37.44062680790962,55.23907716944268,NA,"c(-122.184750254237, 37.4406268079096)",4524.805761883388,-122.1366045,37.4543619,2.8121850602134173
-122.18291079096043,37.440626807909624,55.50489790090069,NA,"c(-122.18291079096, 37.4406268079096)",4371.895881065458,-122.1366045,37.4543619,2.717150951563367
-122.1810713276836,37.44062680790962,56.01650982019419,NA,"c(-122.181071327684, 37.4406268079096)",4219.72364170447,-122.1366045,37.4543619,2.622575290058714
-122.17923186440676,37.44062680790962,56.72009519066523,0.83,"c(-122.179231864407, 37.4406268079096)",4068.371816307427,-122.1366045,37.4543619,2.52850951914694
-122.17739240112994,37.44062680790962,57.09912183884444,0.82,"c(-122.17739240113, 37.4406268079096)",3917.935485105794,-122.1366045,37.4543619,2.4350127315760064
-122.17555293785308,37.44062680790962,57.48681527775625,0.82,"c(-122.175552937853, 37.4406268079096)",3768.524287038083,-122.1366045,37.4543619,2.342153068389113
-122.17371347457627,37.44062680790962,57.874508716660785,0.96,"c(-122.173713474576, 37.4406268079096)",3620.26514855377,-122.1366045,37.4543619,2.250009414887365
-122.17187401129944,37.44062680790962,58.262202155572595,0.96,"c(-122.171874011299, 37.4406268079096)",3473.305600912983,-122.1366045,37.4543619,2.1586734623449244
-122.16819508474578,37.44062680790962,56.617183151684,0.83,"c(-122.168195084746, 37.4406268079096)",3184.0035686117553,-122.1366045,37.4543619,1.9788710805542296
-122.16267669491523,37.44062680790962,57.97279526786588,0.83,"c(-122.162676694915, 37.4406268079096)",2765.199121795431,-122.1366045,37.4543619,1.718582424981623
-122.1608372316384,37.44062680790962,58.61803938624507,0.83,"c(-122.160837231638, 37.4406268079096)",2630.928332049706,-122.1366045,37.4543619,1.635132586730706
-122.1589977683616,37.44062680790962,59.185288368760666,0.96,"c(-122.158997768362, 37.4406268079096)",2500.0458403046155,-122.1366045,37.4543619,1.5537885893751495
-122.15715830508476,37.44062680790962,59.31571202594933,0.83,"c(-122.157158305085, 37.4406268079096)",2373.1123296522887,-122.1366045,37.4543619,1.4748988997217456
-122.15531884180793,37.44062680790962,58.62993121720501,0.47,"c(-122.155318841808, 37.4406268079096)",2248.6106267730866,-122.1362444,37.4540135,1.397520588423298
-122.15347937853107,37.44062680790962,57.82655524595975,0.47,"c(-122.153479378531, 37.4406268079096)",2129.1506347160966,-122.1362444,37.4540135,1.323275720768239
-122.15163991525422,37.44062680790962,57.65652658943145,0.47,"c(-122.151639915254, 37.4406268079096)",2015.7636162114743,-122.1362444,37.4540135,1.252805230709431
-122.1498004519774,37.44062680790962,57.352088943182025,0.47,"c(-122.149800451977, 37.4406268079096)",1909.5317081465153,-122.1362444,37.4540135,1.1867816706939187
-122.14796098870058,37.44062680790962,57.19996306415692,0.2,"c(-122.147960988701, 37.4406268079096)",1811.7139921589935,-122.1362444,37.4540135,1.1259875650459874
-122.14612152542374,37.44062680790962,57.484151694661705,0.47,"c(-122.146121525424, 37.4406268079096)",1723.7435109325916,-122.1362444,37.4540135,1.071313555582717
-122.14428206214691,37.44062680790962,57.721080444960535,0.47,"c(-122.144282062147, 37.4406268079096)",1646.7034747040489,-122.1361164,37.4539592,1.0234328618421684
-122.14244259887008,37.44062680790962,57.63950830575777,0.47,"c(-122.14244259887, 37.4406268079096)",1582.0571456396028,-122.1361164,37.4539592,0.9832549071719098
-122.14060313559324,37.44062680790962,58.112601824502235,0.47,"c(-122.140603135593, 37.4406268079096)",1532.0460783743374,-122.1361164,37.4539592,0.9521728268330252
-122.1387636723164,37.440626807909624,58.10388246970251,0.47,"c(-122.138763672316, 37.4406268079096)",1498.1366614038618,-122.1361164,37.4539592,0.9310979871994168
-122.13692420903956,37.44062680790962,57.98472536263717,0.47,"c(-122.13692420904, 37.4406268079096)",1399.4815298066972,-122.1260148,37.4314986,0.8697834243671206
-122.13508474576274,37.4406268079096,57.63552201604398,0.47,"c(-122.135084745763, 37.4406268079096)",1288.7403310977866,-122.1247436,37.4324515,0.8009573219998674
-122.13324528248587,37.44062680790962,57.44434231848573,0.67,"c(-122.133245282486, 37.4406268079096)",1178.7192509106342,-122.1247436,37.4324515,0.7325787762030045
-122.13140581920904,37.44062680790962,57.63443316940902,0.67,"c(-122.131405819209, 37.4406268079096)",1069.08385020385,-122.1234409,37.4333846,0.6644399317612493
-122.1295663559322,37.44062680790962,57.59605733592616,0.47,"c(-122.129566355932, 37.4406268079096)",963.4855922483836,-122.12229435405878,37.434179139436026,0.5988101878485913
-122.12772689265536,37.440626807909624,57.68826568060467,0.47,"c(-122.127726892655, 37.4406268079096)",854.5271560852256,-122.12127889144566,37.4349071041475,0.5310920796054851
-122.12588742937852,37.44062680790962,57.06474228860315,0.47,"c(-122.125887429379, 37.4406268079096)",742.6063367078422,-122.1198198,37.436005,0.4615328382273724
-122.12404796610171,37.44062680790962,56.4928081620219,0.47,"c(-122.124047966102, 37.4406268079096)",634.1201053722776,-122.11943117230236,37.43626657337581,0.3941082071922173
-122.12220850282488,37.44062680790962,56.132203098459286,0.47,"c(-122.122208502825, 37.4406268079096)",528.9876929132917,-122.11835810450492,37.436988806227504,0.32876798813753366
-122.12036903954802,37.44062680790962,56.07464308029285,0.47,"c(-122.120369039548, 37.4406268079096)",417.8217988675122,-122.1171897,37.4378437,0.2596779359027422
-122.1185295762712,37.44062680790962,55.96844618150499,0.47,"c(-122.118529576271, 37.4406268079096)",314.6103289236788,-122.1161909920122,37.43849615084967,0.19553159038140383
-122.11669011299438,37.44062680790962,56.54141776059987,0.2,"c(-122.116690112994, 37.4406268079096)",209.5732993292734,-122.1151179,37.4392147,0.13025065216238246
-122.11485064971752,37.44062680790962,56.54553605106776,0.95,"c(-122.114850649718, 37.4406268079096)",108.55193799756512,-122.1140721,37.439871,0.06746546799102866
-122.11301118644069,37.440626807909624,56.8416484719055,0,"c(-122.113011186441, 37.4406268079096)",17.685502165041562,-122.11293750497369,37.440479097202704,0.01099161104104509
-122.11117172316388,37.44062680790962,57.70463938503417,0.02,"c(-122.111171723164, 37.4406268079096)",12.405067863852167,-122.11119048225972,37.440737243845334,0.00770979979108276
-122.10933225988704,37.44062680790962,57.27721495768492,NA,"c(-122.109332259887, 37.4406268079096)",67.71850098078149,-122.1095811,37.4412038,0.04208732192714821
-122.1074927966102,37.44062680790962,56.89583949032385,NA,"c(-122.10749279661, 37.4406268079096)",144.08172354921177,-122.1084113,37.4416987,0.0895473732437612
-122.19762649717514,37.44216875706214,56.11465997757841,NA,"c(-122.197626497175, 37.4421687570621)",5566.615430406259,-122.1366045,37.4543619,3.4596739778783463
-122.19578703389828,37.44216875706214,55.863765827514726,NA,"c(-122.195787033898, 37.4421687570621)",5408.875675101965,-122.1366045,37.4543619,3.3616380827234087
-122.19394757062148,37.44216875706214,55.57521726523191,NA,"c(-122.193947570621, 37.4421687570621)",5251.442782835758,-122.1366045,37.4543619,3.263792904186301
-122.19210810734464,37.44216875706216,55.69611974642612,NA,"c(-122.192108107345, 37.4421687570622)",5094.345203128634,-122.1366045,37.4543619,3.166156123759251
-122.1902686440678,37.44216875706214,55.41928998630465,NA,"c(-122.190268644068, 37.4421687570621)",4937.614941559997,-122.1366045,37.4543619,3.0687476330391528
-122.18842918079096,37.44216875706214,55.29889893801919,NA,"c(-122.188429180791, 37.4421687570621)",4781.288120309399,-122.1366045,37.4543619,2.9715898821065254
-122.18658971751412,37.44216875706214,55.17850788973374,NA,"c(-122.186589717514, 37.4421687570621)",4625.405645357404,-122.1366045,37.4543619,2.874708294193539
-122.18475025423729,37.44216875706214,55.00930553500075,NA,"c(-122.184750254237, 37.4421687570621)",4470.014003976959,-122.1366045,37.4543619,2.778131761328129
-122.18291079096043,37.44216875706214,55.563153116025205,NA,"c(-122.18291079096, 37.4421687570621)",4315.166222164876,-122.1366045,37.4543619,2.6818932393815262
-122.1810713276836,37.44216875706214,56.2943914273601,NA,"c(-122.181071327684, 37.4421687570621)",4160.923019243646,-122.1366045,37.4543619,2.5860304656579527
-122.17923186440676,37.44216875706214,56.65470596885643,NA,"c(-122.179231864407, 37.4421687570621)",4007.3542066744194,-122.1366045,37.4543619,2.4905868282625354
-122.17739240112994,37.44216875706214,56.9337757486428,NA,"c(-122.17739240113, 37.4421687570621)",3854.5403905531743,-122.1366045,37.4543619,2.3956124242095553
-122.17555293785308,37.44216875706214,57.321469187550974,0.82,"c(-122.175552937853, 37.4421687570621)",3702.5750534609,-122.1366045,37.4543619,2.3011653533007457
-122.17371347457627,37.44216875706214,57.70916262645915,0.96,"c(-122.173713474576, 37.4421687570621)",3551.567111928721,-122.1366045,37.4543619,2.207313307600199
-122.17187401129944,37.44216875706214,57.95475321410413,0.96,"c(-122.171874011299, 37.4421687570621)",3401.64407233138,-122.1366045,37.4543619,2.114135532834916
-122.17003454802258,37.44216875706214,57.83243855017645,0.96,"c(-122.170034548023, 37.4421687570621)",3252.955941882204,-122.1366045,37.4543619,2.021725259093974
-122.16451615819209,37.44216875706214,58.96507940516199,0.83,"c(-122.164516158192, 37.4421687570621)",2816.249524226909,-122.1366045,37.4543619,1.7503104563249905
-122.16267669491523,37.44216875706214,58.59292215619644,0.5,"c(-122.162676694915, 37.4421687570621)",2674.649030074293,-122.1366045,37.4543619,1.6623051771748247
-122.1608372316384,37.44216875706214,58.844826982400264,0.83,"c(-122.160837231638, 37.4421687570621)",2535.590662514722,-122.1366045,37.4543619,1.5758798399718597
-122.1589977683616,37.44216875706214,59.15972053310543,0.96,"c(-122.158997768362, 37.4421687570621)",2399.5164313366395,-122.1366045,37.4543619,1.4913091555852327
-122.15715830508476,37.44216875706214,58.642648014189035,0.47,"c(-122.157158305085, 37.4421687570621)",2266.96376759438,-122.1366045,37.4543619,1.4089271395863143
-122.15531884180793,37.44216875706214,58.22734080866212,0.47,"c(-122.155318841808, 37.4421687570621)",2138.5875867192944,-122.1366045,37.4543619,1.3291408245614011
-122.15347937853107,37.44216875706214,57.7759133058571,0.47,"c(-122.153479378531, 37.4421687570621)",2013.4547174658203,-122.1362444,37.4540135,1.2513702408115728
-122.15163991525422,37.44216875706214,57.44855876071233,0.47,"c(-122.151639915254, 37.4421687570621)",1893.1534736996944,-122.1362444,37.4540135,1.176602531820817
-122.1498004519774,37.44216875706214,57.28785570312539,0.47,"c(-122.149800451977, 37.4421687570621)",1779.619908898251,-122.1362444,37.4540135,1.1060409626465202
-122.14796098870058,37.44216875706214,57.17344682446219,0.47,"c(-122.147960988701, 37.4421687570621)",1674.2313863163845,-122.1362444,37.4540135,1.0405415701158385
-122.14612152542374,37.44216875706214,57.5587007951799,0.47,"c(-122.146121525424, 37.4421687570621)",1578.6200364443505,-122.1362444,37.4540135,0.9811187299219082
-122.14428206214691,37.44216875706214,57.99874057985653,0.47,"c(-122.144282062147, 37.4421687570621)",1494.6633312815277,-122.1362444,37.4540135,0.9289392984969096
-122.14244259887008,37.44216875706214,57.85170670946536,0.47,"c(-122.14244259887, 37.4421687570621)",1423.280115826362,-122.1361164,37.4539592,0.8845743417193053
-122.14060313559324,37.44216875706214,58.43268092522521,0.47,"c(-122.140603135593, 37.4421687570621)",1367.4757249292577,-122.1361164,37.4539592,0.8498916873395013
-122.1387636723164,37.44216875706214,58.16792379595063,0.47,"c(-122.138763672316, 37.4421687570621)",1329.375882452015,-122.1361164,37.4539592,0.826212481325056
-122.13692420903956,37.44216875706214,57.9660216803336,0.47,"c(-122.13692420904, 37.4421687570621)",1297.4371859591074,-122.1287803,37.4518898,0.8063624524295261
-122.13508474576274,37.44216875706213,57.596249668462406,0.47,"c(-122.135084745763, 37.4421687570621)",1214.3123368964832,-122.1286737,37.4518425,0.7547000229313133
-122.13324528248587,37.44216875706214,57.35651532521388,0.47,"c(-122.133245282486, 37.4421687570621)",1147.3314693124555,-122.1286737,37.4518425,0.7130711431401217
-122.13140581920904,37.44216875706214,57.37789547212378,0.47,"c(-122.131405819209, 37.4421687570621)",1098.9721648225147,-122.1284468,37.4517855,0.6830156400388532
-122.1295663559322,37.44216875706214,56.99239013922124,0.47,"c(-122.129566355932, 37.4421687570621)",1071.9119627479015,-122.1284468,37.4517855,0.6661976151323192
-122.12772689265536,37.44216875706214,56.69833167371689,0.47,"c(-122.127726892655, 37.4421687570621)",978.5894562212876,-122.1198198,37.436005,0.6081973003239824
-122.12588742937852,37.44216875706214,56.69058741491608,0.47,"c(-122.125887429379, 37.4421687570621)",869.6632850353485,-122.1198198,37.436005,0.5404992448945609
-122.12404796610171,37.44216875706214,56.37781433723103,0.47,"c(-122.124047966102, 37.4421687570621)",765.052037946397,-122.1184791714251,37.436907322807855,0.4754829322227452
-122.12220850282488,37.44216875706214,56.34629001136637,0.47,"c(-122.122208502825, 37.4421687570621)",653.9755866734307,-122.1171897,37.4378437,0.4064484690325859
-122.12036903954802,37.44216875706214,55.90513380119228,0.47,"c(-122.120369039548, 37.4421687570621)",550.5824250266711,-122.1164422,37.4383209,0.3421892013838851
-122.1185295762712,37.44216875706214,55.845942764186475,0.2,"c(-122.118529576271, 37.4421687570621)",443.8537658268163,-122.1154613,37.4390052,0.2758569085312718
-122.11669011299438,37.44216875706214,56.05790140904719,0.83,"c(-122.116690112994, 37.4421687570621)",344.5440255126809,-122.1140721,37.439871,0.21413550373690543
-122.11485064971752,37.44216875706214,56.80504120525717,0,"c(-122.114850649718, 37.4421687570621)",245.51417285961625,-122.1133175,37.4403251,0.15258805025457817
-122.11301118644069,37.44216875706214,56.91299369957051,0,"c(-122.113011186441, 37.4421687570621)",180.9814844452912,-122.1126847,37.440559,0.1124807237074526
-122.11117172316388,37.44216875706214,57.78624077462155,0,"c(-122.111171723164, 37.4421687570621)",143.1447527928243,-122.1108098,37.4409117,0.0889650421335142
-122.10933225988704,37.44216875706214,57.31978038826492,0.02,"c(-122.109332259887, 37.4421687570621)",77.34852250957044,-122.10898632528053,37.44153051099852,0.0480724192104229
-122.1074927966102,37.44216875706214,56.93840492090385,NA,"c(-122.10749279661, 37.4421687570621)",63.731567900405864,-122.1081148,37.4424582,0.03960942691137717
-122.19762649717514,37.443710706214695,55.79856276503597,NA,"c(-122.197626497175, 37.4437107062147)",5527.450906590124,-122.1366045,37.4543619,3.4353330681107046
-122.19578703389828,37.443710706214695,55.96157641258105,NA,"c(-122.195787033898, 37.4437107062147)",5368.563846408504,-122.1366045,37.4543619,3.3365841183396543
-122.19394757062148,37.443710706214695,55.67302785029824,NA,"c(-122.193947570621, 37.4437107062147)",5209.916261108891,-122.1366045,37.4543619,3.2379840031751965
-122.19210810734464,37.443710706214695,55.40175759095291,NA,"c(-122.192108107345, 37.4437107062147)",5051.53071353084,-122.1366045,37.4543619,3.1395467455132633
-122.1902686440678,37.443710706214695,55.78600462754548,NA,"c(-122.190268644068, 37.4437107062147)",4893.432647900166,-122.1366045,37.4543619,3.0412881590429865
-122.18842918079096,37.443710706214695,55.61786069124719,NA,"c(-122.188429180791, 37.4437107062147)",4735.650856825657,-122.1366045,37.4543619,2.943226138487046
-122.18658971751412,37.44371070621468,55.12605170073948,NA,"c(-122.186589717514, 37.4437107062147)",4578.2180403481,-122.1366045,37.4543619,2.84538100705289
-122.18475025423729,37.443710706214695,55.284946608135215,NA,"c(-122.184750254237, 37.4437107062147)",4421.171478435145,-122.1366045,37.4543619,2.7477759343910164
-122.18291079096043,37.4437107062147,55.4938838329399,NA,"c(-122.18291079096, 37.4437107062147)",4264.5538440264,-122.1366045,37.4543619,2.65043744190578
-122.1810713276836,37.443710706214695,56.02299386710456,NA,"c(-122.181071327684, 37.4437107062147)",4108.414191155058,-122.1366045,37.4543619,2.5533960168769783
-122.17923186440676,37.443710706214695,56.38073621953299,NA,"c(-122.179231864407, 37.4437107062147)",3952.809162439633,-122.1366045,37.4543619,2.456686862920841
-122.17739240112994,37.44371070621468,56.76842965844117,NA,"c(-122.17739240113, 37.4437107062147)",3797.804472963018,-122.1366045,37.4543619,2.36035082222686
-122.17555293785308,37.44371070621468,57.08188399667233,NA,"c(-122.175552937853, 37.4437107062147)",3643.476744412033,-122.1366045,37.4543619,2.264435515482929
-122.17371347457627,37.443710706214695,57.52908307274993,0.2,"c(-122.173713474576, 37.4437107062147)",3489.9157857734253,-122.1366045,37.4543619,2.1689967593371193
-122.17187401129944,37.443710706214695,57.96428359964921,0.96,"c(-122.171874011299, 37.4437107062147)",3337.2274464600537,-122.1366045,37.4543619,2.074100339627131
-122.17003454802258,37.443710706214695,57.01430175841051,0.96,"c(-122.170034548023, 37.4437107062147)",3185.5372074911434,-122.1366045,37.4543619,1.979824243313327
-122.16819508474578,37.44371070621468,57.13203769537358,0.96,"c(-122.168195084746, 37.4437107062147)",3034.9947289773013,-122.1366045,37.4543619,1.886261484759044
-122.16635562146894,37.443710706214695,58.00727518036001,0.2,"c(-122.166355621469, 37.4437107062147)",2885.7796422346187,-122.1366045,37.4543619,1.7935237055529016
-122.16451615819209,37.44371070621468,58.88251266533916,0.83,"c(-122.164516158192, 37.4437107062147)",2738.1089672487087,-122.1366045,37.4543619,1.7017457844926718
-122.16267669491523,37.443710706214695,58.85632089998626,0.82,"c(-122.162676694915, 37.4437107062147)",2592.2466557409643,-122.1366045,37.4543619,1.6110917686395054
-122.1608372316384,37.443710706214695,58.81125014577174,0.83,"c(-122.160837231638, 37.4437107062147)",2448.5159110909735,-122.1366045,37.4543619,1.5217625301994864
-122.1589977683616,37.443710706214695,58.71897795928999,0.83,"c(-122.158997768362, 37.4437107062147)",2307.3151160577195,-122.1366045,37.4543619,1.4340056656666995
-122.15715830508476,37.443710706214695,58.55814852980984,0.2,"c(-122.157158305085, 37.4437107062147)",2169.1383907504114,-122.1366045,37.4543619,1.3481282726851531
-122.15531884180793,37.443710706214695,58.51774032089088,0.82,"c(-122.155318841808, 37.4437107062147)",2034.6019530646224,-122.1366045,37.4543619,1.2645133331663283
-122.15347937853107,37.443710706214695,58.17263607562563,0.47,"c(-122.153479378531, 37.4437107062147)",1904.4774329390784,-122.1366045,37.4543619,1.1836404182343556
-122.15163991525422,37.44371070621468,57.94956524409645,0.47,"c(-122.151639915254, 37.4437107062147)",1778.575620518027,-122.1362444,37.4540135,1.1053919331995197
-122.1498004519774,37.4437107062147,57.702047744103766,0.47,"c(-122.149800451977, 37.4437107062147)",1657.2135470287171,-122.1362444,37.4540135,1.0299649142502902
-122.14796098870058,37.443710706214695,57.262810907981475,0.47,"c(-122.147960988701, 37.4437107062147)",1543.4921202339715,-122.1362444,37.4540135,0.959286588088236
-122.14612152542374,37.443710706214695,57.47803924418258,0.47,"c(-122.146121525424, 37.4437107062147)",1439.223676968532,-122.1362444,37.4540135,0.8944833293775836
-122.14428206214691,37.443710706214695,57.813389295259185,0.2,"c(-122.144282062147, 37.4437107062147)",1346.6058599112534,-122.1362444,37.4540135,0.8369209819212265
-122.14244259887008,37.443710706214695,57.50424234954153,0.2,"c(-122.14244259887, 37.4437107062147)",1267.72308088391,-122.1361164,37.4539592,0.7878950160869546
-122.14060313559324,37.44371070621468,58.111405132731306,0.2,"c(-122.140603135593, 37.4437107062147)",1204.7358947176983,-122.1361164,37.4539592,0.7487482254305148
-122.1387636723164,37.443710706214695,58.07279191221642,0.83,"c(-122.138763672316, 37.4437107062147)",1161.3100633478225,-122.1361164,37.4539592,0.7217588958034944
-122.13692420903956,37.443710706214695,58.00399173521191,0.47,"c(-122.13692420904, 37.4437107062147)",1138.4162680337822,-122.1359542,37.4539388,0.7075303095300076
-122.13508474576274,37.44371070621468,57.53942308634214,0.47,"c(-122.135084745763, 37.4437107062147)",1065.4797498662251,-122.1287803,37.4518898,0.66219996884165655
-122.13324528248587,37.443710706214695,57.16225599731115,0.83,"c(-122.133245282486, 37.4437107062147)",989.0275665236396,-122.1286737,37.4518425,0.6146846280445244
-122.13140581920904,37.4437107062147,56.82335484445139,0.47,"c(-122.131405819209, 37.4437107062147)",933.6557530851712,-122.1284468,37.4517855,0.5802708223027789
-122.1295663559322,37.443710706214695,56.36866962231579,0.47,"c(-122.129566355932, 37.4437107062147)",901.6483281422182,-122.1284468,37.4517855,0.5603780783978982
-122.12772689265536,37.44371070621468,56.212771587413954,0.47,"c(-122.127726892655, 37.4437107062147)",898.4506688323221,-122.1284468,37.4517855,0.5583907202189696
-122.12588742937852,37.443710706214695,56.65607124891539,0.47,"c(-122.125887429379, 37.4437107062147)",921.5033636588324,-122.1282305,37.4518007,0.5727180631813751
-122.12404796610171,37.443710706214695,56.56477601116785,0.47,"c(-122.124047966102, 37.4437107062147)",890.1457894384006,-122.1171897,37.4378437,0.5532292041257928
-122.12220850282488,37.443710706214695,56.598592455715334,0.82,"c(-122.122208502825, 37.4437107062147)",786.2753845473628,-122.1164422,37.4383209,0.48867332787281714
-122.12036903954802,37.443710706214695,56.64543216992752,0.82,"c(-122.120369039548, 37.4437107062147)",679.2374025868271,-122.1154613,37.4390052,0.4221487896748459
-122.1185295762712,37.4437107062147,55.74128760836811,0.2,"c(-122.118529576271, 37.4437107062147)",580.6863277285944,-122.1141135,37.4398408,0.36089889852616186
-122.11669011299438,37.443710706214695,56.33649712507031,0.01,"c(-122.116690112994, 37.4437107062147)",479.8615769316815,-122.1133175,37.4403251,0.29823590859644594
-122.11485064971752,37.443710706214695,56.94026584648964,0,"c(-122.114850649718, 37.4437107062147)",396.238886536394,-122.113009,37.4404565,0.2462640686988154
-122.11301118644069,37.443710706214695,57.03071332322634,0,"c(-122.113011186441, 37.4437107062147)",348.0281095339532,-122.1123504,37.4406195,0.21630087603104617
-122.11117172316388,37.443710706214695,57.81313709844835,0,"c(-122.111171723164, 37.4437107062147)",282.0060117847116,-122.10803395122096,37.44325099065129,0.17526787556538942
-122.10933225988704,37.4437107062147,57.36234581884128,0,"c(-122.109332259887, 37.4437107062147)",122.08456898325495,-122.1079738095404,37.44351195115506,0.07587605281743627
-122.1074927966102,37.443710706214695,56.98097035148021,NA,"c(-122.10749279661, 37.4437107062147)",27.163379931813814,-122.10762486337347,37.44393104157819,0.01688215036159963
-122.19578703389828,37.445252655367234,55.70785523277664,NA,"c(-122.195787033898, 37.4452526553672)",5333.441061047436,-122.1366045,37.4543619,3.314755165349556
-122.19394757062148,37.445252655367234,55.77083843536093,NA,"c(-122.193947570621, 37.4452526553672)",5173.71990635525,-122.1366045,37.4543619,3.215487822470634
-122.19210810734464,37.445252655367234,55.482289873081754,NA,"c(-122.192108107345, 37.4452526553672)",5014.194464408329,-122.1366045,37.4543619,3.1163421158535294
-122.1902686440678,37.44525265536721,55.487755550849215,NA,"c(-122.190268644068, 37.4452526553672)",4854.884027943205,-122.1366045,37.4543619,3.017330036011936
-122.18842918079096,37.445252655367234,55.631096589626395,NA,"c(-122.188429180791, 37.4452526553672)",4695.810479953864,-122.1366045,37.4543619,2.918465183315018
-122.18658971751412,37.445252655367234,55.71995545873506,NA,"c(-122.186589717514, 37.4452526553672)",4536.998737501913,-122.1366045,37.4543619,2.8197630438172236
-122.18475025423729,37.44525265536721,55.581211716361395,NA,"c(-122.184750254237, 37.4452526553672)",4378.477288586015,-122.1366045,37.4543619,2.7212413229248074
-122.18291079096043,37.445252655367234,56.01567511205212,NA,"c(-122.18291079096, 37.4452526553672)",4220.278845280252,-122.1366045,37.4543619,2.6229203513239603
-122.1810713276836,37.4452526553672,56.024848519989064,NA,"c(-122.181071327684, 37.4452526553672)",4062.441143001657,-122.1366045,37.4543619,2.524823581728811
-122.17923186440676,37.445252655367234,56.21539012932771,NA,"c(-122.179231864407, 37.4452526553672)",3905.007924763149,-122.1366045,37.4543619,2.4269782005986005
-122.17739240112994,37.445252655367234,56.66821240448917,NA,"c(-122.17739240113, 37.4452526553672)",3748.0301611300497,-122.1366045,37.4543619,2.3294158863455867
-122.17555293785308,37.445252655367234,57.103412931392086,NA,"c(-122.175552937853, 37.4452526553672)",3591.5675727496814,-122.1366045,37.4543619,2.2321737555933385
-122.17371347457627,37.445252655367234,57.538613458295,NA,"c(-122.173713474576, 37.4452526553672)",3435.6905442135862,-122.1366045,37.4543619,2.1352955526498363
-122.17187401129944,37.445252655367234,57.5127477744245,0.96,"c(-122.171874011299, 37.4452526553672)",3280.4825478932303,-122.1366045,37.4543619,2.0388331559311563
-122.17003454802258,37.445252655367234,56.939176389847944,0.96,"c(-122.170034548023, 37.4452526553672)",3126.0432377568145,-122.1366045,37.4543619,1.9428485007811152
-122.16819508474578,37.445252655367234,57.00126976905449,0.2,"c(-122.168195084746, 37.4452526553672)",2972.492430250672,-122.1366045,37.4543619,1.8474160536051412
-122.16635562146894,37.445252655367234,57.86910721821914,0.96,"c(-122.166355621469, 37.4452526553672)",2819.975269050978,-122.1366045,37.4543619,1.7526260217843246
-122.16451615819209,37.44525265536721,58.744344703198294,0.83,"c(-122.164516158192, 37.4452526553672)",2668.668981938308,-122.1366045,37.4543619,1.6585885531002538
-122.16267669491523,37.445252655367234,58.77469062327873,0.82,"c(-122.162676694915, 37.4452526553672)",2518.791793603487,-122.1366045,37.4543619,1.5654392750798551
-122.1608372316384,37.445252655367234,58.78709774996332,0.83,"c(-122.160837231638, 37.4452526553672)",2370.6147749993743,-122.1366045,37.4543619,1.4733466594153972
-122.1589977683616,37.44525265536721,58.75516590852931,0.83,"c(-122.158997768362, 37.4452526553672)",2224.477707509646,-122.1366045,37.4543619,1.382521881609475
-122.15715830508476,37.445252655367234,58.665727435705776,0.82,"c(-122.157158305085, 37.4452526553672)",2080.8104380373993,-122.1366045,37.4543619,1.2932320932488497
-122.15531884180793,37.445252655367234,58.61339689125453,0.47,"c(-122.155318841808, 37.4452526553672)",1940.1617033675975,-122.1366045,37.4543619,1.2058183364621489
-122.15347937853107,37.445252655367234,58.64401799375992,0.47,"c(-122.153479378531, 37.4452526553672)",1803.2379598723587,-122.1366045,37.4543619,1.1207196767385696
-122.15163991525422,37.445252655367234,58.305933251169336,0.47,"c(-122.151639915254, 37.4452526553672)",1670.955173953676,-122.1366045,37.4543619,1.0385053908972504
-122.1498004519774,37.445252655367234,57.97958749699319,0.47,"c(-122.149800451977, 37.4452526553672)",1544.098620977088,-122.1362444,37.4540135,0.95966353075021
-122.14796098870058,37.44525265536721,57.54579256391298,0.47,"c(-122.147960988701, 37.4452526553672)",1421.358225869841,-122.1362444,37.4540135,0.8833798793473219
-122.14612152542374,37.445252655367234,57.34158468511123,0.47,"c(-122.146121525424, 37.4452526553672)",1307.3876456897267,-122.1362444,37.4540135,0.8125467033497369
-122.14428206214691,37.445252655367234,57.34404117637496,0.47,"c(-122.144282062147, 37.4452526553672)",1204.6785052501316,-122.1362444,37.4540135,0.7487125576445814
-122.14244259887008,37.445252655367234,57.27065084919104,0.47,"c(-122.14244259887, 37.4452526553672)",1116.3434691265536,-122.1362444,37.4540135,0.693811975839996
-122.14060313559324,37.445252655367234,57.38736095803324,0.47,"c(-122.140603135593, 37.4452526553672)",1044.6824328330106,-122.1361164,37.4539592,0.649274352289006
-122.1387636723164,37.445252655367234,57.56019560264406,0.83,"c(-122.138763672316, 37.4452526553672)",994.2916983360016,-122.1361164,37.4539592,0.617956307231822
-122.13692420903956,37.445252655367234,57.30763564082383,0.47,"c(-122.13692420904, 37.4452526553672)",967.8545504921794,-122.1359542,37.4539388,0.6015255130467243
-122.13508474576274,37.445252655367234,57.46402975583624,0.47,"c(-122.135084745763, 37.4452526553672)",924.0278217654144,-122.1287803,37.4518898,0.5742870240928616
-122.13324528248587,37.445252655367234,56.96023865357347,0.47,"c(-122.133245282486, 37.4452526553672)",835.7964267363524,-122.1286737,37.4518425,0.5194508556472047
-122.13140581920904,37.445252655367234,56.65817405640337,0.47,"c(-122.131405819209, 37.4452526553672)",770.3008081597346,-122.1286737,37.4518425,0.4787450641141918
-122.1295663559322,37.445252655367234,55.84193602504092,0.47,"c(-122.129566355932, 37.4452526553672)",731.7911401310639,-122.1284468,37.4517855,0.45481114986393034
-122.12772689265536,37.445252655367234,56.138498517456355,0.47,"c(-122.127726892655, 37.4452526553672)",727.8477090620821,-122.1284468,37.4517855,0.45236029152397894
-122.12588742937852,37.445252655367234,56.6849597628825,0.47,"c(-122.125887429379, 37.4452526553672)",755.7373410323011,-122.1282305,37.4518007,0.4696938104613431
-122.12404796610171,37.4452526553672,57.32197834230101,0.47,"c(-122.124047966102, 37.4452526553672)",815.5517680801765,-122.1282305,37.4518007,0.5068687185085
-122.12220850282488,37.445252655367234,56.776138850549614,0.82,"c(-122.122208502825, 37.4452526553672)",849.8685790046798,-122.12416639999999,37.4527493,0.5281967551303168
-122.12036903954802,37.445252655367234,56.874847730103284,0.82,"c(-122.120369039548, 37.4452526553672)",815.4816340224297,-122.1151179,37.4392147,0.5068251299082844
-122.1185295762712,37.445252655367234,56.391328364567016,0.83,"c(-122.118529576271, 37.4452526553672)",715.4178034432906,-122.1133175,37.4403251,0.4446350549678624
-122.11669011299438,37.445252655367234,56.74625967094471,0,"c(-122.116690112994, 37.4452526553672)",623.0263144484061,-122.1133175,37.4403251,0.38721337131659794
-122.11485064971752,37.445252655367234,56.970024368658414,0,"c(-122.114850649718, 37.4452526553672)",555.0726148819632,-122.1126847,37.440559,0.3449798725183115
-122.11301118644069,37.4452526553672,57.19316796083291,0,"c(-122.113011186441, 37.4452526553672)",480.2377434865826,-122.1078801,37.4438434,0.29846969762994563
-122.11117172316388,37.445252655367234,57.747719888051506,0,"c(-122.111171723164, 37.4452526553672)",330.61520339006745,-122.1078801,37.4438434,0.20547868451837628
-122.10933225988704,37.44525265536724,57.404911249421275,0.02,"c(-122.109332259887, 37.4452526553672)",179.6772622743043,-122.10741820843226,37.44579671596384,0.11167014435941844
-122.1074927966102,37.445252655367234,57.02353578206021,0.02,"c(-122.10749279661, 37.4452526553672)",26.396335862764612,-122.1072139462418,37.44533784731924,0.01640542937399913
-122.19394757062148,37.44679460451977,55.61714770051458,NA,"c(-122.193947570621, 37.4467946045198)",5142.96626590839,-122.1366045,37.4543619,3.1963743106950835
-122.19210810734464,37.44679460451977,55.58010045814808,NA,"c(-122.192108107345, 37.4467946045198)",4982.459616099495,-122.1366045,37.4543619,3.0966187794279025
-122.1902686440678,37.44679460451977,55.51615828217473,NA,"c(-122.190268644068, 37.4467946045198)",4822.104197628007,-122.1366045,37.4543619,2.99695723904786
-122.18842918079096,37.44679460451977,55.80536582780769,NA,"c(-122.188429180791, 37.4467946045198)",4661.915616251943,-122.1366045,37.4543619,2.8973993885966083
-122.18658971751412,37.44679460451977,55.99124703419875,NA,"c(-122.186589717514, 37.4467946045198)",4501.911681434885,-122.1366045,37.4543619,2.79795629672771
-122.18475025423729,37.44679460451977,55.99385443953997,NA,"c(-122.184750254237, 37.4467946045198)",4342.112805594447,-122.1366045,37.4543619,2.698640649841173
-122.18291079096043,37.44679460451977,56.26441081807798,NA,"c(-122.18291079096, 37.4467946045198)",4182.542492408133,-122.1366045,37.4543619,2.5994670555675157
-122.1810713276836,37.44679460451977,56.02830894628005,NA,"c(-122.181071327684, 37.4467946045198)",4023.22793796434,-122.1366045,37.4543619,2.500452416385544
-122.17923186440676,37.44679460451977,56.242542263134965,NA,"c(-122.179231864407, 37.4467946045198)",3864.200775977505,-122.1366045,37.4543619,2.4016163927765724
-122.17739240112994,37.44679460451977,56.67774279003788,NA,"c(-122.17739240113, 37.4467946045198)",3705.498008368976,-122.1366045,37.4543619,2.3029819815841988
-122.17555293785308,37.44679460451977,57.1129433169408,NA,"c(-122.175552937853, 37.4467946045198)",3547.163176418805,-122.1366045,37.4543619,2.2045762438898726
-122.17371347457627,37.44679460451977,57.54814384384372,NA,"c(-122.173713474576, 37.4467946045198)",3389.2478469264224,-122.1366045,37.4543619,2.106431228667758
-122.17187401129944,37.44679460451977,57.00153740292808,NA,"c(-122.171874011299, 37.4467946045198)",3231.813514677315,-122.1366045,37.4543619,2.00858515517546
-122.17003454802258,37.44679460451977,56.976562273784566,0.5,"c(-122.170034548023, 37.4467946045198)",3074.9340607267454,-122.1366045,37.4543619,1.9110839407872875
-122.16819508474578,37.44679460451977,57.026159695294155,0.82,"c(-122.168195084746, 37.4467946045198)",2918.6989602921253,-122.1366045,37.4543619,1.8139831947123215
-122.16635562146894,37.44679460451977,57.73093925608555,0.47,"c(-122.166355621469, 37.4467946045198)",2763.2175127811565,-122.1366045,37.4543619,1.7173508469739942
-122.16451615819209,37.44679460451977,58.6061767410647,0.82,"c(-122.164516158192, 37.4467946045198)",2608.6244813231833,-122.1366045,37.4543619,1.6212706534016057
-122.16267669491523,37.44679460451977,58.55546944803336,0.83,"c(-122.162676694915, 37.4467946045198)",2455.0876982270397,-122.1366045,37.4543619,1.525846922453101
-122.1608372316384,37.446794604519816,58.591900370953226,0.96,"c(-122.160837231638, 37.4467946045198)",2302.818444323265,-122.1366045,37.4543619,1.4312109660181882
-122.1589977683616,37.44679460451977,58.847543437659624,0.83,"c(-122.158997768362, 37.4467946045198)",2152.0857857995975,-122.1366045,37.4543619,1.3375300098195138
-122.15715830508476,37.44679460451977,59.75791490429401,0.82,"c(-122.157158305085, 37.4467946045198)",2003.2366140792053,-122.1366045,37.4543619,1.24501964827794
-122.15531884180793,37.44679460451977,58.72706759999983,0.82,"c(-122.155318841808, 37.4467946045198)",1856.7239685559664,-122.1366045,37.4543619,1.1539614472069395
-122.15347937853107,37.44679460451977,58.68085559316387,0.82,"c(-122.153479378531, 37.4467946045198)",1713.147430877545,-122.1366045,37.4543619,1.064728049022713
-122.15163991525422,37.44679460451977,58.567845639921984,0.82,"c(-122.151639915254, 37.4467946045198)",1573.3110327295717,-122.1366045,37.4543619,0.977819162665986
-122.1498004519774,37.44679460451977,58.11586747343608,0.82,"c(-122.149800451977, 37.4467946045198)",1438.3060706832796,-122.1366045,37.4543619,0.8939130333643751
-122.14796098870058,37.44679460451977,57.85338396643783,0.47,"c(-122.147960988701, 37.4467946045198)",1309.6275660765475,-122.1366045,37.4543619,0.8139388229189234
-122.14612152542374,37.44679460451977,57.56130039681739,0.47,"c(-122.146121525424, 37.4467946045198)",1185.6366461449468,-122.1362444,37.4540135,0.7368779652858588
-122.14428206214691,37.44679460451977,57.30586393754356,0.47,"c(-122.144282062147, 37.4467946045198)",1071.3203988650191,-122.1362444,37.4540135,0.665829955789322
-122.14244259887008,37.44679460451977,57.03812913124875,0.47,"c(-122.14244259887, 37.4467946045198)",970.929474809604,-122.1362444,37.4540135,0.6034365909320101
-122.14060313559324,37.44679460451977,57.099994471445214,0.47,"c(-122.140603135593, 37.4467946045198)",888.7678732823139,-122.1361164,37.4539592,0.5523728236683119
-122.1387636723164,37.44679460451977,56.839231567966635,0.47,"c(-122.138763672316, 37.4467946045198)",828.954182829676,-122.1361164,37.4539592,0.5151983734180708
-122.13692420903956,37.446794604519816,56.596407211054725,0.47,"c(-122.13692420904, 37.4467946045198)",797.5383378989195,-122.1359542,37.4539388,0.4956732988806212
-122.13508474576274,37.44679460451977,56.641014113141864,0.47,"c(-122.135084745763, 37.4467946045198)",790.491186025771,-122.1315754,37.4533445,0.49129346552254255
-122.13324528248587,37.44679460451977,56.41259178202017,0.47,"c(-122.133245282486, 37.4467946045198)",689.8386402105517,-122.1287803,37.4518898,0.4287375016846188
-122.13140581920904,37.446794604519816,56.145878330469714,0.47,"c(-122.131405819209, 37.4467946045198)",610.180130994844,-122.1286737,37.4518425,0.3792294164045022
-122.1295663559322,37.44679460451977,55.81660552405265,0.47,"c(-122.129566355932, 37.4467946045198)",562.7086255180776,-122.1284468,37.4517855,0.34972568397643106
-122.12772689265536,37.44679460451977,56.01903411191597,0.47,"c(-122.127726892655, 37.4467946045198)",557.3910718602941,-122.1282305,37.4518007,0.3464208028963916
-122.12588742937852,37.44679460451977,56.652389429822506,0.47,"c(-122.125887429379, 37.4467946045198)",593.0291453069945,-122.1282305,37.4518007,0.3685700095133589
-122.12404796610171,37.446794604519766,57.33864786876802,0.47,"c(-122.124047966102, 37.4467946045198)",659.6187841788467,-122.1244008,37.4527312,0.4099557390794572
-122.12220850282488,37.44679460451977,56.47400327700234,0.47,"c(-122.122208502825, 37.4467946045198)",683.2180225793767,-122.12416639999999,37.4527493,0.4246227610810296
-122.12036903954802,37.44679460451977,57.61987349357514,0.95,"c(-122.120369039548, 37.4467946045198)",735.71446099326,-122.123647,37.4528866,0.4572495096291237
-122.1185295762712,37.446794604519816,57.16155959024036,0.91,"c(-122.118529576271, 37.4467946045198)",799.2491302519064,-122.1223765,37.4533102,0.4967365632392209
-122.11669011299438,37.44679460451979,57.15602221681911,0,"c(-122.116690112994, 37.4467946045198)",735.5780623102822,-122.10884887258752,37.44901049039795,0.4571647372966328
-122.11485064971752,37.44679460451977,57.22970376938247,0,"c(-122.114850649718, 37.4467946045198)",582.3045255235331,-122.1086437971712,37.44854983700053,0.3619046149928733
-122.11301118644069,37.446794604519766,57.35497413237323,0,"c(-122.113011186441, 37.4467946045198)",429.02993095968714,-122.10843895708322,37.44808970618176,0.26664383527637486
-122.11117172316388,37.44679460451977,57.68230267764011,0,"c(-122.111171723164, 37.4467946045198)",275.7542787199028,-122.10823443322482,37.44763027969392,0.17138239821000795
-122.10933225988704,37.44679460451977,57.44747668000127,0.02,"c(-122.109332259887, 37.4467946045198)",122.47756889557331,-122.1080301893131,37.44717147606003,0.07612030385057385
-122.1074927966102,37.44679460451977,57.066101212640206,0.02,"c(-122.10749279661, 37.4467946045198)",30.80019842532237,-122.107825674094,37.44671205697006,0.01914244774724821
-122.19210810734464,37.44833655367231,55.52644016825434,NA,"c(-122.192108107345, 37.4483365536723)",4956.433767659098,-122.1366045,37.4543619,3.080443609483591
-122.1902686440678,37.44833655367231,55.44028958739363,NA,"c(-122.190268644068, 37.4483365536723)",4795.211468696788,-122.1366045,37.4543619,2.9802432993765
-122.18842918079096,37.44833655367233,55.80001662242698,NA,"c(-122.188429180791, 37.4483365536723)",4634.096733121466,-122.1366045,37.4543619,2.8801098403489536
-122.18658971751412,37.44833655367231,56.261874465297296,NA,"c(-122.186589717514, 37.4483365536723)",4473.1011838517,-122.1366045,37.4543619,2.780050456091796
-122.18475025423729,37.44833655367231,56.646018672669925,NA,"c(-122.184750254237, 37.4483365536723)",4312.238170280478,-122.1366045,37.4543619,2.6800734433066986
-122.18291079096043,37.44833655367231,56.72025032808415,NA,"c(-122.18291079096, 37.4483365536723)",4151.523098962322,-122.1366045,37.4543619,2.5801883772295353
-122.1810713276836,37.44833655367231,56.52340129219556,NA,"c(-122.181071327684, 37.4483365536723)",3990.9738427424186,-122.1366045,37.4543619,2.4804063659057913
-122.17923186440676,37.44833655367231,56.38332344581886,NA,"c(-122.179231864407, 37.4483365536723)",3830.6112507598145,-122.1366045,37.4543619,2.3807403671596115
-122.17739240112994,37.44833655367231,56.68727317558296,NA,"c(-122.17739240113, 37.4483365536723)",3670.459789273776,-122.1366045,37.4543619,2.2812055868699663
-122.17555293785308,37.44833655367231,57.12247370248588,NA,"c(-122.175552937853, 37.4483365536723)",3510.548353830293,-122.1366045,37.4543619,2.181819983735421
-122.17371347457627,37.44833655367233,57.193056998657994,NA,"c(-122.173713474576, 37.4483365536723)",3350.9113080833995,-122.1366045,37.4543619,2.0826049149057795
-122.17187401129944,37.44833655367231,56.964350736212054,NA,"c(-122.171874011299, 37.4483365536723)",3191.5898256563446,-122.1366045,37.4543619,1.9835859699542229
-122.17003454802258,37.44833655367233,57.01394815772119,NA,"c(-122.170034548023, 37.4483365536723)",3032.633642027184,-122.1366045,37.4543619,1.8847940596812829
-122.16819508474578,37.44833655367231,57.06354557923123,NA,"c(-122.168195084746, 37.4483365536723)",2874.1033679429834,-122.1366045,37.4543619,1.7862668539111146
-122.16635562146894,37.44833655367231,57.59277129394468,0.82,"c(-122.166355621469, 37.4483365536723)",2716.073582241612,-122.1366045,37.4543619,1.6880507036927357
-122.16451615819209,37.44833655367231,58.42269519962201,0.47,"c(-122.164516158192, 37.4483365536723)",2558.637022065417,-122.1366045,37.4543619,1.5902032455347528
-122.16267669491523,37.44833655367233,58.33094124191484,0.47,"c(-122.162676694915, 37.4483365536723)",2401.91034169793,-122.1366045,37.4543619,1.4927969805456371
-122.1608372316384,37.44833655367234,58.400485745297374,0.82,"c(-122.160837231638, 37.4483365536723)",2246.042150327817,-122.1366045,37.4543619,1.3959242699364929
-122.1589977683616,37.44833655367231,59.45424077346979,0.96,"c(-122.158997768362, 37.4483365536723)",2091.224417765283,-122.1366045,37.4543619,1.2997044237198774
-122.15715830508476,37.44833655367231,59.30743668014475,0.83,"c(-122.157158305085, 37.4483365536723)",1937.7089469311888,-122.1366045,37.4543619,1.2042939384283335
-122.15531884180793,37.44833655367231,58.920869948371546,0.82,"c(-122.155318841808, 37.4483365536723)",1785.8316085127742,-122.1366045,37.4543619,1.109901559050823
-122.15347937853107,37.44833655367231,58.260169316925385,0.47,"c(-122.153479378531, 37.4483365536723)",1636.0486785319256,-122.1366045,37.4543619,1.0168108629782011
-122.15163991525422,37.44833655367233,58.458129429855035,0.47,"c(-122.151639915254, 37.4483365536723)",1488.9923427898752,-122.1366045,37.4543619,0.92541475623982306
-122.1498004519774,37.44833655367233,58.146908588190854,0.47,"c(-122.149800451977, 37.4483365536723)",1345.55686956648,-122.1366045,37.4543619,0.8362690301842636
-122.14796098870058,37.44833655367231,57.8601550680869,0.47,"c(-122.147960988701, 37.4483365536723)",1207.0337840014276,-122.1366045,37.4543619,0.7501763729033112
-122.14612152542374,37.44833655367233,57.500011747334824,0.47,"c(-122.146121525424, 37.4483365536723)",1075.3232055829333,-122.1366045,37.4543619,0.6683177163349492
-122.14428206214691,37.44833655367231,57.46410498489422,0.47,"c(-122.144282062147, 37.4483365536723)",950.1466602295338,-122.1362444,37.4540135,0.5905199877125754
-122.14244259887008,37.4483365536723,56.829197066324014,0.47,"c(-122.14244259887, 37.4483365536723)",835.3200177527722,-122.1362444,37.4540135,0.5191547655393239
-122.14060313559324,37.44833655367231,56.48424216741114,0.47,"c(-122.140603135593, 37.4483365536723)",738.7305384577247,-122.1362444,37.4540135,0.45912401395756663
-122.1387636723164,37.44833655367231,56.093110140340286,0.47,"c(-122.138763672316, 37.4483365536723)",666.5495306038432,-122.1361164,37.4539592,0.4142632259812574
-122.13692420903956,37.4483365536723,55.85991652752273,0.47,"c(-122.13692420904, 37.4483365536723)",627.6675504105725,-122.1359542,37.4539388,0.3900979182166393
-122.13508474576274,37.44833655367231,55.72106441271899,0.47,"c(-122.135084745763, 37.4483365536723)",625.0611656231911,-122.1355208,37.4539577,0.3884780395420703
-122.13324528248587,37.44833655367231,55.81296099827159,0.47,"c(-122.133245282486, 37.4483365536723)",556.1879879210422,-122.1289669,37.4520079,0.34567308136795666
-122.13140581920904,37.44833655367231,55.951656718505546,0.47,"c(-122.131405819209, 37.4483365536723)",457.70271240844585,-122.1287803,37.4518898,0.28446408477840013
-122.1295663559322,37.44833655367231,55.69045863538486,0.47,"c(-122.129566355932, 37.4483365536723)",395.3959116819163,-122.1284468,37.4517855,0.2457401564213277
-122.12772689265536,37.44833655367231,55.898127822811034,0.47,"c(-122.127726892655, 37.4483365536723)",387.045852764809,-122.1282305,37.4518007,0.2405505610719758
-122.12588742937852,37.44833655367231,56.56327617302304,0.96,"c(-122.125887429379, 37.4483365536723)",436.8093529851749,-122.1282305,37.4518007,0.2714787774923399
-122.12404796610171,37.44833655367231,57.9093447268242,0.95,"c(-122.124047966102, 37.4483365536723)",488.7428415440072,-122.1244008,37.4527312,0.3037556504313283
-122.12220850282488,37.44833655367231,57.663131110610266,0.95,"c(-122.122208502825, 37.4483365536723)",518.3582678214731,-122.1240015,37.4527829,0.3221617575024693
-122.12036903954802,37.44833655367231,58.50601226013168,0.83,"c(-122.120369039548, 37.4483365536723)",578.536591943331,-122.1225532,37.4532498,0.35956282905116904
-122.1185295762712,37.44833655367233,58.110858163039666,0.83,"c(-122.118529576271, 37.4483365536723)",644.7481665298161,-122.11842260562427,37.45412783817133,0.4007135901366166
-122.11669011299438,37.44833655367231,57.585397314869624,0,"c(-122.116690112994, 37.4483365536723)",642.094853075704,-122.1165865520363,37.45410404643877,0.3990645451060933
-122.11485064971752,37.44833655367231,57.4893831701047,0,"c(-122.114850649718, 37.4483365536723)",525.0953543647785,-122.10925517898356,37.44992314373456,0.32634888400545586
-122.11301118644069,37.44833655367231,57.44410583845456,0,"c(-122.113011186441, 37.4483365536723)",371.8239189598954,-122.1090507030614,37.44946384890162,0.2310900677190152
-122.11117172316388,37.44833655367231,57.63703984109088,0,"c(-122.111171723164, 37.4483365536723)",218.5514260096868,-122.10884643862582,37.44900502311432,0.13583059416388243
-122.10933225988704,37.44833655367231,57.56142982603342,0.02,"c(-122.109332259887, 37.4483365536723)",65.27787540394493,-122.108642150824,37.44854613884661,0.04057046327156304
-122.1074927966102,37.44833655367231,57.10866664322021,0.02,"c(-122.10749279661, 37.4483365536723)",87.99673270398394,-122.10843727957894,37.44808593799103,0.05469032486263762
-122.19210810734464,37.44987850282485,55.54882282100789,NA,"c(-122.192108107345, 37.4498785028249)",4936.207225617937,-122.1366045,37.4543619,3.067872731894305
-122.1902686440678,37.44987850282485,55.43573263599228,NA,"c(-122.190268644068, 37.4498785028249)",4774.305329674221,-122.1366045,37.4543619,2.96725004951785
-122.18842918079096,37.44987850282485,55.801882307001506,NA,"c(-122.188429180791, 37.4498785028249)",4612.463773975497,-122.1366045,37.4543619,2.866664868847419
-122.18658971751412,37.44987850282485,56.75627077666286,NA,"c(-122.186589717514, 37.4498785028249)",4450.689141093934,-122.1366045,37.4543619,2.7661212809782065
-122.18475025423729,37.44987850282483,57.01333421678282,NA,"c(-122.184750254237, 37.4498785028248)",4288.989003805742,-122.1366045,37.4543619,2.6656239924212195
-122.18291079096043,37.44987850282485,57.39683888933905,NA,"c(-122.18291079096, 37.4498785028249)",4127.372117839509,-122.1366045,37.4543619,2.565178444897146
-122.1810713276836,37.44987850282485,57.21804881560092,NA,"c(-122.181071327684, 37.4498785028249)",3965.84866128528,-122.1366045,37.4543619,2.4647909641300685
-122.17923186440676,37.44987850282485,56.86391171862215,NA,"c(-122.179231864407, 37.4498785028249)",3804.4305343329297,-122.1366045,37.4543619,2.3644689461360655
-122.17739240112994,37.44987850282485,56.79270187789007,NA,"c(-122.17739240113, 37.4498785028249)",3643.1317377553632,-122.1366045,37.4543619,2.2642210924520594
-122.17555293785308,37.44987850282485,57.13200408803095,NA,"c(-122.175552937853, 37.4498785028249)",3481.9688552448774,-122.1366045,37.4543619,2.1640577099098057
-122.17371347457627,37.44987850282485,56.99399702197843,NA,"c(-122.173713474576, 37.4498785028249)",3320.961674244414,-122.1366045,37.4543619,2.0639910964850303
-122.17187401129944,37.44987850282485,57.00173662014868,NA,"c(-122.171874011299, 37.4498785028249)",3160.133993634512,-122.1366045,37.4543619,1.9640360432781303
-122.17003454802258,37.44987850282485,57.051334041658265,NA,"c(-122.170034548023, 37.4498785028249)",2999.5146869263963,-122.1366045,37.4543619,1.8642104952929748
-122.16819508474578,37.44987850282485,57.10093146316785,NA,"c(-122.168195084746, 37.4498785028249)",2839.139119572356,-122.1366045,37.4543619,1.764536432301029
-122.16635562146894,37.44987850282485,57.45460333180381,0.47,"c(-122.166355621469, 37.4498785028249)",2679.0510647687593,-122.1366045,37.4543619,1.6650410595206708
-122.16451615819209,37.44987850282485,58.16188055058592,0.47,"c(-122.164516158192, 37.4498785028249)",2519.3053327247067,-122.1366045,37.4543619,1.5657584417182764
-122.16267669491523,37.44987850282485,58.10641303579632,0.47,"c(-122.162676694915, 37.4498785028249)",2359.9714396975146,-122.1366045,37.4543619,1.4667317835285982
-122.1608372316384,37.44987850282485,57.93333989700477,0.82,"c(-122.160837231638, 37.4498785028249)",2201.138822973325,-122.1366045,37.4543619,1.3680166705862804
-122.1589977683616,37.44987850282485,58.42352285241941,0.82,"c(-122.158997768362, 37.4498785028249)",2042.924405164661,-122.1366045,37.4543619,1.2696857707673468
-122.15715830508476,37.44987850282485,58.302739962506166,0.83,"c(-122.157158305085, 37.4498785028249)",1885.4838153866615,-122.1366045,37.4543619,1.171835808195563
-122.15531884180793,37.44987850282485,58.243415883251146,0.82,"c(-122.155318841808, 37.4498785028249)",1729.028454607098,-122.1366045,37.4543619,1.0745981694264126
-122.15347937853107,37.44987850282485,57.935637786766165,0.47,"c(-122.153479378531, 37.4498785028249)",1573.8521727599004,-122.1366045,37.4543619,0.97815548338092
-122.15163991525422,37.44987850282486,57.77966112957142,0.47,"c(-122.151639915254, 37.4498785028249)",1420.3742509832423,-122.1366045,37.4543619,0.8827683349802624
-122.1498004519774,37.44987850282485,57.81599236510056,0.47,"c(-122.149800451977, 37.4498785028249)",1269.2109558704938,-122.1366045,37.4543619,0.7888197364017985
-122.14796098870058,37.44987850282485,57.593634823271714,0.47,"c(-122.147960988701, 37.4498785028249)",1121.2987892488911,-122.1366045,37.4543619,0.6968917273144134
-122.14612152542374,37.44987850282485,57.60048744053347,0.47,"c(-122.146121525424, 37.4498785028249)",978.1137898046102,-122.1366045,37.4543619,0.6079016717244314
-122.14428206214691,37.44987850282485,57.39899567947214,0.47,"c(-122.144282062147, 37.4498785028249)",842.0708305859098,-122.1366045,37.4543619,0.5233504229868924
-122.14244259887008,37.44987850282485,56.74391639264286,0.2,"c(-122.14244259887, 37.4498785028249)",715.114849531467,-122.1362444,37.4540135,0.444446767887798
-122.14060313559324,37.44987850282485,56.049190773839655,0.47,"c(-122.140603135593, 37.4498785028249)",599.4627970870091,-122.1362444,37.4540135,0.3725685500851517
-122.1387636723164,37.44987850282485,55.624874832542446,0.47,"c(-122.138763672316, 37.4498785028249)",509.88797386613504,-122.1361164,37.4539592,0.31689743559113426
-122.13692420903956,37.44987850282485,55.65772351070245,0.47,"c(-122.13692420904, 37.4498785028249)",458.5063133228665,-122.1361164,37.4539592,0.28496352599308045
-122.13508474576274,37.44987850282485,55.58814179600313,0.47,"c(-122.135084745763, 37.4498785028249)",454.3754024790296,-122.1355208,37.4539577,0.28239614821568026
-122.13324528248587,37.44987850282483,56.19540035902901,0.47,"c(-122.133245282486, 37.4498785028248)",411.9742829617206,-122.1314291,37.4532964,0.25604368114463677
-122.13140581920904,37.44987850282485,56.56616402025975,0.47,"c(-122.131405819209, 37.4498785028249)",320.038578121328,-122.1289669,37.4520079,0.19890526918665505
-122.1295663559322,37.44987850282485,56.79484734147263,0.47,"c(-122.129566355932, 37.4498785028249)",231.84558643181265,-122.1286737,37.4518425,0.14409296857166726
-122.12772689265536,37.44987850282485,57.137730380898574,0.47,"c(-122.127726892655, 37.4498785028249)",217.9413416285598,-122.1282305,37.4518007,0.13545142425640758
-122.12588742937852,37.44987850282485,58.018022658237896,0.47,"c(-122.125887429379, 37.4498785028249)",295.16968360808147,-122.127967,37.451958,0.18344915078190271
-122.12404796610171,37.44987850282485,58.22386896554963,0.95,"c(-122.124047966102, 37.4498785028249)",318.1452997195512,-122.1244008,37.4527312,0.19772858901152965
-122.12220850282488,37.44987850282485,58.79896179708885,0.83,"c(-122.122208502825, 37.4498785028249)",357.29717882149396,-122.123647,37.4528866,0.2220616400382187
-122.12036903954802,37.44987850282485,58.7035180774983,0.83,"c(-122.120369039548, 37.4498785028249)",420.2537611613192,-122.1223765,37.4533102,0.26118941029292675
-122.1185295762712,37.44987850282485,58.95013181246759,0.83,"c(-122.118529576271, 37.4498785028249)",473.12200882140394,-122.1184586699046,37.45412830520942,0.29404723978956115
-122.11669011299438,37.44987850282485,58.02690250620071,0.83,"c(-122.116690112994, 37.4498785028249)",470.46874984973874,-122.1166224007338,37.454104511242306,0.2923982286200987
-122.11485064971752,37.44987850282485,57.749062570828755,0.83,"c(-122.114850649718, 37.4498785028249)",467.8123183875954,-122.11478606238772,37.454080687830995,0.2907472457349878
-122.11301118644069,37.44987850282485,57.65092959863614,0,"c(-122.113011186441, 37.4498785028249)",314.6179067403892,-122.10966272920447,37.45083856715296,0.19553630002510203
-122.11117172316388,37.44987850282486,57.73769522135444,0,"c(-122.111171723164, 37.4498785028249)",161.3485731089566,-122.10945848500874,37.45037980478497,0.10027878999935153
-122.10933225988704,37.44987850282485,57.68074590436299,0.02,"c(-122.109332259887, 37.4498785028249)",8.078181874109491,-122.10925399822618,37.44992049152875,0.00502062266880639
-122.1074927966102,37.44987850282485,57.15123207379656,0.02,"c(-122.10749279661, 37.4498785028249)",145.19326688949073,-122.10904884677248,37.449459679268664,0.09023820192013098
-122.1902686440678,37.45142045197741,55.45811528874674,NA,"c(-122.190268644068, 37.4514204519774)",4759.464675048769,-122.1366045,37.4543619,2.958026522715208
-122.18842918079096,37.45142045197741,55.62736312411289,NA,"c(-122.188429180791, 37.4514204519774)",4597.104073428187,-122.1366045,37.4543619,2.857118752907512
-122.18658971751412,37.45142045197741,56.24163990141824,NA,"c(-122.186589717514, 37.4514204519774)",4434.772567159363,-122.1366045,37.4543619,2.7562290659784727
-122.18475025423729,37.45142045197741,57.09991763815924,NA,"c(-122.184750254237, 37.4514204519774)",4272.473472719643,-122.1366045,37.4543619,2.6553595231321583
-122.18291079096043,37.45142045197741,58.04755927898805,NA,"c(-122.18291079096, 37.4514204519774)",4110.210629696839,-122.1366045,37.4543619,2.5545125106879047
-122.1810713276836,37.4514204519774,57.98021938410966,NA,"c(-122.181071327684, 37.4514204519774)",3947.988507970127,-122.1366045,37.4543619,2.4536908066936776
-122.17923186440676,37.45142045197741,57.30048334410458,NA,"c(-122.179231864407, 37.4514204519774)",3785.81234233515,-122.1366045,37.4543619,2.3528976645961155
-122.17739240112994,37.45142045197741,57.15304107990232,NA,"c(-122.17739240113, 37.4514204519774)",3623.688303081401,-122.1366045,37.4543619,2.252136919255066
-122.17555293785308,37.45142045197741,57.05475651237066,NA,"c(-122.175552937853, 37.4514204519774)",3461.6237142483856,-122.1366045,37.4543619,2.1514131225906685
-122.17371347457627,37.45142045197741,56.989525082576165,NA,"c(-122.173713474576, 37.4514204519774)",3299.62733582509,-122.1366045,37.4543619,2.0507317189714667
-122.17187401129944,37.45142045197741,57.0391225040853,NA,"c(-122.171874011299, 37.4514204519774)",3137.7097327667384,-122.1366045,37.4543619,1.9500992745598125
-122.17003454802258,37.45142045197741,57.08871992559534,NA,"c(-122.170034548023, 37.4514204519774)",2975.8837636530093,-122.1366045,37.4543619,1.849523781014922
-122.16819508474578,37.45142045197741,57.13831734710448,NA,"c(-122.168195084746, 37.4514204519774)",2814.165236576679,-122.1366045,37.4543619,1.7490150631303163
-122.16635562146894,37.45142045197741,57.31454868331639,NA,"c(-122.166355621469, 37.4514204519774)",2652.573802813024,-122.1366045,37.4543619,1.648585334252967
-122.16451615819209,37.45142045197741,57.888323153015335,0.82,"c(-122.164516158192, 37.4514204519774)",2491.134194891165,-122.1366045,37.4543619,1.5482499657496365
-122.16267669491523,37.45142045197741,57.88188482967689,0.82,"c(-122.162676694915, 37.4514204519774)",2329.8779735949643,-122.1366045,37.4543619,1.4480285727749933
-122.1608372316384,37.45142045197741,57.61040855220563,0.82,"c(-122.160837231638, 37.4514204519774)",2168.846044403352,-122.1366045,37.4543619,1.347946578249442
-122.1589977683616,37.45142045197741,57.57948668971585,0.47,"c(-122.158997768362, 37.4514204519774)",2008.092367068788,-122.1366045,37.4543619,1.2480375183771213
-122.15715830508476,37.45142045197741,57.37593689543064,0.83,"c(-122.157158305085, 37.4514204519774)",1847.689568935455,-122.1366045,37.4543619,1.1483465313458392
-122.15531884180793,37.45142045197741,57.46742503835958,0.82,"c(-122.155318841808, 37.4514204519774)",1687.7376958482664,-122.1366045,37.4543619,1.048935796052372
-122.15347937853107,37.45142045197741,57.559701147732994,0.47,"c(-122.153479378531, 37.4514204519774)",1528.37832862179,-122.1366045,37.4543619,0.9498933055449283
-122.15163991525422,37.45142045197741,57.71527418394089,0.47,"c(-122.151639915254, 37.4514204519774)",1369.8182724645003,-122.1366045,37.4543619,0.8513475900960227
-122.1498004519774,37.45142045197741,57.48951050246251,0.47,"c(-122.149800451977, 37.4514204519774)",1212.3711819052965,-122.1366045,37.4543619,0.753493587262459
-122.14796098870058,37.4514204519774,57.34584831627262,0.47,"c(-122.147960988701, 37.4514204519774)",1056.5347438415247,-122.1366045,37.4543619,0.6566406114614821
-122.14612152542374,37.45142045197741,57.4743310388676,0.47,"c(-122.146121525424, 37.4514204519774)",903.1430929862072,-122.1366045,37.4543619,0.5613070807869529
-122.14428206214691,37.45142045197741,57.19996702005119,0.47,"c(-122.144282062147, 37.4514204519774)",753.6904054238016,-122.1366045,37.4543619,0.4684216317114988
-122.14244259887008,37.45142045197741,56.66791076770585,0.47,"c(-122.14244259887, 37.4514204519774)",611.07365144423,-122.1366045,37.4543619,0.37978474297341824
-122.14060313559324,37.45142045197741,56.06380939931114,0.47,"c(-122.140603135593, 37.4514204519774)",481.20968063004574,-122.1362444,37.4540135,0.29907376049101664
-122.1387636723164,37.45142045197741,55.52640264383081,0.47,"c(-122.138763672316, 37.4514204519774)",364.02269140082666,-122.1362444,37.4540135,0.22624157327584007
-122.13692420903956,37.45142045197741,55.99425685301321,0.47,"c(-122.13692420904, 37.4514204519774)",290.69022248058593,-122.1361164,37.4539592,0.18066514759514352
-122.13508474576274,37.45142045197741,55.94167442028265,0.47,"c(-122.135084745763, 37.4514204519774)",284.23023697604737,-122.1355208,37.4539577,0.17665024050717673
-122.13324528248587,37.45142045197741,56.64997183258674,0.47,"c(-122.133245282486, 37.4514204519774)",259.6760659973173,-122.1315754,37.4533445,0.16138972405053906
-122.13140581920904,37.45142045197741,57.127710435932386,0.47,"c(-122.131405819209, 37.4514204519774)",205.98696142195143,-122.1307562,37.4532027,0.12802172866497916
-122.1295663559322,37.45142045197741,57.39371205639327,0.47,"c(-122.129566355932, 37.4514204519774)",84.04898226739058,-122.1289669,37.4520079,0.05223678201826637
-122.12772689265536,37.45142045197741,58.28530695391237,0.47,"c(-122.127726892655, 37.4514204519774)",59.36793386452796,-122.1281428,37.4518402,0.03689741072997387
-122.12588742937852,37.45142045197741,59.33447162921948,0.95,"c(-122.125887429379, 37.4514204519774)",182.5880592810679,-122.12494960102772,37.452881977060585,0.11347921645809068
-122.12404796610171,37.45142045197741,59.45111892975183,0.83,"c(-122.124047966102, 37.4514204519774)",147.85553146470824,-122.12416639999999,37.4527493,0.09189281010858188
-122.12220850282488,37.45142045197741,58.56189291980354,0.83,"c(-122.122208502825, 37.4514204519774)",203.47650660003487,-122.12326570325727,37.45304425389777,0.1264614708514822
-122.12036903954802,37.45142045197741,58.68810635007139,0.83,"c(-122.120369039548, 37.4514204519774)",274.84386959006525,-122.1223765,37.4533102,0.17081657525796473
-122.1185295762712,37.45142045197741,58.72571575337679,0.83,"c(-122.118529576271, 37.4514204519774)",301.4958505943336,-122.11849377127882,37.45412875976716,0.18738088912015763
-122.11669011299438,37.45142045197742,58.46840769753908,0.83,"c(-122.116690112994, 37.4514204519774)",298.84264779276293,-122.11665727117608,37.45410496335162,0.18573191286063576
-122.11485064971752,37.45142045197741,58.00874197155281,0.83,"c(-122.114850649718, 37.4514204519774)",296.1862714256476,-122.11482073206028,37.45408113787628,0.18408096421730735
-122.11301118644069,37.45142045197741,57.910608999358374,0.83,"c(-122.113011186441, 37.4514204519774)",257.4118943565967,-122.11027481797328,37.4522133722609,0.15998253222908437
-122.11117172316388,37.45142045197741,57.904907059489744,0.75,"c(-122.111171723164, 37.4514204519774)",104.1457201505449,-122.11007047164392,37.45175439845021,0.06472698579897135
-122.10933225988704,37.45142045197741,57.80006198269257,0.75,"c(-122.109332259887, 37.4514204519774)",49.12151165745086,-122.10986576593096,37.45129461142923,0.03052921793502228
-122.1074927966102,37.45142045197741,57.19379750437656,0.02,"c(-122.10749279661, 37.4514204519774)",11.800451128377649,-122.10743491780852,37.45151598113153,0.00733402804746901
-122.18842918079096,37.45296240112993,55.55299256076978,NA,"c(-122.188429180791, 37.4529624011299)",4588.080640635685,-122.1366045,37.4543619,2.851510652974323
-122.18658971751412,37.45296240112993,56.49974293753621,NA,"c(-122.186589717514, 37.4529624011299)",4425.421553058145,-122.1366045,37.4543619,2.750417372938561
-122.18475025423729,37.45296240112993,57.18650105955021,NA,"c(-122.184750254237, 37.4529624011299)",4262.769848839649,-122.1366045,37.4543619,2.649328681690273
-122.18291079096043,37.45296240112994,58.33396627729053,NA,"c(-122.18291079096, 37.4529624011299)",4100.126406739285,-122.1366045,37.4543619,2.5482451253817806
-122.1810713276836,37.45296240112993,58.66808222183863,NA,"c(-122.181071327684, 37.4529624011299)",3937.4922506542384,-122.1366045,37.4543619,2.4471673403693215
-122.17923186440676,37.45296240112993,57.74293335789116,NA,"c(-122.179231864407, 37.4529624011299)",3774.868580871149,-122.1366045,37.4543619,2.346096072635891
-122.17739240112994,37.45296240112993,57.5549345189861,NA,"c(-122.17739240113, 37.4529624011299)",3612.256813735414,-122.1366045,37.4543619,2.245032202445876
-122.17555293785308,37.45296240112993,57.21906697202212,NA,"c(-122.175552937853, 37.4529624011299)",3449.6586325315643,-122.1366045,37.4543619,2.143976775967411
-122.17371347457627,37.45296240112993,57.11415989035595,NA,"c(-122.173713474576, 37.4529624011299)",3287.0760534533742,-122.1366045,37.4543619,2.0429310462730728
-122.17187401129944,37.45296240112994,57.076508388022376,NA,"c(-122.171874011299, 37.4529624011299)",3124.5115121106664,-122.1366045,37.4543619,1.9418965271042057
-122.17003454802258,37.45296240112991,57.12610580953197,NA,"c(-122.170034548023, 37.4529624011299)",2961.967978521273,-122.1366045,37.4543619,1.8408750643388896
-122.16819508474578,37.45296240112993,57.17570323104155,NA,"c(-122.168195084746, 37.4529624011299)",2799.4491120594244,-122.1366045,37.4543619,1.739868932292992
-122.16635562146894,37.45296240112993,57.22530065255114,NA,"c(-122.166355621469, 37.4529624011299)",2636.9594735808378,-122.1366045,37.4543619,1.6388809655567669
-122.16451615819209,37.45296240112991,57.66216678564206,NA,"c(-122.164516158192, 37.4529624011299)",2474.5048209743763,-122.1366045,37.4543619,1.5379147426814024
-122.16267669491523,37.45296240112993,57.569093908277864,0.47,"c(-122.162676694915, 37.4529624011299)",2312.0925289634347,-122.1366045,37.4543619,1.4369748470872807
-122.1608372316384,37.45296240112994,57.25730384575672,0.82,"c(-122.160837231638, 37.4529624011299)",2149.732198667769,-122.1366045,37.4543619,1.3360672459091167
-122.1589977683616,37.45296240112993,57.06528166698968,0.47,"c(-122.158997768362, 37.4529624011299)",1987.4365649774943,-122.1366045,37.4543619,1.2351998539325637
-122.15715830508476,37.45296240112991,57.06446027342463,0.47,"c(-122.157158305085, 37.4529624011299)",1825.222886168733,-122.1366045,37.4543619,1.1343833972459498
-122.15531884180793,37.45296240112993,57.14443749196107,0.82,"c(-122.155318841808, 37.4529624011299)",1663.1151431523792,-122.1366045,37.4543619,1.0336327800822742
-122.15347937853107,37.45296240112993,57.23671360133267,0.47,"c(-122.153479378531, 37.4529624011299)",1501.1476561592456,-122.1366045,37.4543619,0.932969332603633
-122.15163991525422,37.45296240112993,57.42415058552797,0.47,"c(-122.151639915254, 37.4529624011299)",1339.371308866269,-122.1366045,37.4543619,0.8324246792208011
-122.1498004519774,37.45296240112994,57.4245760986596,0.47,"c(-122.149800451977, 37.4529624011299)",1177.8648614492238,-122.1366045,37.4543619,0.7320477697011957
-122.14796098870058,37.45296240112993,57.091667294851504,0.47,"c(-122.147960988701, 37.4529624011299)",1016.7569386039308,-122.1366045,37.4543619,0.6319185448128842
-122.14612152542374,37.45296240112993,57.29403439724774,0.02,"c(-122.146121525424, 37.4529624011299)",856.2725175107216,-122.1366045,37.4543619,0.5321768287823005
-122.14428206214691,37.45296240112993,57.000938360630244,0.47,"c(-122.144282062147, 37.4529624011299)",696.8425131144073,-122.1366045,37.4543619,0.43309043698844457
-122.14244259887008,37.45296240112993,56.69634109873732,0.47,"c(-122.14244259887, 37.4529624011299)",539.402691699163,-122.1366045,37.4543619,0.33524095195721754
-122.14060313559324,37.45296240112993,56.078428024782625,0.47,"c(-122.140603135593, 37.4529624011299)",386.3935189730903,-122.1366045,37.4543619,0.24014513298514
-122.1387636723164,37.45296240112993,55.89993943967638,0.47,"c(-122.138763672316, 37.4529624011299)",246.21850298950991,-122.1366045,37.4543619,0.1530257942756432
-122.13692420903956,37.45296240112993,55.857306511652496,0.47,"c(-122.13692420904, 37.4529624011299)",131.25143770553268,-122.1362444,37.4540135,0.0815732987604305
-122.13508474576274,37.45296240112993,56.39624589383311,0.47,"c(-122.135084745763, 37.4529624011299)",117.00842036394305,-122.1355208,37.4539577,0.07272120594402924
-122.13324528248587,37.45296240112993,57.1045433061372,0.47,"c(-122.133245282486, 37.4529624011299)",122.83252870175968,-122.1330394,37.4540569,0.07634091280407686
-122.13140581920904,37.45296240112993,57.81284071844857,0.47,"c(-122.131405819209, 37.4529624011299)",36.883019084913414,-122.1313714118475,37.45329259915028,0.02292294536041853
-122.1295663559322,37.45296240112993,58.33037038252223,NA,"c(-122.129566355932, 37.4529624011299)",7.470240848958173,-122.12961911856088,37.45290997143067,0.00464278486572913
-122.12772689265536,37.45296240112994,59.35003730967583,NA,"c(-122.127726892655, 37.4529624011299)",9.221559818421582,-122.12763311397364,37.45292607098817,0.00573123668018743
-122.12588742937852,37.45296240112994,59.064938211929984,0.83,"c(-122.125887429379, 37.4529624011299)",38.22631645039345,-122.12558066260216,37.45320450505089,0.02375781009968517
-122.12404796610171,37.45296240112993,58.79688756214455,NA,"c(-122.124047966102, 37.4529624011299)",8.7297252847516,-122.12401036145674,37.452889882747904,0.00542555953061006
-122.12220850282488,37.45296240112993,58.44026263247724,0.02,"c(-122.122208502825, 37.4529624011299)",41.36399150429247,-122.1223765,37.4533102,0.02570788782118861
-122.12036903954802,37.45296240112993,58.336778381963086,0.02,"c(-122.120369039548, 37.4529624011299)",132.5196686531903,-122.12036415606325,37.45415296589436,0.08236150941776899
-122.1185295762712,37.45296240112993,58.279469584219896,0.02,"c(-122.118529576271, 37.4529624011299)",129.869693194528,-122.11852750616896,37.4541291966193,0.08071453896490242
-122.11669011299438,37.45296240112994,58.17706085829195,0.02,"c(-122.116690112994, 37.4529624011299)",127.21654496781233,-122.11669084356429,37.45410539862144,0.07906559662387341
-122.11485064971752,37.45296240112993,58.30206607636683,0.02,"c(-122.114850649718, 37.4529624011299)",124.5602231308467,-122.11485417192326,37.45408157194782,0.07741468187125339
-122.11301118644069,37.45296240112993,58.17028840008243,0.83,"c(-122.113011186441, 37.4529624011299)",121.90072810484833,-122.11301749365369,37.4540577166293,0.07576179496883054
-122.11117172316388,37.45296240112993,58.07215542788981,0.75,"c(-122.111171723164, 37.4529624011299)",46.942867118498334,-122.11068239131497,37.453128787919354,0.0291751815528268
-122.10933225988704,37.45296240112993,57.919378061022144,0.02,"c(-122.109332259887, 37.4529624011299)",62.36946308711456,-122.1086282,37.4529897,0.03876287326731793
-122.1074927966102,37.45296240112993,57.23636293495656,NA,"c(-122.10749279661, 37.4529624011299)",4.481545307906899,-122.107509029128,37.45300054242009,0.00278529851330447
-122.18842918079096,37.45450435028247,55.51327749920358,NA,"c(-122.188429180791, 37.4545043502825)",4585.430887205252,-122.1366045,37.4543619,2.849863820512897
-122.18658971751412,37.45450435028248,56.42537237420038,NA,"c(-122.186589717514, 37.4545043502825)",4422.677749524531,-122.1366045,37.4543619,2.7487120879580673
-122.18475025423729,37.45450435028248,57.37212275096681,NA,"c(-122.184750254237, 37.4545043502825)",4259.924688063369,-122.1366045,37.4543619,2.647560402774002
-122.18291079096043,37.45450435028248,57.78037179498642,NA,"c(-122.18291079096, 37.4545043502825)",4097.171711971804,-122.1366045,37.4543619,2.5464087706474854
-122.1810713276836,37.45450435028247,58.22133421024046,NA,"c(-122.181071327684, 37.4545043502825)",3934.418831907378,-122.1366045,37.4543619,2.4452571982022233
-122.17923186440676,37.45450435028247,57.95722374539764,NA,"c(-122.179231864407, 37.4545043502825)",3771.666060368695,-122.1366045,37.4543619,2.34410569320615
-122.17739240112994,37.45450435028247,57.68690583042826,NA,"c(-122.17739240113, 37.4545043502825)",3608.913412104704,-122.1366045,37.4543619,2.2429542648257947
-122.17555293785308,37.45450435028248,57.38754613074525,NA,"c(-122.175552937853, 37.4545043502825)",3446.1609046463177,-122.1366045,37.4543619,2.1418029239566923
-122.17371347457627,37.454504350282505,57.36847780173411,NA,"c(-122.173713474576, 37.4545043502825)",3283.4085590038735,-122.1366045,37.4543619,2.040651683656851
-122.17187401129944,37.45450435028248,57.057278994547914,NA,"c(-122.171874011299, 37.4545043502825)",3120.6564005549976,-122.1366045,37.4543619,1.939500559698569
-122.17003454802258,37.45450435028248,57.324804421291674,NA,"c(-122.170034548023, 37.4545043502825)",2957.904460268325,-122.1366045,37.4543619,1.8383495713289777
-122.16819508474578,37.45450435028247,57.21308911497863,NA,"c(-122.168195084746, 37.4545043502825)",2795.152776324958,-122.1366045,37.4543619,1.737198742277786
-122.16635562146894,37.45450435028248,57.26268653648776,NA,"c(-122.166355621469, 37.4545043502825)",2632.4013963320463,-122.1366045,37.4543619,1.6360481021330306
-122.16451615819209,37.45450435028248,57.43613127617982,NA,"c(-122.164516158192, 37.4545043502825)",2469.65038045101,-122.1366045,37.4543619,1.5348976882852765
-122.16267669491523,37.45450435028248,57.08666557798642,NA,"c(-122.162676694915, 37.4545043502825)",2306.899805817163,-122.1366045,37.4543619,1.433747548674433
-122.1608372316384,37.45450435028248,57.08226176790686,NA,"c(-122.160837231638, 37.4545043502825)",2144.149772975994,-122.1366045,37.4543619,1.3325977457899278
-122.1589977683616,37.45450435028248,56.97329542805437,NA,"c(-122.158997768362, 37.4545043502825)",1981.4004155051616,-122.1366045,37.4543619,1.2314483626508153
-122.15715830508476,37.45450435028248,56.97863604451731,NA,"c(-122.157158305085, 37.4545043502825)",1818.6519147868505,-122.1366045,37.4543619,1.1302995119868555
-122.15531884180793,37.45450435028247,56.821449945558925,0.47,"c(-122.155318841808, 37.4545043502825)",1655.9045235084952,-122.1366045,37.4543619,1.0291513508443102
-122.15347937853107,37.45450435028248,56.91372605493234,0.47,"c(-122.153479378531, 37.4545043502825)",1493.158604513744,-122.1366045,37.4543619,0.9280041047319726
-122.15163991525422,37.454504350282505,57.11933963680502,0.47,"c(-122.151639915254, 37.4545043502825)",1330.414698175981,-122.1366045,37.4543619,0.8268581094940839
-122.1498004519774,37.454504350282505,57.195946314004686,0.47,"c(-122.149800451977, 37.4545043502825)",1167.6736461150133,-122.1366045,37.4543619,0.7257138882007541
-122.14796098870058,37.45450435028248,56.8738220679482,0.47,"c(-122.147960988701, 37.4545043502825)",1004.9368350790796,-122.1366045,37.4543619,0.6245723027216156
-122.14612152542374,37.45450435028248,57.00186444223437,0.47,"c(-122.146121525424, 37.4545043502825)",842.206723593304,-122.1366045,37.4543619,0.5234348810399652
-122.14428206214691,37.45450435028248,56.729669387612375,0.47,"c(-122.144282062147, 37.4545043502825)",679.4881251714068,-122.1366045,37.4543619,0.4223046147740253
-122.14244259887008,37.45450435028248,56.52754568239288,0.47,"c(-122.14244259887, 37.4545043502825)",516.7919151252897,-122.1366045,37.4543619,0.3211882629740769
-122.14060313559324,37.454504350282505,56.07041377593123,0.47,"c(-122.140603135593, 37.4545043502825)",354.1489506008521,-122.1366045,37.4543619,0.22010500348095224
-122.1387636723164,37.45450435028247,56.08974934938806,0.47,"c(-122.138763672316, 37.4545043502825)",191.6948077571708,-122.1366045,37.4543619,0.11913909742521492
-122.13692420903956,37.45450435028248,56.805631216928305,NA,"c(-122.13692420904, 37.4545043502825)",32.36944073527713,-122.13659801977056,37.45437205421256,0.02011773818227292
-122.13508474576274,37.45450435028247,57.2447252745751,NA,"c(-122.135084745763, 37.4545043502825)",18.02141741814452,-122.13508979846765,37.4543425075863,0.01120038372787105
-122.13324528248587,37.45450435028248,57.84373580745705,NA,"c(-122.133245282486, 37.4545043502825)",18.8146760778865,-122.13336919526024,37.45436690929198,0.01169339718948819
-122.13140581920904,37.45450435028248,58.442746340339,NA,"c(-122.131405819209, 37.4545043502825)",23.273657918635852,-122.13141645039784,37.45429539779359,0.01446467241680289
-122.1295663559322,37.45450435028248,58.83210660691839,NA,"c(-122.129566355932, 37.4545043502825)",25.904539044442664,-122.12957975483732,37.454271799782674,0.01609977566466293
-122.12772689265536,37.45450435028248,58.61044076796679,NA,"c(-122.127726892655, 37.4545043502825)",28.538593607366785,-122.12774305812776,37.4542481731977,0.01773685121651136
-122.12588742937852,37.45450435028248,57.691425977565814,NA,"c(-122.125887429379, 37.4545043502825)",31.175821300910755,-122.12590636183364,37.45422451805875,0.01937589888185876
-122.12404796610171,37.45450435028248,58.146342545212974,NA,"c(-122.124047966102, 37.4545043502825)",33.816222179278974,-122.12406966651112,37.454200834373,0.02101691869439339
-122.12220850282488,37.45450435028248,58.04516445806894,NA,"c(-122.122208502825, 37.4545043502825)",31.90781985382631,-122.12184774048012,37.454516240154625,0.01983083893960616
-122.12036903954802,37.45450435028248,57.831456003588755,0.02,"c(-122.120369039548, 37.4545043502825)",39.10654372155469,-122.12039627978312,37.45415338137409,0.02430487490463312
-122.1185295762712,37.45450435028248,57.98586645863725,0.02,"c(-122.118529576271, 37.4545043502825)",41.756464271541354,-122.11855958867274,37.45412961206481,0.02595181123153595
-122.11669011299438,37.45450435028248,58.083552540855635,0.02,"c(-122.116690112994, 37.4545043502825)",44.4095580183051,-122.11672289914236,37.45410581421672,0.02760071971305475
-122.11485064971752,37.45450435028248,57.868523022928,0.6,"c(-122.114850649718, 37.4545043502825)",47.06582496464132,-122.11488621127243,37.45408198783088,0.02925160035092686
-122.11301118644069,37.45450435028248,57.86668250650382,0.6,"c(-122.113011186441, 37.4545043502825)",49.725265163076465,-122.11304952502076,37.454058132906816,0.03090445317779767
-122.11117172316388,37.45450435028248,58.35187511195545,0.6,"c(-122.111171723164, 37.4545043502825)",10.25998593798354,-122.11129425864657,37.454503006056925,0.00637662270850437
-122.10933225988704,37.45450435028248,58.03869413935172,0.02,"c(-122.109332259887, 37.4545043502825)",29.321470659172068,-122.10900112097175,37.454487676319594,0.01822341246685647
-122.18658971751412,37.45604629943503,56.35100181085727,NA,"c(-122.186589717514, 37.456046299435)",4426.5534482254,-122.1366045,37.4543619,2.7511208503576134
-122.18475025423729,37.45604629943503,57.2977521876237,NA,"c(-122.184750254237, 37.456046299435)",4263.951724919358,-122.1366045,37.4543619,2.6500632224483267
-122.18291079096043,37.45604629943503,57.51433928782217,NA,"c(-122.18291079096, 37.456046299435)",4101.361959747038,-122.1366045,37.4543619,2.5490130265674567
-122.1810713276836,37.45604629943503,57.426897422541515,NA,"c(-122.181071327684, 37.456046299435)",3938.785633637139,-122.1366045,37.4543619,2.447971183118172
-122.17923186440676,37.45604629943503,57.88869068948679,NA,"c(-122.179231864407, 37.456046299435)",3776.2244824175114,-122.1366045,37.4543619,2.346938770924494
-122.17739240112994,37.45604629943503,57.33756483385514,NA,"c(-122.17739240113, 37.456046299435)",3613.6805540788782,-122.1366045,37.4543619,2.2459170628209315
-122.17555293785308,37.45604629943503,57.36405896962242,NA,"c(-122.175552937853, 37.456046299435)",3451.1562821974294,-122.1366045,37.4543619,2.1449075712849157
-122.17371347457627,37.456046299435016,57.35089904119184,NA,"c(-122.173713474576, 37.456046299435)",3288.654581093924,-122.1366045,37.4543619,2.0439121075785733
-122.17187401129944,37.45604629943504,57.035016621484374,NA,"c(-122.171874011299, 37.456046299435)",3126.1789705808123,-122.1366045,37.4543619,1.9429328592795605
-122.17003454802258,37.45604629943503,57.021446210620525,NA,"c(-122.170034548023, 37.456046299435)",2963.733741686327,-122.1366045,37.4543619,1.8419724932792585
-122.16819508474578,37.45604629943503,57.37589094194391,NA,"c(-122.168195084746, 37.456046299435)",2801.3241798628173,-122.1366045,37.4543619,1.7410342945076551
-122.16635562146894,37.45604629943504,57.44477676888164,NA,"c(-122.166355621469, 37.456046299435)",2638.956870364607,-122.1366045,37.4543619,1.6401223557269151
-122.16451615819209,37.456046299435016,57.43369722812304,NA,"c(-122.164516158192, 37.456046299435)",2476.640123399203,-122.1366045,37.4543619,1.539241841764576
-122.16267669491523,37.456046299435016,56.96124465137109,NA,"c(-122.162676694915, 37.456046299435)",2314.384577502226,-122.1366045,37.4543619,1.4383993645135027
-122.1608372316384,37.45604629943504,56.96375871520013,NA,"c(-122.160837231638, 37.456046299435)",2152.20407470585,-122.1366045,37.4543619,1.3376035268526103
-122.1589977683616,37.45604629943503,56.882332287429904,NA,"c(-122.158997768362, 37.456046299435)",1990.1169616154225,-122.1366045,37.4543619,1.2368657312712383
-122.15715830508476,37.45604629943503,56.95306033358793,NA,"c(-122.157158305085, 37.456046299435)",1828.148078797905,-122.1366045,37.4543619,1.136201416282104
-122.15531884180793,37.456046299435016,56.57514426736088,NA,"c(-122.155318841808, 37.456046299435)",1666.331902933695,-122.1366045,37.4543619,1.0356320092813518
-122.15347937853107,37.45604629943503,56.69013855981029,0.47,"c(-122.153479378531, 37.456046299435)",1504.7177008625208,-122.1366045,37.4543619,0.9351881298089004
-122.15163991525422,37.456046299435016,56.62321327780745,0.47,"c(-122.151639915254, 37.456046299435)",1343.3783695850527,-122.1366045,37.4543619,0.834915083645154
-122.1498004519774,37.45604629943503,56.88201895545353,0.47,"c(-122.149800451977, 37.456046299435)",1182.4264309722068,-122.1366045,37.4543619,0.7348828035874498
-122.14796098870058,37.45604629943504,56.76101206177191,0.47,"c(-122.147960988701, 37.456046299435)",1022.0449216186428,-122.1366045,37.4543619,0.6352050476187959
-122.14612152542374,37.45604629943503,56.8948425581184,0.47,"c(-122.146121525424, 37.456046299435)",862.5520943356855,-122.1366045,37.4543619,0.536079611147101
-122.14428206214691,37.45604629943503,56.54170968123435,0.47,"c(-122.144282062147, 37.456046299435)",704.551733861797,-122.1366045,37.4543619,0.4378817488264742
-122.14244259887008,37.456046299435016,56.29133443054434,0.47,"c(-122.14244259887, 37.456046299435)",549.33315268141655,-122.1366045,37.4543619,0.3414127735745286
-122.14060313559324,37.45604629943503,56.541623109267675,0.1,"c(-122.140603135593, 37.456046299435)",399.95026602863226,-122.13657270356772,37.45441172347329,0.24857070604638423
-122.1387636723164,37.45604629943503,57.4218293010199,NA,"c(-122.138763672316, 37.456046299435)",265.3220712420363,-122.1365694,37.4544169,0.16489873911872985
-122.13692420903956,37.456046299435016,58.15198490101102,NA,"c(-122.13692420904, 37.456046299435)",183.5454223680521,-122.1365694,37.4544169,0.11407422148418404
-122.13508474576274,37.456046299435016,58.59097229310464,NA,"c(-122.135084745763, 37.456046299435)",189.6480540361921,-122.135116762481,37.45434285297084,0.11786703171919956
-122.13324528248587,37.45604629943503,59.18998282598659,NA,"c(-122.133245282486, 37.456046299435)",181.84336725699788,-122.1335812,37.4544299,0.113016387356742
-122.13140581920904,37.45604629943503,59.02477237340645,NA,"c(-122.131405819209, 37.456046299435)",194.90019684481155,-122.13144447277551,37.45429575760615,0.12113125969223835
-122.1295663559322,37.45604629943503,58.40136933041504,NA,"c(-122.129566355932, 37.456046299435)",197.531021682134,-122.12960845845946,37.45427216878877,0.122766327956578
-122.12772689265536,37.45604629943503,58.33148839016985,NA,"c(-122.127726892655, 37.456046299435)",200.16502280612536,-122.12777224132306,37.454248548822775,0.12440337029591383
-122.12588742937852,37.45604629943504,57.789305038544626,NA,"c(-122.125887429379, 37.456046299435)",202.8021968448692,-122.12593589619644,37.454224898663014,0.1260423846145862
-122.12404796610171,37.45604629943503,57.63367390505482,NA,"c(-122.124047966102, 37.456046299435)",102.79591230687495,-122.12290359700276,37.4562121206311,0.0638880747712088
-122.12220850282488,37.45604629943503,57.80113253893797,0.02,"c(-122.122208502825, 37.456046299435)",39.30938384018301,-122.12261103767506,37.45589600162607,0.02443094085778931
-122.12036903954802,37.45604629943503,57.93663528855177,0.02,"c(-122.120369039548, 37.456046299435)",175.80297153698314,-122.12205788730468,37.455211569645016,0.10926225701490562
-122.1185295762712,37.45604629943503,57.756942483883904,0.02,"c(-122.118529576271, 37.456046299435)",213.3826217086787,-122.1185899338901,37.45413000500569,0.13261816140999297
-122.11669011299438,37.45604629943503,57.77703792407647,0.02,"c(-122.116690112994, 37.456046299435)",216.03566085300545,-122.11675337448683,37.454106209316464,0.13426703595587658
-122.11485064971752,37.45604629943503,57.779191242617344,0.6,"c(-122.114850649718, 37.456046299435)",218.69187298069377,-122.1149168016161,37.4540823848972,0.13591788252373757
-122.11301118644069,37.45604629943503,57.78134456115822,0.6,"c(-122.113011186441, 37.456046299435)",85.79385631159968,-122.1121108886584,37.45633702538901,0.05332122828564305
-122.11117172316388,37.45604629943503,57.7834978796991,0.6,"c(-122.111171723164, 37.456046299435)",58.265724112425275,-122.1109478,37.45654,0.03621238291636126
-122.10933225988704,37.45604629943503,57.82066905859392,0.02,"c(-122.109332259887, 37.456046299435)",28.975843724937913,-122.10964552737624,37.45612319260939,0.01800860393097446
-122.1902686440678,37.45758824858757,55.54764589976275,NA,"c(-122.190268644068, 37.4575882485876)",4761.5436538076865,-122.1366045,37.4543619,2.959318616412484
-122.18842918079096,37.45758824858756,55.526496412762526,NA,"c(-122.188429180791, 37.4575882485876)",4599.270004886076,-122.1366045,37.4543619,2.8584648880584687
-122.18658971751412,37.45758824858756,56.27663124751416,NA,"c(-122.186589717514, 37.4575882485876)",4437.031308183895,-122.1366045,37.4543619,2.757632882650028
-122.18475025423729,37.45758824858756,57.36234431396588,NA,"c(-122.184750254237, 37.4575882485876)",4274.831543295197,-122.1366045,37.4543619,2.6568250735209427
-122.18291079096043,37.45758824858756,57.35140654564702,NA,"c(-122.18291079096, 37.4575882485876)",4112.6753165836535,-122.1366045,37.4543619,2.556044323544844
-122.1810713276836,37.45758824858756,57.241313595530755,NA,"c(-122.181071327684, 37.4575882485876)",3950.567989360494,-122.1366045,37.4543619,2.455293964798318
-122.17923186440676,37.45758824858756,57.13122064541449,NA,"c(-122.179231864407, 37.4575882485876)",3788.5158387985966,-122.1366045,37.4543619,2.3545778985696684
-122.17739240112994,37.45758824858756,57.02264265395934,NA,"c(-122.17739240113, 37.4575882485876)",3626.5262617159383,-122.1366045,37.4543619,2.253900722011149
-122.17555293785308,37.45758824858756,57.31551624568965,NA,"c(-122.175552937853, 37.4575882485876)",3464.6080351568835,-122.1366045,37.4543619,2.1532678900912887
-122.17371347457627,37.45758824858756,57.5904109179246,NA,"c(-122.173713474576, 37.4575882485876)",3302.77165307856,-122.1366045,37.4543619,2.0526859248468368
-122.17187401129944,37.45758824858756,57.67492193089856,NA,"c(-122.171874011299, 37.4575882485876)",3141.0297662716125,-122.1366045,37.4543619,1.9521626887952843
-122.17003454802258,37.45758824858756,56.76321527386608,NA,"c(-122.170034548023, 37.4575882485876)",2979.3977643734283,-122.1366045,37.4543619,1.851707746658439
-122.16819508474578,37.45758824858756,56.86758660020132,NA,"c(-122.168195084746, 37.4575882485876)",2817.894556231282,-122.1366045,37.4543619,1.751332850361269
-122.16635562146894,37.45758824858756,57.14411941671642,NA,"c(-122.166355621469, 37.4575882485876)",2656.543631858908,-122.1366045,37.4543619,1.6510525990422051
-122.16451615819209,37.45758824858756,57.03018633421425,NA,"c(-122.164516158192, 37.4575882485876)",2495.37453150844,-122.1366045,37.4543619,1.550885352087284
-122.16267669491523,37.45758824858756,56.86236110450409,NA,"c(-122.162676694915, 37.4575882485876)",2334.4249150396336,-122.1366045,37.4543619,1.4508545152514811
-122.1608372316384,37.45758824858757,56.81196306825859,NA,"c(-122.160837231638, 37.4575882485876)",2173.743536536123,-122.1366045,37.4543619,1.3509903893947317
-122.1589977683616,37.45758824858756,56.72664704644865,NA,"c(-122.158997768362, 37.4575882485876)",2013.394618251792,-122.1366045,37.4543619,1.2513328889072666
-122.15715830508476,37.45758824858756,56.6808119930065,NA,"c(-122.157158305085, 37.4575882485876)",1853.464448734413,-122.1366045,37.4543619,1.1519356424701137
-122.15531884180793,37.45758824858756,56.68539577478077,NA,"c(-122.155318841808, 37.4575882485876)",1694.0716291295864,-122.1366045,37.4543619,1.0528723611743855
-122.15347937853107,37.45758824858756,56.12817478342003,NA,"c(-122.153479378531, 37.4575882485876)",1535.3835204025368,-122.1366045,37.4543619,0.95424706053607
-122.15163991525422,37.45758824858756,56.12618555493077,NA,"c(-122.151639915254, 37.4575882485876)",1377.6436669975087,-122.1366045,37.4543619,0.8562111044111304
-122.1498004519774,37.45758824858756,56.663457254828245,NA,"c(-122.149800451977, 37.4575882485876)",1221.2195708765685,-122.1366045,37.4543619,0.7589928967536163
-122.14796098870058,37.45758824858756,56.40766505966894,NA,"c(-122.147960988701, 37.4575882485876)",1066.6902343618249,-122.1366045,37.4543619,0.6629522898457582
-122.14612152542374,37.45758824858756,56.7837216824264,NA,"c(-122.146121525424, 37.4575882485876)",915.0161314075176,-122.1366045,37.4543619,0.5686862221302159
-122.14428206214691,37.45758824858756,56.464675325147255,0.1,"c(-122.144282062147, 37.4575882485876)",767.82206944538,-122.1365694,37.4544169,0.47720451798967056
-122.14244259887008,37.45758824858755,56.835784797673114,0.47,"c(-122.14244259887, 37.4575882485875)",627.6286906495511,-122.1365694,37.4544169,0.39007376671817967
-122.14060313559324,37.45758824858756,56.94796356705774,NA,"c(-122.140603135593, 37.4575882485876)",501.2588419925295,-122.1365694,37.4544169,0.31153439527192633
-122.1387636723164,37.45758824858756,58.588311369028816,NA,"c(-122.138763672316, 37.4575882485876)",401.9685191991033,-122.1365694,37.4544169,0.24982505854512324
-122.13692420903956,37.45758824858756,59.4985455290589,NA,"c(-122.13692420904, 37.4575882485876)",353.3731237906429,-122.1365694,37.4544169,0.2196228239842405
-122.13508474576274,37.45758824858756,60.14070319515304,NA,"c(-122.135084745763, 37.4575882485876)",361.274710587758,-122.13514654107932,37.454343234400525,0.22453369209929025
-122.13324528248587,37.45758824858756,59.10072533792845,NA,"c(-122.133245282486, 37.4575882485876)",351.790875975299,-122.1335812,37.4544299,0.21863945057507703
-122.13140581920904,37.45758824858756,58.62190014665612,NA,"c(-122.131405819209, 37.4575882485876)",366.52673190454584,-122.13147046466696,37.45429609134093,0.2277978445646649
-122.1295663559322,37.45758824858756,58.366347390954616,NA,"c(-122.129566355932, 37.4575882485876)",369.15750663114625,-122.129634703935,37.454272506187486,0.22943288168498835
-122.12772689265536,37.45758824858756,58.12615063746489,NA,"c(-122.127726892655, 37.4575882485876)",371.7914530711738,-122.1277989968263,37.45424889319402,0.23106989003801975
-122.12588742937852,37.45758824858756,57.69100063156657,NA,"c(-122.125887429379, 37.4575882485876)",259.0913838522445,-122.12309949878762,37.458308986087225,0.16102634173539124
-122.12404796610171,37.45758824858756,57.789718036247905,NA,"c(-122.124047966102, 37.4575882485876)",104.21420559937076,-122.1228924010972,37.457775328119915,0.06476954978208252
-122.12220850282488,37.45758824858756,57.701812024803075,0.02,"c(-122.122208502825, 37.4575882485876)",44.51975132503767,-122.1227118592947,37.45757124889788,0.02766920529834535
-122.12036903954802,37.45758824858757,57.6873933416482,0.02,"c(-122.120369039548, 37.4575882485876)",206.92250566793945,-122.1227085950264,37.457509524476066,0.12860317319325013
-122.1185295762712,37.45758824858757,57.68954666018908,0.02,"c(-122.118529576271, 37.4575882485876)",369.3253953949855,-122.12270533811076,37.457447938984274,0.2295372252299475
-122.11669011299438,37.45758824858756,57.69169997872996,0.02,"c(-122.116690112994, 37.4575882485876)",335.0917410871983,-122.11313189323404,37.45862990230252,0.2082608707813538
-122.11485064971752,37.45758824858756,57.693853297270834,0.6,"c(-122.114850649718, 37.4575882485876)",181.84032114812095,-122.112927462706,37.458170823263984,0.1130144941877694
-122.11301118644069,37.45758824858756,57.69600661581171,0.6,"c(-122.113011186441, 37.4575882485876)",28.587843449793077,-122.11272283245914,37.45771128971633,0.01776746019253764
-122.11117172316388,37.45758824858756,57.69815993435259,NA,"c(-122.111171723164, 37.4575882485876)",45.309024654288166,-122.1107308,37.4573805,0.02815974186096219
-122.10933225988704,37.45758824858756,57.700313252893466,NA,"c(-122.109332259887, 37.4575882485876)",70.80025796690246,-122.10945851988669,37.45821631214922,0.04400264634363111
-122.19210810734464,37.45913019774011,55.68311873753191,NA,"c(-122.192108107345, 37.4591301977401)",4939.194198132354,-122.1366045,37.4543619,3.069729147378716
-122.1902686440678,37.45913019774011,55.570028552516305,NA,"c(-122.190268644068, 37.4591301977401)",4777.413795338766,-122.1366045,37.4543619,2.969181973485871
-122.18842918079096,37.45913019774011,55.533105869542055,NA,"c(-122.188429180791, 37.4591301977401)",4615.701503555682,-122.1366045,37.4543619,2.868677130861207
-122.18658971751412,37.45913019774011,56.20226068417105,NA,"c(-122.186589717514, 37.4591301977401)",4454.064741506522,-122.1366045,37.4543619,2.7682192302713005
-122.1810713276836,37.45913019774011,57.07838085335652,NA,"c(-122.181071327684, 37.4591301977401)",3969.6998757183824,-122.1366045,37.4543619,2.4671845094582863
-122.17923186440676,37.45913019774011,56.96828790324025,NA,"c(-122.179231864407, 37.4591301977401)",3808.465264979338,-122.1366045,37.4543619,2.3669765475322175
-122.17555293785308,37.45913019774011,57.19895437877858,NA,"c(-122.175552937853, 37.4591301977401)",3486.4182890262205,-122.1366045,37.4543619,2.1668230509796276
-122.17371347457627,37.45913019774011,57.802587086207495,NA,"c(-122.173713474576, 37.4591301977401)",3325.646813358027,-122.1366045,37.4543619,2.0669029293710546
-122.17187401129944,37.45913019774011,57.33583178844856,NA,"c(-122.171874011299, 37.4591301977401)",3165.0774912789316,-122.1366045,37.4543619,1.9671084470347615
-122.17003454802258,37.45913019774011,57.033387843417586,NA,"c(-122.170034548023, 37.4591301977401)",3004.7427314615215,-122.1366045,37.4543619,1.8674597460916853
-122.16819508474578,37.45913019774011,56.463470030194,NA,"c(-122.168195084746, 37.4591301977401)",2844.682196136382,-122.1366045,37.4543619,1.7679814767783606
-122.16635562146894,37.45913019774011,56.676256932976685,NA,"c(-122.166355621469, 37.4591301977401)",2684.9449287373177,-122.1366045,37.4543619,1.6687041197870216
-122.16451615819209,37.45913019774011,56.65087436781869,NA,"c(-122.164516158192, 37.4591301977401)",2525.592267692533,-122.1366045,37.4543619,1.569665797198591
-122.16267669491523,37.45913019774011,56.646488460712135,NA,"c(-122.162676694915, 37.4591301977401)",2366.7019022630025,-122.1366045,37.4543619,1.470914793202612
-122.1608372316384,37.45913019774011,56.65735289111035,NA,"c(-122.160837231638, 37.4591301977401)",2208.3736199473396,-122.1366045,37.4543619,1.3725131261325914
-122.1589977683616,37.45913019774011,56.570961805467846,NA,"c(-122.158997768362, 37.4591301977401)",2050.737612720298,-122.1366045,37.4543619,1.2745417108267856
-122.15715830508476,37.45913019774011,56.637246668324224,NA,"c(-122.157158305085, 37.4591301977401)",1893.9667439667192,-122.1366045,37.4543619,1.1771079825772026
-122.15531884180793,37.45913019774011,56.46699733976675,NA,"c(-122.155318841808, 37.4591301977401)",1738.2951011281264,-122.1366045,37.4543619,1.0803574276744103
-122.15347937853107,37.45913019774011,56.3408501260983,NA,"c(-122.153479378531, 37.4591301977401)",1584.046795553241,-122.1366045,37.4543619,0.9844914826309764
-122.15163991525422,37.45913019774011,56.40317984553985,NA,"c(-122.151639915254, 37.4591301977401)",1431.6819490136768,-122.1366045,37.4543619,0.8897961149867475
-122.1498004519774,37.45913019774011,57.357302175274526,NA,"c(-122.149800451977, 37.4591301977401)",1281.8723480458457,-122.1366045,37.4543619,0.796688842787971
-122.14796098870058,37.45913019774011,57.99339149793013,NA,"c(-122.147960988701, 37.4591301977401)",1135.553073118185,-122.1365694,37.4544169,0.7057508223232971
-122.14612152542374,37.45913019774011,57.95356138283387,NA,"c(-122.146121525424, 37.4591301977401)",993.9329938816032,-122.1365694,37.4544169,0.6177333709643277
-122.14428206214691,37.45913019774011,57.56246537035622,NA,"c(-122.144282062147, 37.4591301977401)",859.8251760144568,-122.1365694,37.4544169,0.5343848203943175
-122.14244259887008,37.45913019774011,58.32440270332154,NA,"c(-122.14244259887, 37.4591301977401)",737.3400795460872,-122.1365694,37.4544169,0.458259838126841
-122.14060313559324,37.45913019774011,57.87932677712661,NA,"c(-122.140603135593, 37.4591301977401)",633.2582215763119,-122.1365694,37.4544169,0.3935725429312069
-122.1387636723164,37.45913019774011,59.13102138679824,NA,"c(-122.138763672316, 37.4591301977401)",557.9749817235596,-122.1365694,37.4544169,0.34678370523527635
-122.13692420903956,37.45913019774011,59.77951114478492,NA,"c(-122.13692420904, 37.4591301977401)",524.0521997320403,-122.1365694,37.4544169,0.3257005591870978
-122.13508474576274,37.45913019774011,59.101628522192186,NA,"c(-122.135084745763, 37.4591301977401)",532.9013522733256,-122.13517730883336,37.45434362849227,0.33120034324010295
-122.13324528248587,37.45913019774011,58.80468572863174,NA,"c(-122.133245282486, 37.4591301977401)",522.5142403565745,-122.1335812,37.4544299,0.32474471122223403
-122.13140581920904,37.45913019774011,58.32579226092275,NA,"c(-122.131405819209, 37.4591301977401)",538.1532704823895,-122.13149746015915,37.45429643795586,0.33446443162361067
-122.1295663559322,37.45913019774011,58.33693924774707,NA,"c(-122.129566355932, 37.4591301977401)",528.3960744463891,-122.1238466,37.4605003,0.3284002948703475
-122.12772689265536,37.45913019774011,58.06436866550211,NA,"c(-122.127726892655, 37.4591301977401)",373.74296713226954,-122.12372689399444,37.46022140227987,0.23228276391067093
-122.12588742937852,37.45913019774011,57.8066760377842,NA,"c(-122.125887429379, 37.4591301977401)",218.8394047753578,-122.12347538508668,37.45957605262308,0.13600957413011672
-122.12404796610171,37.45913019774011,57.604959009295726,NA,"c(-122.124047966102, 37.4591301977401)",60.46140351898987,-122.12338129512356,37.45925245811849,0.0375770065375947
-122.12220850282488,37.45913019774011,57.616409109931055,0.02,"c(-122.122208502825, 37.4591301977401)",82.81460952784717,-122.1231078,37.4589232,0.05146961437405045
-122.12036903954802,37.45913019774011,57.56142651544542,0.02,"c(-122.120369039548, 37.4591301977401)",241.40746204483483,-122.1230382714726,37.45866815123292,0.15003571289299866
-122.1185295762712,37.45913019774011,57.699983807865294,0.02,"c(-122.118529576271, 37.4591301977401)",398.52537599925415,-122.1228388,37.4580846,0.24768513113688884
-122.11669011299438,37.45913019774011,57.73813010775939,0.02,"c(-122.116690112994, 37.4591301977401)",277.8794083273879,-122.11374402426728,37.46000449733656,0.1727031748461081
-122.11485064971752,37.45913019774011,57.77703045520548,0.6,"c(-122.114850649718, 37.4591301977401)",124.63114836209807,-122.11353949763136,37.45954522045238,0.07745876218899818
-122.11301118644069,37.45913019774011,57.81593080265111,0.6,"c(-122.113011186441, 37.4591301977401)",28.61816941366559,-122.1133347495034,37.459085440177134,0.01778630790159452
-122.11117172316388,37.45913019774011,57.85483115009674,0.6,"c(-122.111171723164, 37.4591301977401)",10.513555466811257,-122.11108268433088,37.459192842965166,0.00653421719503496
-122.19394757062148,37.46067214689267,55.81859157530107,NA,"c(-122.193947570621, 37.4606721468927)",5121.568523049247,-122.1366045,37.4543619,3.183075527066033
-122.19210810734464,37.46067214689267,55.70550139028637,NA,"c(-122.192108107345, 37.4606721468927)",4960.399801663825,-122.1366045,37.4543619,3.082908515639419
-122.1902686440678,37.460672146892634,55.59241120527077,NA,"c(-122.190268644068, 37.4606721468926)",4799.337632746805,-122.1366045,37.4543619,2.9828077270023647
-122.18842918079096,37.46067214689267,55.48825246407068,NA,"c(-122.188429180791, 37.4606721468927)",4638.39311606731,-122.1366045,37.4543619,2.882780059706221
-122.1810713276836,37.46067214689265,56.91544811118138,NA,"c(-122.181071327684, 37.4606721468926)",3996.0757385039374,-122.1366045,37.4543619,2.483577214732093
-122.16819508474578,37.46067214689265,56.22548869809543,NA,"c(-122.168195084746, 37.4606721468926)",2881.4021599894545,-122.1366045,37.4543619,1.790803082653483
-122.16635562146894,37.46067214689265,56.24025637590967,NA,"c(-122.166355621469, 37.4606721468926)",2723.8225009642456,-122.1366045,37.4543619,1.6928666879827503
-122.16451615819209,37.46067214689265,56.50196188635891,NA,"c(-122.164516158192, 37.4606721468926)",2566.887823257951,-122.1366045,37.4543619,1.5953311518073032
-122.16267669491523,37.46067214689265,56.71050395938761,NA,"c(-122.162676694915, 37.4606721468926)",2410.7240923003246,-122.1366045,37.4543619,1.4982747621506058
-122.1608372316384,37.46067214689265,56.56065228969965,NA,"c(-122.160837231638, 37.4606721468926)",2255.49144824073,-122.1366045,37.4543619,1.4017970467624172
-122.1589977683616,37.46067214689265,56.50036305548019,NA,"c(-122.158997768362, 37.4606721468926)",2101.3962427686865,-122.1366045,37.4543619,1.30602625405139
-122.15715830508476,37.460672146892634,56.619749751276686,NA,"c(-122.157158305085, 37.4606721468926)",1948.7083254201768,-122.1366045,37.4543619,1.2111300965942675
-122.15531884180793,37.460672146892634,56.689913797481495,NA,"c(-122.155318841808, 37.4606721468926)",1797.7862994936677,-122.1366045,37.4543619,1.1173314477897252
-122.15347937853107,37.460672146892634,56.56376658381305,NA,"c(-122.153479378531, 37.4606721468926)",1649.1150634768628,-122.1366045,37.4543619,1.0249316740067511
-122.15163991525422,37.460672146892634,56.47833545562753,NA,"c(-122.151639915254, 37.4606721468926)",1503.2819183428062,-122.1365694,37.4544169,0.9342957851726575
-122.1498004519774,37.46067214689267,57.40835984461592,NA,"c(-122.149800451977, 37.4606721468927)",1361.0061951500602,-122.1365694,37.4544169,0.8458708484462774
-122.14796098870058,37.46067214689265,58.36248217435059,NA,"c(-122.147960988701, 37.4606721468926)",1223.8433866434818,-122.1365694,37.4544169,0.7606236088523814
-122.14612152542374,37.46067214689265,59.316604504077986,NA,"c(-122.146121525424, 37.4606721468926)",1093.7188128356686,-122.1365694,37.4544169,0.6797506605566617
-122.14428206214691,37.460672146892634,59.60338949342258,NA,"c(-122.144282062147, 37.4606721468926)",973.4590299070366,-122.1365694,37.4544169,0.6050087196439009
-122.14244259887008,37.460672146892634,59.74380340782591,NA,"c(-122.14244259887, 37.4606721468926)",867.1779282229224,-122.1365694,37.4544169,0.5389545855953527
-122.14060313559324,37.46067214689267,59.304396827723394,NA,"c(-122.140603135593, 37.4606721468927)",780.6062198708632,-122.1365694,37.4544169,0.4851499191242158
-122.1387636723164,37.46067214689265,59.794774930080166,NA,"c(-122.138763672316, 37.4606721468926)",720.8800294487376,-122.1365694,37.4544169,0.44802985049641864
-122.13692420903956,37.46067214689267,59.59429813060342,NA,"c(-122.13692420904, 37.4606721468927)",694.9556808305547,-122.1365694,37.4544169,0.4319177631016499
-122.13508474576274,37.46067214689265,59.010429862082674,NA,"c(-122.135084745763, 37.4606721468926)",704.1981272123597,-122.1337499,37.4544171,0.4376619808653572
-122.13324528248587,37.46067214689265,58.33865882703685,NA,"c(-122.133245282486, 37.4606721468926)",693.4406889182923,-122.1335812,37.4544299,0.43097618950795047
-122.13140581920904,37.46067214689267,58.185765836889914,NA,"c(-122.131405819209, 37.4606721468927)",654.1599477344602,-122.1240223,37.460986,0.4065630501767931
-122.1295663559322,37.46067214689265,58.31089324702043,NA,"c(-122.129566355932, 37.4606721468926)",491.7269119839708,-122.1240223,37.460986,0.3056102622647426
-122.12772689265536,37.46067214689265,57.75115982583884,NA,"c(-122.127726892655, 37.4606721468926)",329.5971423529908,-122.1240223,37.460986,0.20484595547109433
-122.12588742937852,37.46067214689265,57.80226067498006,NA,"c(-122.125887429379, 37.4606721468926)",168.6475558795269,-122.1240223,37.460986,0.10481513727751826
-122.12404796610171,37.46067214689265,57.814165422647875,NA,"c(-122.124047966102, 37.4606721468926)",12.676716952819431,-122.12390877642594,37.46069973730427,0.00787863079727746
-122.12220850282488,37.46067214689265,57.85306577009351,0.02,"c(-122.122208502825, 37.4606721468926)",127.77912875693586,-122.12358269508717,37.46031472489701,0.07941524472152633
-122.12036903954802,37.46067214689265,57.8919661175396,0.02,"c(-122.120369039548, 37.4606721468926)",227.99743834105513,-122.12191997830978,37.46230902939134,0.14170132898760418
-122.1185295762712,37.46067214689265,57.93086646498523,0.02,"c(-122.118529576271, 37.4606721468926)",326.23607022463176,-122.12075031212169,37.4630134048359,0.2027570355653398
-122.11669011299438,37.46067214689265,57.96976681243086,0.02,"c(-122.116690112994, 37.4606721468926)",220.6670753934722,-122.1143561329857,37.461378988450925,0.13714547880265518
-122.11485064971752,37.46067214689265,58.00866715987695,0.6,"c(-122.114850649718, 37.4606721468926)",67.42197547486408,-122.11415150733056,37.46091950719955,0.04190303012732385
-122.11301118644069,37.460672146892634,58.08634957210961,0.6,"c(-122.113011186441, 37.4606721468926)",47.630162562244294,-122.11248059370553,37.46074757036941,0.02960233844763473
-122.1902686440678,37.46221409604517,55.61479385802522,NA,"c(-122.190268644068, 37.4622140960452)",4827.23268930575,-122.1366045,37.4543619,3.0001446173435364
-122.18842918079096,37.46221409604517,55.501703673010525,NA,"c(-122.188429180791, 37.4622140960452)",4667.253540527269,-122.1366045,37.4543619,2.9007169300977433
-122.16819508474578,37.46221409604517,56.219952360974276,NA,"c(-122.168195084746, 37.4622140960452)",2927.680755772407,-122.1366045,37.4543619,1.8195654168877609
-122.16635562146894,37.46221409604517,55.804255818846286,NA,"c(-122.166355621469, 37.4622140960452)",2772.735716428276,-122.1366045,37.4543619,1.723266448992092
-122.16451615819209,37.46221409604517,55.93018622189993,NA,"c(-122.164516158192, 37.4622140960452)",2618.7371922616308,-122.1366045,37.4543619,1.6275557441029402
-122.16267669491523,37.46221409604517,56.32992033368828,NA,"c(-122.162676694915, 37.4622140960452)",2465.862525565279,-122.1366045,37.4543619,1.5325435211717089
-122.1608372316384,37.46221409604517,56.38398356189737,NA,"c(-122.160837231638, 37.4622140960452)",2314.3344382362898,-122.1366045,37.4543619,1.438368202757172
-122.1589977683616,37.46221409604517,56.40658144645522,NA,"c(-122.158997768362, 37.4622140960452)",2164.4357633037635,-122.1366045,37.4543619,1.3452055707294988
-122.15715830508476,37.46221409604517,56.748578823659045,NA,"c(-122.157158305085, 37.4622140960452)",2016.529900503927,-122.1366045,37.4543619,1.253281479492807
-122.15531884180793,37.46221409604517,56.91283025519624,NA,"c(-122.155318841808, 37.4622140960452)",1871.0064014541829,-122.1365694,37.4544169,1.1628380369510147
-122.15347937853107,37.46221409604517,56.786683041525976,NA,"c(-122.153479378531, 37.4622140960452)",1728.354699084741,-122.1365694,37.4544169,1.0741794276474463
-122.15163991525422,37.46221409604517,56.70104871200601,NA,"c(-122.151639915254, 37.4622140960452)",1589.5682822549472,-122.1365694,37.4544169,0.9879231089216576
-122.1498004519774,37.46221409604517,57.459417513957305,NA,"c(-122.149800451977, 37.4622140960452)",1455.7530796100557,-122.1365694,37.4544169,0.9047564198943788
-122.14796098870058,37.46221409604517,58.41353984369198,NA,"c(-122.147960988701, 37.4622140960452)",1328.4122404237344,-122.1365694,37.4544169,0.8256135739115813
-122.14612152542374,37.46221409604517,59.367662173419376,NA,"c(-122.146121525424, 37.4622140960452)",1209.5922780976985,-122.1365694,37.4544169,0.7517664873198872
-122.14428206214691,37.46221409604517,60.32178450315405,NA,"c(-122.144282062147, 37.4622140960452)",1102.052732446308,-122.1365694,37.4544169,0.6849302252618447
-122.14244259887008,37.46221409604517,61.22887799498494,NA,"c(-122.14244259887, 37.4622140960452)",1009.4054280472968,-122.1365694,37.4544169,0.6273495513034785
-122.14060313559324,37.46221409604517,59.67713593870576,NA,"c(-122.140603135593, 37.4622140960452)",936.0826665143264,-122.1365694,37.4544169,0.581779158803186
-122.1387636723164,37.46221409604517,60.00723737300723,NA,"c(-122.138763672316, 37.4622140960452)",886.8903800797765,-122.1365694,37.4544169,0.5512059540582824
-122.13692420903956,37.46221409604517,58.95984426731593,NA,"c(-122.13692420904, 37.4622140960452)",865.9507384352552,-122.1365694,37.4544169,0.5381918821847453
-122.13508474576274,37.46221409604517,58.91685533514965,NA,"c(-122.135084745763, 37.4622140960452)",873.3810290084118,-122.1337499,37.4544171,0.5428098377926736
-122.13324528248587,37.46221409604517,58.071586414123885,NA,"c(-122.133245282486, 37.4622140960452)",826.538506850529,-122.1240243,37.4610168,0.5136970210382406
-122.13140581920904,37.46221409604517,58.47045456583146,NA,"c(-122.131405819209, 37.4622140960452)",666.4306556041657,-122.1240243,37.4610168,0.4141893446887295
-122.1295663559322,37.46221409604517,58.45497921627248,NA,"c(-122.129566355932, 37.4622140960452)",507.9974667399148,-122.1240243,37.4610168,0.3157224777749626
-122.12772689265536,37.46221409604517,57.753044808614504,NA,"c(-122.127726892655, 37.4622140960452)",353.49784417237004,-122.1240243,37.4610168,0.2197003382053263
-122.12588742937852,37.46221409604517,58.006901779872805,NA,"c(-122.125887429379, 37.4622140960452)",207.49476004337615,-122.12380631917652,37.461350612919155,0.1289588315993637
-122.12404796610171,37.46221409604517,58.04580212731844,NA,"c(-122.124047966102, 37.4622140960452)",81.65439165342819,-122.12351869354993,37.46161280242026,0.05074853427807842
-122.12220850282488,37.46221409604517,58.08470247476407,NA,"c(-122.122208502825, 37.4622140960452)",6.990130171960034,-122.12216086175538,37.46216396578343,0.00434439414043507
-122.12036903954802,37.46221409604519,58.12360282221016,0.02,"c(-122.120369039548, 37.4622140960452)",91.24901886613776,-122.12099221084742,37.462867734953605,0.05671163385092465
-122.1185295762712,37.46221409604517,58.16250316965579,0.02,"c(-122.118529576271, 37.4622140960452)",191.33630213053735,-122.1199199740866,37.463531802575496,0.11891628472997973
-122.11669011299438,37.46221409604519,58.201403517101426,0.6,"c(-122.116690112994, 37.4622140960452)",163.45474231499426,-122.11496822071932,37.46275337863946,0.10158778266935628
-122.18842918079096,37.463756045197734,55.524086325764074,NA,"c(-122.188429180791, 37.4637560451977)",4702.169196558073,-122.1366045,37.4543619,2.9224171513723265
-122.16451615819209,37.463756045197734,55.66902063343218,NA,"c(-122.164516158192, 37.4637560451977)",2680.5280269853865,-122.1366045,37.4543619,1.6659589975049016
-122.16267669491523,37.463756045197734,56.284807081045074,NA,"c(-122.162676694915, 37.4637560451977)",2531.3909175637914,-122.1366045,37.4543619,1.5732696815188263
-122.1608372316384,37.463756045197734,56.335183334264,NA,"c(-122.160837231638, 37.4637560451977)",2384.034552608629,-122.1366045,37.4543619,1.481687105412448
-122.1589977683616,37.463756045197734,56.38604097704956,NA,"c(-122.158997768362, 37.4637560451977)",2238.7257664133135,-122.1365694,37.4544169,1.391377107777075
-122.15715830508476,37.463756045197734,56.877407896041404,NA,"c(-122.157158305085, 37.4637560451977)",2095.830645601226,-122.1365694,37.4544169,1.302567212928046
-122.15531884180793,37.463756045197734,57.172679916227935,NA,"c(-122.155318841808, 37.4637560451977)",1956.039465676092,-122.1365694,37.4544169,1.2156864298794854
-122.15347937853107,37.46375604519772,57.00959949924072,NA,"c(-122.153479378531, 37.4637560451977)",1820.0675663672805,-122.1365694,37.4544169,1.1311793451630083
-122.15163991525422,37.463756045197734,56.89092335631767,NA,"c(-122.151639915254, 37.4637560451977)",1688.8376949275928,-122.1365694,37.4544169,1.0496194499239235
-122.1498004519774,37.463756045197734,57.510475183298695,NA,"c(-122.149800451977, 37.4637560451977)",1563.5443174004668,-122.1365694,37.4544169,0.9717491096336028
-122.14796098870058,37.463756045197734,58.46459751303337,NA,"c(-122.147960988701, 37.4637560451977)",1445.7317054973405,-122.1365694,37.4544169,0.8985280953992172
-122.14612152542374,37.463756045197734,59.418719842760765,NA,"c(-122.146121525424, 37.4637560451977)",1337.3783142245395,-122.1365694,37.4544169,0.8311860249997138
-122.14428206214691,37.463756045197734,60.37284217249544,NA,"c(-122.144282062147, 37.4637560451977)",1240.9643854021106,-122.1365694,37.4544169,0.7712643787458736
-122.14244259887008,37.463756045197734,61.33261113334447,NA,"c(-122.14244259887, 37.4637560451977)",1159.4721712053806,-122.1365694,37.4544169,0.7206166384122937
-122.14060313559324,37.463756045197734,60.797862278384855,NA,"c(-122.140603135593, 37.4637560451977)",1096.2345028897823,-122.1365694,37.4544169,0.6813141720881183
-122.1387636723164,37.463756045197734,58.73757811789619,NA,"c(-122.138763672316, 37.4637560451977)",1054.5405229139024,-122.1365694,37.4544169,0.6554011950987585
-122.13692420903956,37.463756045197734,58.67956271947696,NA,"c(-122.13692420904, 37.4637560451977)",1036.992094118547,-122.1365694,37.4544169,0.6444947757107189
-122.13508474576274,37.463756045197734,58.227519918018515,NA,"c(-122.135084745763, 37.4637560451977)",1024.655752055916,-122.1240243,37.4610168,0.6368276892827321
-122.13324528248587,37.463756045197734,57.7396046772792,NA,"c(-122.133245282486, 37.4637560451977)",870.5869456754316,-122.1240243,37.4610168,0.5410733037137548
-122.13140581920904,37.463756045197734,58.650343076071294,NA,"c(-122.131405819209, 37.4637560451977)",720.3405125499584,-122.1240243,37.4610168,0.4476945385642998
-122.1295663559322,37.463756045197734,57.69997078247304,NA,"c(-122.129566355932, 37.4637560451977)",575.0877547238323,-122.12379830052404,37.46136289251171,0.3574193627867199
-122.12772689265536,37.463756045197734,57.80253899714444,NA,"c(-122.127726892655, 37.4637560451977)",436.841065401554,-122.1236939,37.4614851,0.2714984868872306
-122.12588742937852,37.463756045197734,58.23853848454428,NA,"c(-122.125887429379, 37.4637560451977)",316.47423182661174,-122.1235677,37.4615854,0.19669001356532737
-122.12404796610171,37.463756045197734,58.27743883198991,NA,"c(-122.124047966102, 37.4637560451977)",221.98063877560733,-122.12260959657918,37.4621211252587,0.13796186375115435
-122.12220850282488,37.463756045197734,58.316339179435545,NA,"c(-122.122208502825, 37.4637560451977)",125.13468383236902,-122.12137083946638,37.46284965245725,0.07777171151794221
-122.12036903954802,37.463756045197734,58.35523952688163,NA,"c(-122.120369039548, 37.4637560451977)",25.2369027512844,-122.12018569941486,37.46358221044956,0.01568483701136383
-122.1185295762712,37.463756045197734,58.47488497121958,0.6,"c(-122.118529576271, 37.4637560451977)",61.25814985213322,-122.11899228633276,37.46416584777224,0.03807218760232021
-122.16267669491523,37.465297994350266,56.23969382840096,NA,"c(-122.162676694915, 37.4652979943503)",2606.4396836223805,-122.1365694,37.4544169,1.6199127928044628
-122.1608372316384,37.46529799435029,56.12891653318593,NA,"c(-122.160837231638, 37.4652979943503)",2463.374360654306,-122.1365694,37.4544169,1.5309971166279095
-122.1589977683616,37.465297994350266,56.51487004942828,NA,"c(-122.158997768362, 37.4652979943503)",2322.900950800663,-122.1365694,37.4544169,1.443692324922724
-122.15715830508476,37.465297994350266,57.006236968420126,NA,"c(-122.157158305085, 37.4652979943503)",2185.5192939304616,-122.1365694,37.4544169,1.3583090701867382
-122.15531884180793,37.46529799435026,57.41989340842974,NA,"c(-122.155318841808, 37.4652979943503)",2051.8505090972208,-122.1365694,37.4544169,1.2752333804208955
-122.15347937853107,37.46529799435026,57.23251595695365,NA,"c(-122.153479378531, 37.4652979943503)",1922.6691369269145,-122.1365694,37.4544169,1.1949466357532097
-122.15163991525422,37.46529799435029,57.10636874328338,NA,"c(-122.151639915254, 37.4652979943503)",1798.9421556994662,-122.1365694,37.4544169,1.1180498170910294
-122.1498004519774,37.46529799435029,57.56153285263281,NA,"c(-122.149800451977, 37.4652979943503)",1681.8737527657536,-122.1365694,37.4544169,1.045291331737572
-122.14796098870058,37.465297994350266,58.51565518236748,NA,"c(-122.147960988701, 37.4652979943503)",1572.951344541817,-122.1365694,37.4544169,0.9775956150042368
-122.14612152542374,37.46529799435026,59.46977751209488,NA,"c(-122.146121525424, 37.4652979943503)",1473.9819252217562,-122.1365694,37.4544169,0.9160857210825084
-122.14428206214691,37.465297994350266,60.42389984182955,NA,"c(-122.144282062147, 37.4652979943503)",1387.0975708637436,-122.1365694,37.4544169,0.8620867438556518
-122.14244259887008,37.46529799435026,60.92364010442634,NA,"c(-122.14244259887, 37.4652979943503)",1314.696466123128,-122.1365694,37.4544169,0.8170891647750951
-122.14060313559324,37.465297994350266,60.68722446708125,NA,"c(-122.140603135593, 37.4652979943503)",1259.279197312054,-122.1365694,37.4544169,0.7826471083356458
-122.1387636723164,37.46529799435029,58.764212194946595,NA,"c(-122.138763672316, 37.4652979943503)",1223.1563953108168,-122.1365694,37.4544169,0.7601966409638389
-122.13692420903956,37.465297994350266,58.78399611732311,NA,"c(-122.13692420904, 37.4652979943503)",1208.060101928787,-122.1365694,37.4544169,0.7508142336412598
-122.13508474576274,37.46529799435026,58.43518397699518,NA,"c(-122.135084745763, 37.4652979943503)",1087.7700856710708,-122.1240243,37.4610168,0.6760535025923373
-122.13324528248587,37.465297994350266,58.03065982047701,NA,"c(-122.133245282486, 37.4652979943503)",942.995460664192,-122.1237949,37.4613681,0.5860754882934692
-122.13140581920904,37.465297994350266,57.8502746061713,NA,"c(-122.131405819209, 37.4652979943503)",802.2530621955445,-122.1237949,37.4613681,0.4986035190774049
-122.1295663559322,37.465297994350266,57.71650229197212,NA,"c(-122.129566355932, 37.4652979943503)",670.0670999416864,-122.1236939,37.4614851,0.4164494095349201
-122.12772689265536,37.46529799435026,58.431274841768754,NA,"c(-122.127726892655, 37.4652979943503)",552.4272155425274,-122.1235677,37.4615854,0.3433357461420307
-122.12588742937852,37.465297994350266,58.47017518921484,NA,"c(-122.125887429379, 37.4652979943503)",455.90892742329487,-122.12293133615516,37.4619412257177,0.2833492401636388
-122.12404796610171,37.465297994350266,58.509075536660475,NA,"c(-122.124047966102, 37.4652979943503)",359.3054284087385,-122.1215775,37.4627284,0.22330977526957024
-122.12220850282488,37.465297994350266,58.54797588410611,NA,"c(-122.122208502825, 37.4652979943503)",261.18988302933195,-122.1203192298114,37.46349340913873,0.16233056745141825
-122.12036903954802,37.46529799435029,58.724766061392074,NA,"c(-122.120369039548, 37.4652979943503)",153.2417259245399,-122.11917840799562,37.46429701937516,0.09524035172438776
-122.16267669491523,37.46683994350283,56.18027605602765,NA,"c(-122.162676694915, 37.4668399435028)",2689.9906358796215,-122.1365694,37.4544169,1.6718400471594914
-122.1608372316384,37.46683994350283,56.1523322028188,NA,"c(-122.160837231638, 37.4668399435028)",2551.6171210467733,-122.1365694,37.4544169,1.585840348692836
-122.1589977683616,37.46683994350283,56.64369912181064,NA,"c(-122.158997768362, 37.4668399435028)",2416.282128825417,-122.1365694,37.4544169,1.5017291043041747
-122.15715830508476,37.46683994350283,57.135066040802485,NA,"c(-122.157158305085, 37.4668399435028)",2284.5257281021168,-122.1365694,37.4544169,1.419841968988264
-122.15531884180793,37.46683994350283,57.62643295979433,NA,"c(-122.155318841808, 37.4668399435028)",2157.003792646507,-122.1365694,37.4544169,1.340586570942515
-122.15347937853107,37.46683994350283,57.455432414668394,NA,"c(-122.153479378531, 37.4668399435028)",2034.5127189794543,-122.1365694,37.4544169,1.2644578738219108
-122.15163991525422,37.46683994350283,57.32928520099813,NA,"c(-122.151639915254, 37.4668399435028)",1918.0166133670127,-122.1365694,37.4544169,1.1920550735655766
-122.1498004519774,37.46683994350283,57.6125905219742,NA,"c(-122.149800451977, 37.4668399435028)",1808.6742487411968,-122.1365694,37.4544169,1.1240983522319434
-122.14796098870058,37.46683994350283,58.56671285170887,NA,"c(-122.147960988701, 37.4668399435028)",1707.8601905770786,-122.1365694,37.4544169,1.061442007816705
-122.14612152542374,37.46683994350283,59.52083518143627,NA,"c(-122.146121525424, 37.4668399435028)",1617.1701848567427,-122.1365694,37.4544169,1.0050778028941845
-122.14428206214691,37.46683994350283,60.47495751117094,NA,"c(-122.144282062147, 37.4668399435028)",1538.3957445548274,-122.1365694,37.4544169,0.9561191700154305
-122.14244259887008,37.46683994350283,60.584770088888945,NA,"c(-122.14244259887, 37.4668399435028)",1473.449222362127,-122.1365694,37.4544169,0.9157546441032488
-122.14060313559324,37.46683994350283,60.569583712203894,NA,"c(-122.140603135593, 37.4668399435028)",1424.2235916142745,-122.1365694,37.4544169,0.8851607157329239
-122.1387636723164,37.46683994350283,58.846772707646835,NA,"c(-122.138763672316, 37.4668399435028)",1392.3872130309444,-122.1365694,37.4544169,0.8653742778315379
-122.13692420903956,37.46683994350283,58.888429515169264,NA,"c(-122.13692420904, 37.4668399435028)",1310.703314418053,-122.1237949,37.4613681,0.8146074048589516
-122.13508474576274,37.46683994350283,58.597078003542265,NA,"c(-122.135084745763, 37.4668399435028)",1168.9266007733142,-122.1237949,37.4613681,0.7264926045825446
-122.13324528248587,37.46683994350283,58.33662376379653,NA,"c(-122.133245282486, 37.4668399435028)",1033.0613605150938,-122.1236939,37.4614851,0.6420518088968886
-122.13140581920904,37.46683994350283,58.0352577993217,NA,"c(-122.131405819209, 37.4668399435028)",904.810821130878,-122.1236939,37.4614851,0.5623435805661144
-122.1295663559322,37.46683994350283,57.869923809251304,NA,"c(-122.129566355932, 37.4668399435028)",788.4989370465661,-122.1235677,37.4615854,0.49005527473372656
-122.12772689265536,37.466839943502855,58.66291154644023,NA,"c(-122.127726892655, 37.4668399435029)",689.5593574548417,-122.1235677,37.4615854,0.4285639263237052
-122.12588742937852,37.46683994350283,58.701811893886315,NA,"c(-122.125887429379, 37.4668399435028)",561.6290955214698,-122.1210806,37.4701457,0.3490547517224797
-122.12404796610171,37.46683994350283,58.778881064434245,NA,"c(-122.124047966102, 37.4668399435028)",444.57203081254806,-122.1196214,37.4687364,0.2763033131215339
-122.1608372316384,37.46838189265537,56.28116127520116,NA,"c(-122.160837231638, 37.4683818926554)",2647.9919559082973,-122.1365694,37.4544169,1.645737697892043
-122.1589977683616,37.46838189265537,56.772528194193,NA,"c(-122.158997768362, 37.4683818926554)",2517.8452294964964,-122.1365694,37.4544169,1.5648509816634533
-122.15715830508476,37.46838189265536,57.26389511318485,NA,"c(-122.157158305085, 37.4683818926554)",2391.6930814045472,-122.1365694,37.4544169,1.486446911997854
-122.15531884180793,37.46838189265537,57.75526203217669,NA,"c(-122.155318841808, 37.4683818926554)",2270.2015299601485,-122.1365694,37.4544169,1.410939421976475
-122.15347937853107,37.46838189265537,57.79574107676308,NA,"c(-122.153479378531, 37.4683818926554)",2154.1592728667397,-122.1365694,37.4544169,1.3388186904081665
-122.15163991525422,37.46838189265537,57.552201658711056,NA,"c(-122.151639915254, 37.4683818926554)",2044.494400718566,-122.1365694,37.4544169,1.2706615293465295
-122.1498004519774,37.46838189265537,57.674243380760174,NA,"c(-122.149800451977, 37.4683818926554)",1942.2874483185744,-122.1365694,37.4544169,1.207139495536715
-122.14796098870058,37.46838189265537,58.61777052105026,NA,"c(-122.147960988701, 37.4683818926554)",1848.7757313968675,-122.1365694,37.4544169,1.1490215857034602
-122.14612152542374,37.46838189265536,59.57189285077766,NA,"c(-122.146121525424, 37.4683818926554)",1765.341574318902,-122.1365694,37.4544169,1.0971669200241778
-122.14428206214691,37.46838189265537,60.250098212353805,NA,"c(-122.144282062147, 37.4683818926554)",1693.4751368375842,-122.1365694,37.4544169,1.0525016388052109
-122.14244259887008,37.46838189265537,60.24590007335519,NA,"c(-122.14244259887, 37.4683818926554)",1634.7027865244568,-122.1365694,37.4544169,1.0159743856584569
-122.14060313559324,37.46838189265537,60.24170193435748,NA,"c(-122.140603135593, 37.4683818926554)",1590.4767705496415,-122.1365694,37.4544169,0.9884877380668998
-122.1387636723164,37.46838189265537,58.99116141530976,NA,"c(-122.138763672316, 37.4683818926554)",1499.6850182405267,-122.1231477,37.4736421,0.9320602972284192
-122.13692420903956,37.46838189265537,58.99286291301905,NA,"c(-122.13692420904, 37.4683818926554)",1350.6156641303994,-122.1230471,37.4734568,0.8394130914421376
-122.13508474576274,37.46838189265537,58.891410500240454,NA,"c(-122.135084745763, 37.4683818926554)",1203.6319882008002,-122.122401,37.4723075,0.7480621430707273
-122.13324528248587,37.46838189265537,58.64258770711603,NA,"c(-122.133245282486, 37.4683818926554)",1053.594665440181,-122.122401,37.4723075,0.6548133408577881
-122.13140581920904,37.46838189265537,58.34122174264121,NA,"c(-122.131405819209, 37.4683818926554)",906.6646056768952,-122.121619,37.4708081,0.5634957151503389
-122.1295663559322,37.46838189265537,58.85888601309853,NA,"c(-122.129566355932, 37.4683818926554)",752.838306125002,-122.121619,37.4708081,0.4678920485550043
-122.12772689265536,37.46838189265537,58.89454825111079,NA,"c(-122.127726892655, 37.4683818926554)",603.6942582401133,-122.121619,37.4708081,0.3751984202859623
-122.12588742937852,37.46838189265537,59.07179706861643,NA,"c(-122.125887429379, 37.4683818926554)",463.476842234308,-122.1214375,37.4705862,0.2880527297913661
-122.1608372316384,37.46992384180791,56.40999034758352,NA,"c(-122.160837231638, 37.4699238418079)",2751.6445419247243,-122.1365694,37.4544169,1.7101581988345085
-122.1589977683616,37.469923841807905,56.90135726657536,NA,"c(-122.158997768362, 37.4699238418079)",2626.641333349994,-122.1365694,37.4544169,1.6324681997203194
-122.15715830508476,37.469923841807905,57.3927241855672,NA,"c(-122.157158305085, 37.4699238418079)",2505.974582867224,-122.1365694,37.4544169,1.557473326828604
-122.15531884180793,37.469923841807905,57.88409110455905,NA,"c(-122.155318841808, 37.4699238418079)",2390.301117661231,-122.1365694,37.4544169,1.485581800908161
-122.15347937853107,37.469923841807905,57.993045943534526,NA,"c(-122.153479378531, 37.4699238418079)",2280.3809251154116,-122.1365694,37.4544169,1.41726595718795
-122.15163991525422,37.469923841807905,57.7751181164258,NA,"c(-122.151639915254, 37.4699238418079)",2177.085621140885,-122.1365694,37.4544169,1.3530675084778652
-122.1498004519774,37.469923841807905,57.67044006152719,NA,"c(-122.149800451977, 37.4699238418079)",2081.4017747006105,-122.1365694,37.4544169,1.2935996113739034
-122.14796098870058,37.469923841807905,58.66882819039165,NA,"c(-122.147960988701, 37.4699238418079)",1994.425180750599,-122.1365694,37.4544169,1.239543306867992
-122.14612152542374,37.4699238418079,59.62295052011905,NA,"c(-122.146121525424, 37.4699238418079)",1917.3411703625125,-122.1365694,37.4544169,1.191635283009641
-122.14428206214691,37.469923841807905,59.91122819681823,NA,"c(-122.144282062147, 37.4699238418079)",1851.3858143928444,-122.1365694,37.4544169,1.1506437628296111
-122.14244259887008,37.4699238418079,59.90703005781961,NA,"c(-122.14244259887, 37.4699238418079)",1742.358177911031,-122.1243882,37.4762004,1.0828826463089067
-122.14060313559324,37.469923841807905,59.9028319188219,NA,"c(-122.140603135593, 37.4699238418079)",1594.5427183334632,-122.1243882,37.4762004,0.9910147410400642
-122.1387636723164,37.469923841807905,59.15893665612384,NA,"c(-122.138763672316, 37.4699238418079)",1440.7918752046592,-122.1231875021014,37.47375760663068,0.8954579709165066
-122.13692420903956,37.469923841807905,59.0972963108652,NA,"c(-122.13692420904, 37.4699238418079)",1286.6293264007732,-122.1231477,37.4736421,0.7996453240526868
-122.13508474576274,37.469923841807905,59.21859006458908,NA,"c(-122.135084745763, 37.4699238418079)",1133.711583514035,-122.1231477,37.4736421,0.7046063290951119
-122.13324528248587,37.46992384180791,58.94855165043555,NA,"c(-122.133245282486, 37.4699238418079)",983.6512357605596,-122.1230471,37.4734568,0.6113432167560967
-122.13140581920904,37.4699238418079,58.82189293336705,NA,"c(-122.131405819209, 37.4699238418079)",836.0996304762352,-122.1228889,37.4731906,0.5196392979964172
-122.1295663559322,37.4699238418079,59.08287715763436,NA,"c(-122.129566355932, 37.4699238418079)",686.8381600687655,-122.122401,37.4723075,0.4268726911552303
-122.12772689265536,37.46992384180791,59.39349679583757,NA,"c(-122.127726892655, 37.4699238418079)",540.3214985384487,-122.1223043,37.4721647,0.33581199411960766
-122.16635562146894,37.47146579096045,55.56789533840674,NA,"c(-122.166355621469, 37.4714657909604)",3244.1441550478585,-122.1365694,37.4544169,2.016248697978781
-122.16451615819209,37.47146579096045,55.9308862300868,NA,"c(-122.164516158192, 37.4714657909604)",3113.4040309812,-122.1365694,37.4544169,1.9349931827105031
-122.16267669491523,37.47146579096045,56.15262999724473,NA,"c(-122.162676694915, 37.4714657909604)",2985.8104159171917,-122.1365694,37.4544169,1.8556932354985656
-122.1608372316384,37.47146579096045,56.53881941996587,NA,"c(-122.160837231638, 37.4714657909604)",2861.7842053587624,-122.1365694,37.4544169,1.7786104445983608
-122.1589977683616,37.471465790960465,57.03018633895772,NA,"c(-122.158997768362, 37.4714657909605)",2741.809558511746,-122.1365694,37.4544169,1.7040457169122103
-122.15715830508476,37.471465790960465,57.52155325794956,NA,"c(-122.157158305085, 37.4714657909605)",2626.441754795189,-122.1365694,37.4544169,1.6323441608422553
-122.15531884180793,37.47146579096045,58.01292017694141,NA,"c(-122.155318841808, 37.4714657909604)",2516.314516679018,-122.1365694,37.4544169,1.5638996374636531
-122.15347937853107,37.47146579096045,58.20196560012846,NA,"c(-122.153479378531, 37.4714657909604)",2412.1457298292767,-122.1365694,37.4544169,1.4991583156179469
-122.15163991525422,37.47146579096045,57.99803457414055,NA,"c(-122.151639915254, 37.4714657909604)",2314.7399674176413,-122.1365694,37.4544169,1.438620240781629
-122.1498004519774,37.47146579096045,57.88278357769241,NA,"c(-122.149800451977, 37.4714657909604)",2224.985625014483,-122.1365694,37.4544169,1.3828375543906049
-122.14796098870058,37.47146579096045,58.71988585973304,NA,"c(-122.147960988701, 37.4714657909604)",2143.6961288381667,-122.1250962,37.4778679,1.3323158041256475
-122.14612152542374,37.47146579096045,59.57655632028036,NA,"c(-122.146121525424, 37.4714657909604)",1990.9145431395195,-122.1250962,37.4778679,1.2373614314105157
-122.14428206214691,37.47146579096045,59.57235818128265,NA,"c(-122.144282062147, 37.4714657909604)",1836.5190611166815,-122.1243882,37.4762004,1.141404015610119
-122.14244259887008,37.47146579096045,59.568160042284035,NA,"c(-122.14244259887, 37.4714657909604)",1681.2544128291083,-122.1243882,37.4762004,1.0449064094649525
-122.14060313559324,37.47146579096045,59.56396190328633,NA,"c(-122.140603135593, 37.4714657909604)",1527.5408319716798,-122.1243882,37.4762004,0.949372797993586
-122.1387636723164,37.47146579096045,59.33048077537387,NA,"c(-122.138763672316, 37.4714657909604)",1375.898266619406,-122.1243882,37.4762004,0.8551263310251125
-122.13692420903956,37.47146579096045,59.46989503239729,NA,"c(-122.13692420904, 37.4714657909604)",1227.094756351779,-122.1243882,37.4762004,0.7626443482608946
-122.13508474576274,37.47146579096045,59.54441290797695,NA,"c(-122.135084745763, 37.4714657909604)",1081.9712474476028,-122.123231,37.4738699,0.672449501210443
-122.13324528248587,37.47146579096045,59.52585673901558,NA,"c(-122.133245282486, 37.4714657909604)",925.1526733035682,-122.123231,37.4738699,0.5749861238679728
-122.13140581920904,37.47146579096045,59.64098851556628,NA,"c(-122.131405819209, 37.4714657909604)",769.3926534990361,-122.1231477,37.4736421,0.47818064232382607
-122.17003454802258,37.473007740113005,54.94178219424066,NA,"c(-122.170034548023, 37.473007740113)",3608.669108425449,-122.1365694,37.4544169,2.2428024291022055
-122.16819508474578,37.473007740113005,55.72235480034033,NA,"c(-122.168195084746, 37.473007740113)",3476.405285328755,-122.1365694,37.4544169,2.160599928731358
-122.16635562146894,37.473007740113005,56.18141715377078,NA,"c(-122.166355621469, 37.473007740113)",3346.828261403481,-122.1365694,37.4544169,2.080067284899615
-122.16451615819209,37.473007740113005,56.5005225050827,NA,"c(-122.164516158192, 37.473007740113)",3220.262387579327,-122.1365694,37.4544169,2.0014060830200915
-122.16267669491523,37.47300774011299,56.59694708178176,NA,"c(-122.162676694915, 37.473007740113)",3097.076849024478,-122.1365694,37.4544169,1.924845773166239
-122.1608372316384,37.47300774011301,56.514361297178766,NA,"c(-122.160837231638, 37.473007740113)",2977.6912034945326,-122.1365694,37.4544169,1.8506471121780812
-122.1589977683616,37.473007740113005,56.57529947270814,NA,"c(-122.158997768362, 37.473007740113)",2862.580920938562,-122.1365694,37.4544169,1.7791056065497588
-122.15715830508476,37.47300774011299,57.65038233033192,NA,"c(-122.157158305085, 37.473007740113)",2752.2824865329503,-122.1365694,37.4544169,1.7105546839856745
-122.15531884180793,37.473007740113005,58.141749249323766,NA,"c(-122.155318841808, 37.473007740113)",2647.3973962915293,-122.1365694,37.4544169,1.645368176688334
-122.15347937853107,37.473007740113005,58.50667175603394,NA,"c(-122.153479378531, 37.473007740113)",2548.5940817951373,-122.1365694,37.4544169,1.5839615175855422
-122.15163991525422,37.473007740113005,58.40164501196705,NA,"c(-122.151639915254, 37.473007740113)",2409.0744534301484,-122.1250962,37.4778679,1.4972495049286192
-122.1498004519774,37.473007740113005,58.17256076956983,NA,"c(-122.149800451977, 37.473007740113)",2250.7918487648208,-122.1250962,37.4778679,1.3988762267028096
-122.14796098870058,37.473007740113005,58.77094352907443,NA,"c(-122.147960988701, 37.473007740113)",2093.188085096762,-122.1250962,37.4778679,1.3009248508991684
-122.14612152542374,37.473007740113005,59.237686304744784,NA,"c(-122.146121525424, 37.473007740113)",1936.428919897584,-122.1250962,37.4778679,1.2034983964559256
-122.14428206214691,37.473007740113005,59.23348816574707,NA,"c(-122.144282062147, 37.473007740113)",1780.7374184282933,-122.1250962,37.4778679,1.10673549933393
-122.14244259887008,37.473007740113005,59.169261826522416,NA,"c(-122.14244259887, 37.473007740113)",1626.4202207683445,-122.1250962,37.4778679,1.0108267375813202
-122.14060313559324,37.47300774011299,58.91603545297039,NA,"c(-122.140603135593, 37.473007740113)",1473.9090560238035,-122.1250962,37.4778679,0.9160404325816056
-122.1387636723164,37.473007740113005,58.42698963666771,NA,"c(-122.138763672316, 37.473007740113)",1320.0357171959174,-122.1243882,37.4762004,0.8204075308862134
-122.13692420903956,37.473007740113005,59.12065277025249,NA,"c(-122.13692420904, 37.473007740113)",1164.116726369439,-122.1243882,37.4762004,0.7235032482097197
-122.13508474576274,37.473007740113005,59.46862375530327,NA,"c(-122.135084745763, 37.473007740113)",1010.341812053558,-122.1243882,37.4762004,0.6279315177461516
-122.13324528248587,37.473007740113005,59.87167711711663,NA,"c(-122.133245282486, 37.473007740113)",859.8620636459057,-122.1243882,37.4762004,0.5344077462062807
-122.17187401129944,37.474549689265544,55.494140110882654,NA,"c(-122.171874011299, 37.4745496892655)",3840.294495794046,-122.1365694,37.4544169,2.386758543066529
-122.17003454802258,37.474549689265544,55.53845755370821,NA,"c(-122.170034548023, 37.4745496892655)",3709.1533259043326,-122.1365694,37.4544169,2.305253776199088
-122.16819508474578,37.474549689265544,56.055545916751726,NA,"c(-122.168195084746, 37.4745496892655)",3580.605900848279,-122.1365694,37.4544169,2.225361032223915
-122.16635562146894,37.474549689265544,56.509705450283946,NA,"c(-122.166355621469, 37.4745496892655)",3454.9417478610244,-122.1365694,37.4544169,2.1472602534872745
-122.16451615819209,37.47454968926553,57.16451020092791,NA,"c(-122.164516158192, 37.4745496892655)",3332.487057314545,-122.1365694,37.4544169,2.0711541686230857
-122.16267669491523,37.47454968926555,56.8567250604483,NA,"c(-122.162676694915, 37.4745496892656)",3213.6087402969893,-122.1365694,37.4544169,1.997270814354872
-122.1608372316384,37.47454968926555,56.9586783817158,NA,"c(-122.160837231638, 37.4745496892656)",3098.7184329993574,-122.1365694,37.4544169,1.925866024238258
-122.1589977683616,37.474549689265544,56.8760925971128,NA,"c(-122.158997768362, 37.4745496892655)",2988.276152123211,-122.1365694,37.4544169,1.8572257005116293
-122.15715830508476,37.474549689265544,56.793506812507985,NA,"c(-122.157158305085, 37.4745496892655)",2858.4219413708097,-122.1251391,37.4780297,1.7765207839470538
-122.15531884180793,37.47454968926555,57.76687643254991,NA,"c(-122.155318841808, 37.4745496892656)",2697.296949505527,-122.1251391,37.4780297,1.676380950593864
-122.15347937853107,37.47454968926553,58.76194524069797,NA,"c(-122.153479378531, 37.4745496892655)",2536.3739193460633,-122.1251391,37.4780297,1.5763666372567204
-122.15163991525422,37.47454968926553,58.54871572517368,NA,"c(-122.151639915254, 37.4745496892655)",2375.693892318702,-122.1251391,37.4780297,1.4765033513478574
-122.1498004519774,37.474549689265544,58.47781800814573,NA,"c(-122.149800451977, 37.4745496892655)",2215.3097453682717,-122.1251391,37.4780297,1.3768239561020956
-122.14796098870058,37.47454968926555,58.80930719122989,NA,"c(-122.147960988701, 37.4745496892656)",2055.290746528584,-122.1251391,37.4780297,1.277371501882277
-122.14612152542374,37.474549689265544,58.766648538590744,NA,"c(-122.146121525424, 37.4745496892655)",1895.7293648604448,-122.1251391,37.4780297,1.1782034585832473
-122.14428206214691,37.474549689265544,58.71013052117269,NA,"c(-122.144282062147, 37.4745496892655)",1736.5565387983247,-122.1250962,37.4778679,1.079276904163036
-122.14244259887008,37.474549689265544,58.34463288939878,NA,"c(-122.14244259887, 37.4745496892655)",1577.9278802530118,-122.1250962,37.4778679,0.9806885520528352
-122.14060313559324,37.474549689265544,58.09918642213779,NA,"c(-122.140603135593, 37.4745496892655)",1420.2222643348955,-122.1250962,37.4778679,0.882673874664323
-122.1387636723164,37.474549689265544,58.43349589879654,NA,"c(-122.138763672316, 37.4745496892655)",1263.785293124441,-122.1250962,37.4778679,0.7854476650866632
-122.17739240112994,37.47609163841809,55.215772000516154,NA,"c(-122.17739240113, 37.4760916384181)",4339.307168877051,-122.1365694,37.4544169,2.696896935287166
-122.17555293785308,37.47609163841809,55.41541750212218,NA,"c(-122.175552937853, 37.4760916384181)",4204.839588508316,-122.1365694,37.4544169,2.613324790869059
-122.17371347457627,37.47609163841809,55.72858667321225,NA,"c(-122.173713474576, 37.4760916384181)",4072.4351163209863,-122.1365694,37.4544169,2.53103487652019
-122.17187401129944,37.476091638418104,55.96471653833214,NA,"c(-122.171874011299, 37.4760916384181)",3942.301629876555,-122.1365694,37.4544169,2.4501563889848077
-122.17003454802258,37.47609163841809,56.29593649506751,NA,"c(-122.170034548023, 37.4760916384181)",3814.6715531403406,-122.1365694,37.4544169,2.370833780696296
-122.16819508474578,37.47609163841809,56.58526546425128,NA,"c(-122.168195084746, 37.4760916384181)",3689.804673594874,-122.1365694,37.4544169,2.293228510624534
-122.16635562146894,37.476091638418104,56.94938102691049,NA,"c(-122.166355621469, 37.4760916384181)",3567.9911090253904,-122.1365694,37.4544169,2.217520888145053
-122.16451615819209,37.47609163841809,57.56805075061857,NA,"c(-122.164516158192, 37.4760916384181)",3449.5543383283557,-122.1365694,37.4544169,2.1439119566987914
-122.16267669491523,37.47609163841809,57.29987626040266,NA,"c(-122.162676694915, 37.4760916384181)",3327.175308591588,-122.1253379,37.4797232,2.0678528953334916
-122.1608372316384,37.47609163841809,57.33286878774061,NA,"c(-122.160837231638, 37.4760916384181)",3164.906451401334,-122.1251391,37.4780297,1.967002145059872
-122.1589977683616,37.476091638418104,57.267145584226,NA,"c(-122.158997768362, 37.4760916384181)",3002.5979219263136,-122.1251391,37.4780297,1.866126738301003
-122.15715830508476,37.47609163841809,57.20142238071139,NA,"c(-122.157158305085, 37.4760916384181)",2840.334771274203,-122.1251391,37.4780297,1.7652795346638923
-122.15531884180793,37.47609163841809,57.135699177196784,NA,"c(-122.155318841808, 37.4760916384181)",2678.125247808503,-122.1251391,37.4780297,1.6644656605397783
-122.15347937853107,37.47609163841809,57.41897550370777,NA,"c(-122.153479378531, 37.4760916384181)",2515.9797239282416,-122.1251391,37.4780297,1.563691562416558
-122.15163991525422,37.47609163841809,58.00115123474097,NA,"c(-122.151639915254, 37.4760916384181)",2353.91142527339,-122.1251391,37.4780297,1.4629654600829023
-122.1498004519774,37.47609163841809,58.15236167004696,NA,"c(-122.149800451977, 37.4760916384181)",2191.9374817076923,-122.1251391,37.4780297,1.3622979998183296
-122.14796098870058,37.47609163841809,58.50944813335536,NA,"c(-122.147960988701, 37.4760916384181)",2030.0804783350732,-122.1251391,37.4780297,1.2617032183561674
-122.14612152542374,37.47609163841809,58.05688194397953,NA,"c(-122.146121525424, 37.4760916384181)",1868.370807070566,-122.1251391,37.4780297,1.1612000043943853
-122.14428206214691,37.47609163841809,57.933428518179426,NA,"c(-122.144282062147, 37.4760916384181)",1706.850343922241,-122.1251391,37.4780297,1.0608143840411692
-122.14244259887008,37.47609163841809,58.04712757347443,NA,"c(-122.14244259887, 37.4760916384181)",1545.578409603018,-122.1251391,37.4780297,0.9605832253592406
-122.18475025423729,37.4776335875706,55.571509189656354,NA,"c(-122.184750254237, 37.4776335875706)",4980.676433335724,-122.1365694,37.4544169,3.0955105241365595
-122.18291079096043,37.47763358757062,55.65618941994035,NA,"c(-122.18291079096, 37.4776335875706)",4842.148773131262,-122.1365694,37.4544169,3.009415023698734
-122.1810713276836,37.4776335875706,55.9275165948784,NA,"c(-122.181071327684, 37.4776335875706)",4705.17090137519,-122.1365694,37.4544169,2.92428272304238
-122.17923186440676,37.4776335875706,56.07411941284954,NA,"c(-122.179231864407, 37.4776335875706)",4569.88218055307,-122.1365694,37.4544169,2.8402002365152703
-122.17739240112994,37.4776335875706,55.83408940033405,NA,"c(-122.17739240113, 37.4776335875706)",4436.437144893391,-122.1365694,37.4544169,2.757263607764693
-122.17555293785308,37.4776335875706,55.87506536619912,NA,"c(-122.175552937853, 37.4776335875706)",4305.007247491576,-122.1365694,37.4544169,2.6755793955820857
-122.17371347457627,37.4776335875706,56.243656423434,NA,"c(-122.173713474576, 37.4776335875706)",4175.782768020803,-122.1365694,37.4544169,2.5952658595530163
-122.17187401129944,37.4776335875706,56.43325666616511,NA,"c(-122.171874011299, 37.4776335875706)",4048.974872135502,-122.1365694,37.4544169,2.5164542399847747
-122.17003454802258,37.4776335875706,56.62980432989207,NA,"c(-122.170034548023, 37.4776335875706)",3924.81780084613,-122.1365694,37.4544169,2.4392901186116407
-122.16819508474578,37.4776335875706,57.00600824359571,NA,"c(-122.168195084746, 37.4776335875706)",3797.830676945752,-122.1253379,37.4797232,2.3603671081079876
-122.16635562146894,37.4776335875706,56.750679099946865,NA,"c(-122.166355621469, 37.4776335875706)",3635.446309255484,-122.1253379,37.4797232,2.2594445675919723
-122.16451615819209,37.4776335875706,56.95274663244345,NA,"c(-122.164516158192, 37.4776335875706)",3473.091633908795,-122.1253379,37.4797232,2.1585404809874422
-122.16267669491523,37.4776335875706,57.20815789531116,NA,"c(-122.162676694915, 37.4776335875706)",3310.771019166649,-122.1253379,37.4797232,2.057657563186233
-122.1608372316384,37.47763358757062,57.08216587653442,NA,"c(-122.160837231638, 37.4776335875706)",3148.489733089464,-122.1253379,37.4797232,1.956799088309176
-122.1589977683616,37.4776335875706,56.982930340335315,NA,"c(-122.158997768362, 37.4776335875706)",2986.254187436935,-122.1253379,37.4797232,1.8559690412908232
-122.15715830508476,37.4776335875706,56.898488705170166,NA,"c(-122.157158305085, 37.4776335875706)",2824.0722652865297,-122.1253379,37.4797232,1.755172321495668
-122.15531884180793,37.4776335875706,57.09993498063056,NA,"c(-122.155318841808, 37.4776335875706)",2661.953767905109,-122.1253379,37.4797232,1.6544150204506582
-122.15347937853107,37.4776335875706,56.9024168476044,NA,"c(-122.153479378531, 37.4776335875706)",2499.911034624962,-122.1253379,37.4797232,1.5537048071006605
-122.15163991525422,37.4776335875706,57.560198375809705,NA,"c(-122.151639915254, 37.4776335875706)",2337.959819072014,-122.1253379,37.4797232,1.4530514723878272
-122.1498004519774,37.4776335875706,57.85903292675812,NA,"c(-122.149800451977, 37.4776335875706)",2176.120554209506,-122.1253379,37.4797232,1.3524677154813585
-122.14796098870058,37.4776335875706,57.564231435067995,NA,"c(-122.147960988701, 37.4776335875706)",2014.42022276049,-122.1253379,37.4797232,1.2519703062526353
-122.18475025423729,37.479175536723154,56.47181259658464,NA,"c(-122.184750254237, 37.4791755367232)",5071.2912925347655,-122.1365694,37.4544169,3.1518280251925206
-122.18291079096043,37.479175536723154,56.59918433388157,NA,"c(-122.18291079096, 37.4791755367232)",4935.310561146246,-122.1365694,37.4544169,3.0673154513028256
-122.1810713276836,37.479175536723154,56.512035964173265,NA,"c(-122.181071327684, 37.4791755367232)",4800.994237725608,-122.1365694,37.4544169,2.9838373136890044
-122.17923186440676,37.479175536723154,56.67387665063143,NA,"c(-122.179231864407, 37.4791755367232)",4668.485983844035,-122.1365694,37.4544169,2.9014828985979086
-122.17739240112994,37.47917553672317,56.49808887157633,NA,"c(-122.17739240113, 37.4791755367232)",4537.944189555877,-122.1365694,37.4544169,2.820350646088177
-122.17555293785308,37.479175536723154,56.470130485984555,NA,"c(-122.175552937853, 37.4791755367232)",4409.543505803747,-122.1365694,37.4544169,2.7405491024261948
-122.17371347457627,37.479175536723154,56.916515233529935,NA,"c(-122.173713474576, 37.4791755367232)",4279.235381891433,-122.1253379,37.4797232,2.659562076999026
-122.17187401129944,37.479175536723154,57.05447670756985,NA,"c(-122.171874011299, 37.4791755367232)",4116.552525839364,-122.1253379,37.4797232,2.5584540247603256
-122.17003454802258,37.479175536723154,57.13740860168218,NA,"c(-122.170034548023, 37.4791755367232)",3953.871073568152,-122.1253379,37.4797232,2.4573468449770988
-122.16819508474578,37.479175536723154,57.29489212144835,NA,"c(-122.168195084746, 37.4791755367232)",3791.1912058594016,-122.1253379,37.4797232,2.356240650005843
-122.16635562146894,37.479175536723154,56.92871443743934,NA,"c(-122.166355621469, 37.4791755367232)",3628.5131358982994,-122.1253379,37.4797232,2.2551355723420135
-122.16451615819209,37.47917553672314,56.965661227251985,NA,"c(-122.164516158192, 37.4791755367231)",3465.837116898673,-122.1253379,37.4797232,2.154031769359026
-122.16267669491523,37.47917553672317,56.746938117394166,NA,"c(-122.162676694915, 37.4791755367232)",3303.1634519505324,-122.1253379,37.4797232,2.052929429428547
-122.1608372316384,37.47917553672317,57.044648325456365,NA,"c(-122.160837231638, 37.4791755367232)",3140.4925069304277,-122.1253379,37.4797232,1.9518287799443303
-122.1589977683616,37.479175536723154,56.75323877013943,NA,"c(-122.158997768362, 37.4791755367232)",2977.824727654841,-122.1253379,37.4797232,1.8507300979831205
-122.15715830508476,37.47917553672317,57.07322999284952,NA,"c(-122.157158305085, 37.4791755367232)",2815.160662965015,-122.1253379,37.4797232,1.749633724651967
-122.15531884180793,37.479175536723154,57.08242332703958,NA,"c(-122.155318841808, 37.4791755367232)",2652.5009963190396,-122.1253379,37.4797232,1.6485400847228338
-122.15347937853107,37.479175536723154,56.99400568676356,NA,"c(-122.153479378531, 37.4791755367232)",2489.8465897469196,-122.1253379,37.4797232,1.5474497139508512
-122.15163991525422,37.479175536723154,57.195034351958384,NA,"c(-122.151639915254, 37.4791755367232)",2327.1985462401376,-122.1253379,37.4797232,1.4463632978496817
-122.18291079096043,37.4807174858757,57.29098101412091,NA,"c(-122.18291079096, 37.4807174858757)",4991.545926220803,-122.12968986529404,37.495793355826734,3.1022659578749554
-122.1810713276836,37.4807174858757,57.16473604590283,NA,"c(-122.181071327684, 37.4807174858757)",4838.380049078912,-122.129483094889,37.49532951374259,3.0070727464753957
-122.17923186440676,37.4807174858757,57.20747007819955,NA,"c(-122.179231864407, 37.4807174858757)",4685.213111693603,-122.12927628466402,37.494865576193774,2.9118788761302694
-122.17739240112994,37.4807174858757,57.166398701869184,NA,"c(-122.17739240113, 37.4807174858757)",4532.0451131020955,-122.12906942983427,37.49440153244282,2.816684346241203
-122.17555293785308,37.4807174858757,57.17388261859014,NA,"c(-122.175552937853, 37.4807174858757)",4378.876055045705,-122.1288625253109,37.49393737106932,2.721489157890432
-122.17371347457627,37.4807174858757,57.57998414659232,NA,"c(-122.173713474576, 37.4807174858757)",4225.705935623294,-122.12865556573392,37.49347308004433,2.6262933098963916
-122.17187401129944,37.4807174858757,57.67374948290444,NA,"c(-122.171874011299, 37.4807174858757)",4072.534756641269,-122.12844854560888,37.49300864703642,2.5310968033817702
-122.17003454802258,37.4807174858757,57.75862864308874,NA,"c(-122.170034548023, 37.4807174858757)",3919.362518083496,-122.12824145931964,37.49254405944039,2.435899638336542
-122.16819508474578,37.4807174858757,57.86373457097216,NA,"c(-122.168195084746, 37.4807174858757)",3766.189218928296,-122.12803430133413,37.49207930483924,2.3407018141257274
-122.16635562146894,37.4807174858757,57.5963284757072,NA,"c(-122.166355621469, 37.4807174858757)",3613.014860116413,-122.12782706640084,37.49161437144467,2.245503331334004
-122.16451615819209,37.4807174858757,57.33741273600026,NA,"c(-122.164516158192, 37.4807174858757)",3459.8394416205533,-122.127619749815,37.49114924869428,2.1503041899444084
-122.16267669491523,37.4807174858757,57.41383582241542,NA,"c(-122.162676694915, 37.4807174858757)",3304.4133710727265,-122.1253379,37.4797232,2.0537062592123845
-122.1608372316384,37.4807174858757,57.56492564808104,NA,"c(-122.160837231638, 37.4807174858757)",3141.810570512775,-122.1253379,37.4797232,1.9526479617854413
-122.1589977683616,37.4807174858757,57.50075232240101,NA,"c(-122.158997768362, 37.4807174858757)",2979.218191732343,-122.1253379,37.4797232,1.8515961415365711
-122.1810713276836,37.482259435028254,57.75959262439574,NA,"c(-122.181071327684, 37.4822594350283)",4781.057059321216,-122.13009389173246,37.49669967897152,2.9714462767689347
-122.17923186440676,37.48225943502826,57.875779908492405,NA,"c(-122.179231864407, 37.4822594350283)",4627.8932830217855,-122.1298871621952,37.496235940552374,2.8762543710514517
-122.17739240112994,37.482259435028254,57.83470853216204,NA,"c(-122.17739240113, 37.4822594350283)",4474.728446951751,-122.12968039215542,37.495772105142336,2.7810618066822568
-122.17555293785308,37.482259435028254,57.79176236629428,NA,"c(-122.175552937853, 37.4822594350283)",4321.562551088998,-122.1294735763818,37.49530816100229,2.685868583647606
-122.17371347457627,37.482259435028254,58.0860881325425,NA,"c(-122.173713474576, 37.4822594350283)",4168.395593443505,-122.12926670925944,37.49484409553211,2.590674700710693
-122.17187401129944,37.48225943502824,58.29336780187805,NA,"c(-122.171874011299, 37.4822594350282)",4015.227576855203,-122.12905978482902,37.4943798953584,2.4954801596365463
-122.17003454802258,37.48225943502824,58.37984868449166,NA,"c(-122.170034548023, 37.4822594350282)",3862.058499301614,-122.12885279692362,37.49391554664126,2.4002849591681876
-122.16819508474578,37.48225943502824,58.026316994364606,NA,"c(-122.168195084746, 37.4822594350282)",3708.8883627634,-122.12864573918452,37.4934510351098,2.3050891005366068
-122.16635562146894,37.48225943502824,58.179621892508294,NA,"c(-122.166355621469, 37.4822594350282)",3555.717165122337,-122.12843860531564,37.49298634663286,2.209892582425318
-122.17923186440676,37.4838013841808,58.54408973878526,NA,"c(-122.179231864407, 37.4838013841808)",4570.5734537179715,-122.13049792769668,37.49760600005733,2.8406298655798454
-122.17739240112994,37.4838013841808,58.503018362454895,NA,"c(-122.17739240113, 37.4838013841808)",4417.411779304287,-122.13029124130207,37.49714237040156,2.7454392661928444
-122.17555293785308,37.4838013841808,58.384370887064506,NA,"c(-122.175552937853, 37.4838013841808)",4264.249044704509,-122.13008451389096,37.49667864260682,2.650248007895904
-122.17371347457627,37.4838013841808,58.58677854164955,NA,"c(-122.173713474576, 37.4838013841808)",4111.085248848075,-122.1298777397241,37.496214803795034,2.5550560900236636
-122.17187401129944,37.483801384180786,58.51002161204701,NA,"c(-122.171874011299, 37.4838013841808)",3957.9203936712,-122.12967091261038,37.49575084007373,2.4598635137794904
